test,strategy,sharpe,ann_mean,ann_vol,max_drawdown,seed
actual,A1_theory_with_dollar_weekly,0.7482049962310096,0.07737382331092398,0.1034125990880642,-0.11152330260776144,
placebo_a_shuffle,A1_theory_with_dollar_weekly,-0.13772776298958056,-0.014312649030608353,0.10391985406523403,-0.148344705366657,0.0
placebo_a_shuffle,A1_theory_with_dollar_weekly,0.8669474913503523,0.08967810005110934,0.10344121292908669,-0.14496025411666924,1.0
placebo_a_shuffle,A1_theory_with_dollar_weekly,0.17250917204544008,0.01788881601105302,0.10369776748068205,-0.12276651875402311,2.0
placebo_a_shuffle,A1_theory_with_dollar_weekly,0.4836629319862703,0.05010804300277922,0.10360116454862336,-0.11843984490476567,3.0
placebo_a_shuffle,A1_theory_with_dollar_weekly,0.21395225285688235,0.022147664153028063,0.10351685414522441,-0.16176515671706648,4.0
placebo_a_shuffle,A1_theory_with_dollar_weekly,0.1501734668672984,0.015580745071270422,0.1037516506497012,-0.1994331692127288,5.0
placebo_a_shuffle,A1_theory_with_dollar_weekly,0.3412287478014589,0.035301358323910445,0.10345364671457942,-0.14123022178934852,6.0
placebo_a_shuffle,A1_theory_with_dollar_weekly,0.25360977367625,0.026227811458741365,0.103417983773066,-0.15645915455288784,7.0
placebo_a_shuffle,A1_theory_with_dollar_weekly,0.6516417141204695,0.06762243005335801,0.10377240834655438,-0.14817456294818876,8.0
placebo_a_shuffle,A1_theory_with_dollar_weekly,-0.8366879842252366,-0.08667312082746362,0.10359073210274668,-0.3136794842537971,9.0
placebo_a_shuffle,A1_theory_with_dollar_weekly,0.570666769382549,0.05929157916033989,0.10389877655657485,-0.16653575277202248,10.0
placebo_a_shuffle,A1_theory_with_dollar_weekly,-1.0108977639129788,-0.10438274620431431,0.10325747066673689,-0.2977574620923298,11.0
placebo_a_shuffle,A1_theory_with_dollar_weekly,0.203346389146739,0.021012756607752595,0.10333479092460969,-0.13333228994442414,12.0
placebo_a_shuffle,A1_theory_with_dollar_weekly,1.3625808775862964,0.14024532965849043,0.1029262423724336,-0.061120742845693465,13.0
placebo_a_shuffle,A1_theory_with_dollar_weekly,0.3414356920273538,0.03542712708209571,0.10375929614077223,-0.19978277307754255,14.0
placebo_a_shuffle,A1_theory_with_dollar_weekly,0.268481042813019,0.027770887959395935,0.10343705338904206,-0.17884388788902816,15.0
placebo_a_shuffle,A1_theory_with_dollar_weekly,-0.5396898494950909,-0.05577331558439678,0.10334327324587582,-0.2939696627307684,16.0
placebo_a_shuffle,A1_theory_with_dollar_weekly,0.0721157799544365,0.0074671453267318375,0.10354384756636698,-0.1332955962894079,17.0
placebo_a_shuffle,A1_theory_with_dollar_weekly,0.8208457602312326,0.08501257184069165,0.10356704750079183,-0.10475183776282748,18.0
placebo_a_shuffle,A1_theory_with_dollar_weekly,0.27173234849105354,0.02811939508251746,0.10348195656007167,-0.14695632390059332,19.0
placebo_a_shuffle,A1_theory_with_dollar_weekly,-0.4791073267315988,-0.049671201574209504,0.1036744771011107,-0.21643018773684197,20.0
placebo_a_shuffle,A1_theory_with_dollar_weekly,0.18044087629448766,0.01876839294939712,0.10401408669045839,-0.17445910040314627,21.0
placebo_a_shuffle,A1_theory_with_dollar_weekly,0.06943272892234563,0.007205715277062084,0.10377980800842554,-0.1870776335895632,22.0
placebo_a_shuffle,A1_theory_with_dollar_weekly,0.42993863234000057,0.04449281644129281,0.10348643525968926,-0.1484998913711919,23.0
placebo_a_shuffle,A1_theory_with_dollar_weekly,-0.14650726021094587,-0.015239838246712866,0.10402104458693757,-0.14828009297822642,24.0
placebo_a_shuffle,A1_theory_with_dollar_weekly,0.18233162351363033,0.018963836384593268,0.10400739059494862,-0.19113816211680645,25.0
placebo_a_shuffle,A1_theory_with_dollar_weekly,-0.15845698433889027,-0.016435294869951968,0.10372086114425841,-0.18029311256055047,26.0
placebo_a_shuffle,A1_theory_with_dollar_weekly,1.281970660549284,0.1326111494122614,0.10344320154366225,-0.0893838482036744,27.0
placebo_a_shuffle,A1_theory_with_dollar_weekly,-0.6043861834609745,-0.06282712863522187,0.10395196044265405,-0.19752593353823955,28.0
placebo_a_shuffle,A1_theory_with_dollar_weekly,0.09790215167297772,0.010105770718134935,0.10322317278471277,-0.14238343313531554,29.0
placebo_a_shuffle,A1_theory_with_dollar_weekly,0.6017530265588728,0.062191058738125166,0.1033498063046978,-0.12418719180048521,30.0
placebo_a_shuffle,A1_theory_with_dollar_weekly,0.3005616480403793,0.03100563437260082,0.10315898443714724,-0.1345300876752481,31.0
placebo_a_shuffle,A1_theory_with_dollar_weekly,0.39909691559584903,0.04151872922263709,0.10403169656335204,-0.12299369955883888,32.0
placebo_a_shuffle,A1_theory_with_dollar_weekly,0.36484486762889046,0.037963567295978655,0.10405399846433934,-0.1292257566608841,33.0
placebo_a_shuffle,A1_theory_with_dollar_weekly,0.1281021462427712,0.01325744478095026,0.10349119956058798,-0.14061724656575292,34.0
placebo_a_shuffle,A1_theory_with_dollar_weekly,0.6275696440659839,0.06508954867343454,0.10371685324312929,-0.10013752981380697,35.0
placebo_a_shuffle,A1_theory_with_dollar_weekly,0.10770927201250918,0.011222003700224562,0.10418790778681761,-0.15602769556705942,36.0
placebo_a_shuffle,A1_theory_with_dollar_weekly,0.7892936021714353,0.08145525630801706,0.1032001983595515,-0.10385684465600409,37.0
placebo_a_shuffle,A1_theory_with_dollar_weekly,-0.17423509345643573,-0.017982707195261575,0.10320944442663509,-0.1908488481288798,38.0
placebo_a_shuffle,A1_theory_with_dollar_weekly,0.8013193078289259,0.08258074334025758,0.10305597598041129,-0.10842379584595507,39.0
placebo_a_shuffle,A1_theory_with_dollar_weekly,0.9597371564166586,0.099028330371039,0.10318276176862638,-0.08892187282628838,40.0
placebo_a_shuffle,A1_theory_with_dollar_weekly,-0.23151039635099016,-0.023998137050995783,0.10365900378232903,-0.1188603047945187,41.0
placebo_a_shuffle,A1_theory_with_dollar_weekly,1.0119165170784714,0.10443175282244033,0.10320194508134699,-0.09608667128463655,42.0
placebo_a_shuffle,A1_theory_with_dollar_weekly,-0.5176303888328527,-0.05358277519147642,0.10351551289771505,-0.2136261342189869,43.0
placebo_a_shuffle,A1_theory_with_dollar_weekly,0.07881232193634945,0.008182730248521612,0.10382551925230885,-0.1649499558121883,44.0
placebo_a_shuffle,A1_theory_with_dollar_weekly,0.6115991319148308,0.06371380714017624,0.10417576450884958,-0.1756154702766125,45.0
placebo_a_shuffle,A1_theory_with_dollar_weekly,0.018529435022995342,0.0019297417626843974,0.10414466281835119,-0.2088571830629875,46.0
placebo_a_shuffle,A1_theory_with_dollar_weekly,0.9384706621471306,0.09660630212114191,0.1029401408245581,-0.08669698275932625,47.0
placebo_a_shuffle,A1_theory_with_dollar_weekly,0.3455935499043924,0.03576985787946966,0.10350267789825737,-0.13723422384818929,48.0
placebo_a_shuffle,A1_theory_with_dollar_weekly,0.051124164840971896,0.005319765330807116,0.1040557894169012,-0.18550754874108222,49.0
placebo_a_shuffle,A1_theory_with_dollar_weekly,-0.16998348035501287,-0.01767044219146564,0.10395387925085822,-0.17877220397731863,50.0
placebo_a_shuffle,A1_theory_with_dollar_weekly,-0.15695026865217954,-0.01631342822876804,0.1039401102582407,-0.20013012586646872,51.0
placebo_a_shuffle,A1_theory_with_dollar_weekly,0.6796407404098681,0.0704213176778571,0.10361550373714856,-0.15554732840336127,52.0
placebo_a_shuffle,A1_theory_with_dollar_weekly,0.5046581177067305,0.05259397463502163,0.10421703880246568,-0.20752223338420128,53.0
placebo_a_shuffle,A1_theory_with_dollar_weekly,0.43055746061552025,0.04450177740050363,0.10335850953989828,-0.11627061732809008,54.0
placebo_a_shuffle,A1_theory_with_dollar_weekly,0.6155381400211466,0.06372564309916656,0.10352834204063666,-0.16677201587281898,55.0
placebo_a_shuffle,A1_theory_with_dollar_weekly,1.2090240451931724,0.12517508035329264,0.10353398747606607,-0.10221962723102196,56.0
placebo_a_shuffle,A1_theory_with_dollar_weekly,0.11122947285641507,0.011539472826384163,0.10374474076021509,-0.1747391949546384,57.0
placebo_a_shuffle,A1_theory_with_dollar_weekly,-0.06478268385900594,-0.006756661328144906,0.10429733573326802,-0.16281437054281833,58.0
placebo_a_shuffle,A1_theory_with_dollar_weekly,-0.4977530349041371,-0.05163940335722651,0.10374502963537292,-0.23272071711859843,59.0
placebo_a_shuffle,A1_theory_with_dollar_weekly,-0.130409690752664,-0.01353311164520923,0.10377381900917342,-0.19443704638395454,60.0
placebo_a_shuffle,A1_theory_with_dollar_weekly,0.12478625693005481,0.012959218084904287,0.10385132468688589,-0.1404568924636621,61.0
placebo_a_shuffle,A1_theory_with_dollar_weekly,0.7643494071774874,0.07923864808881287,0.10366809648144737,-0.09428178224951933,62.0
placebo_a_shuffle,A1_theory_with_dollar_weekly,0.4603751822645823,0.047623299296937774,0.10344454073887975,-0.16900558856721848,63.0
placebo_a_shuffle,A1_theory_with_dollar_weekly,0.27342530730021186,0.02833325326843581,0.10362337542269577,-0.13822183863511905,64.0
placebo_a_shuffle,A1_theory_with_dollar_weekly,-0.18500203415894775,-0.01922358822930443,0.10391014518677208,-0.20296217246383919,65.0
placebo_a_shuffle,A1_theory_with_dollar_weekly,-0.00766569679867435,-0.0007939683034086229,0.10357418565601577,-0.15316050146538174,66.0
placebo_a_shuffle,A1_theory_with_dollar_weekly,-0.002337771455992707,-0.000243798550998021,0.10428673443379641,-0.14108881655881134,67.0
placebo_a_shuffle,A1_theory_with_dollar_weekly,0.3598043918461473,0.03716491883802308,0.10329200999279306,-0.1365833482788561,68.0
placebo_a_shuffle,A1_theory_with_dollar_weekly,-0.18347671925961173,-0.019096377683542796,0.10408065808350452,-0.20276079027600236,69.0
placebo_a_shuffle,A1_theory_with_dollar_weekly,0.6528584968912474,0.0678989431777579,0.10400254190008412,-0.13584148728376855,70.0
placebo_a_shuffle,A1_theory_with_dollar_weekly,0.25430237072244216,0.026428132168825696,0.10392404952319784,-0.1601722927535486,71.0
placebo_a_shuffle,A1_theory_with_dollar_weekly,0.563778074213178,0.05849839708611943,0.10376139080570165,-0.14796136833265716,72.0
placebo_a_shuffle,A1_theory_with_dollar_weekly,-0.13505779442045726,-0.013935927590809439,0.1031849190978537,-0.20464169132437848,73.0
placebo_a_shuffle,A1_theory_with_dollar_weekly,0.07128800523123931,0.0073767199230680945,0.10347771548860119,-0.1668905130240056,74.0
placebo_a_shuffle,A1_theory_with_dollar_weekly,0.04214254387057626,0.004374120710540167,0.1037934663833656,-0.15502033029910467,75.0
placebo_a_shuffle,A1_theory_with_dollar_weekly,0.28908160914786635,0.029891872154975994,0.10340288419968696,-0.12192896415579324,76.0
placebo_a_shuffle,A1_theory_with_dollar_weekly,-0.20552174208643662,-0.02117860125297159,0.10304798430554599,-0.2307062088006917,77.0
placebo_a_shuffle,A1_theory_with_dollar_weekly,-0.32441307944495157,-0.033686889991427174,0.1038394939225728,-0.2697601306029429,78.0
placebo_a_shuffle,A1_theory_with_dollar_weekly,0.48724280542212367,0.05043320110410541,0.10350732846719515,-0.09291073341419354,79.0
placebo_a_shuffle,A1_theory_with_dollar_weekly,0.8301517687921972,0.08561997327624668,0.10313773516475996,-0.12208214735555667,80.0
placebo_a_shuffle,A1_theory_with_dollar_weekly,0.4008611344910422,0.041480779332144266,0.10347917461444796,-0.12751181047068205,81.0
placebo_a_shuffle,A1_theory_with_dollar_weekly,0.11010190878279644,0.011404267044011245,0.1035791946759889,-0.1528079345163721,82.0
placebo_a_shuffle,A1_theory_with_dollar_weekly,-0.3531245295344162,-0.03660109729495463,0.10364926317413306,-0.24274679387071696,83.0
placebo_a_shuffle,A1_theory_with_dollar_weekly,0.2147762210259431,0.022231348216354457,0.10350935550574336,-0.13003861778691295,84.0
placebo_a_shuffle,A1_theory_with_dollar_weekly,0.27260536036359134,0.02829565180844673,0.10379712185669056,-0.13510696268497413,85.0
placebo_a_shuffle,A1_theory_with_dollar_weekly,0.47923446887824755,0.049805121333469184,0.10392641716704747,-0.13006807880339344,86.0
placebo_a_shuffle,A1_theory_with_dollar_weekly,0.9492443378463573,0.09786699389865056,0.10309989746232345,-0.15247425519045044,87.0
placebo_a_shuffle,A1_theory_with_dollar_weekly,0.5362287524011006,0.05540701275103756,0.10332719478942257,-0.14937461477849112,88.0
placebo_a_shuffle,A1_theory_with_dollar_weekly,0.19753874657709028,0.020543877042933884,0.1039992274878415,-0.15692097521682347,89.0
placebo_a_shuffle,A1_theory_with_dollar_weekly,0.013387490440196066,0.0013935766236634229,0.10409543371020427,-0.17450700653445528,90.0
placebo_a_shuffle,A1_theory_with_dollar_weekly,-0.08766323934998203,-0.009057593077116056,0.10332259159343866,-0.16688133845206854,91.0
placebo_a_shuffle,A1_theory_with_dollar_weekly,-0.031015250411089913,-0.003203792189647166,0.10329731816389294,-0.19456797077947563,92.0
placebo_a_shuffle,A1_theory_with_dollar_weekly,-0.43825340638865695,-0.045481772486670034,0.10377962115903182,-0.26312027295769325,93.0
placebo_a_shuffle,A1_theory_with_dollar_weekly,0.6796991851360904,0.0704364509735685,0.10362885893333182,-0.09117728980702,94.0
placebo_a_shuffle,A1_theory_with_dollar_weekly,0.03239119365820951,0.003359064223565473,0.10370300826237448,-0.16194861753524759,95.0
placebo_a_shuffle,A1_theory_with_dollar_weekly,0.49295542985220314,0.05087528922653802,0.10320464314956698,-0.19301562414429385,96.0
placebo_a_shuffle,A1_theory_with_dollar_weekly,0.7846225306470985,0.08109220020442712,0.1033518628856455,-0.1007572034598131,97.0
placebo_a_shuffle,A1_theory_with_dollar_weekly,0.18727426924266974,0.019541131304660425,0.1043449876146042,-0.13296693135341475,98.0
placebo_a_shuffle,A1_theory_with_dollar_weekly,0.3392648979453669,0.03518227287224221,0.10370148248554656,-0.14407298008886682,99.0
placebo_b_random_contracts,A1_theory_with_dollar_weekly,-0.065900165834203,-0.006484590832336655,0.09840022024604789,-0.13611818539450748,
placebo_c_reversed,A1_theory_with_dollar_weekly,-1.1880281747828267,-0.12221802484071907,0.10287468549562026,-0.344980993647132,
actual,A1_gated20_frozen,1.5097042458330223,0.16181687318958904,0.10718448572707165,-0.06412859675986882,
placebo_a_shuffle,A1_gated20_frozen,0.03310685202500705,0.0034292952321049648,0.10358264293792319,-0.1458423403501603,0.0
placebo_a_shuffle,A1_gated20_frozen,0.6051295411458459,0.06278253039726454,0.10375056269502622,-0.09168981013595245,1.0
placebo_a_shuffle,A1_gated20_frozen,0.15204308155514762,0.015613729626573774,0.10269279908609659,-0.14005896489129888,2.0
placebo_a_shuffle,A1_gated20_frozen,0.740264407169931,0.07564789021802829,0.10219036534153259,-0.1030596754842038,3.0
placebo_a_shuffle,A1_gated20_frozen,1.1741419570807736,0.12177921804885893,0.10371762742525116,-0.11666264159782835,4.0
placebo_a_shuffle,A1_gated20_frozen,0.16752405314112973,0.01722364480128467,0.10281296612836072,-0.096684861036749,5.0
placebo_a_shuffle,A1_gated20_frozen,-0.4411091189917055,-0.04529068702736166,0.1026745652660454,-0.16779250268605594,6.0
placebo_a_shuffle,A1_gated20_frozen,0.6272718188804803,0.0649180640071283,0.10349271568263728,-0.15916727313979606,7.0
placebo_a_shuffle,A1_gated20_frozen,0.9859849671677526,0.10206459765819495,0.10351536895270937,-0.11272466353637856,8.0
placebo_a_shuffle,A1_gated20_frozen,0.17055668616634154,0.01831581129856526,0.10738840974373827,-0.14854723024542527,9.0
placebo_a_shuffle,A1_gated20_frozen,0.37739660806852365,0.03890819269549936,0.10309629674370265,-0.13147630984775105,10.0
placebo_a_shuffle,A1_gated20_frozen,0.5030977168308739,0.05217494829899171,0.10370738437783715,-0.1137658612407122,11.0
placebo_a_shuffle,A1_gated20_frozen,0.5009854555595525,0.05154521727840349,0.10288765213918724,-0.15256738668744063,12.0
placebo_a_shuffle,A1_gated20_frozen,0.6323687264792451,0.06489621368632094,0.10262400869763898,-0.131813571791361,13.0
placebo_a_shuffle,A1_gated20_frozen,-0.0753799470705062,-0.007822781785233194,0.10377802173190968,-0.1576714879786003,14.0
placebo_a_shuffle,A1_gated20_frozen,0.5680532630708773,0.05879797085026827,0.10350784807116213,-0.1309641009392546,15.0
placebo_a_shuffle,A1_gated20_frozen,0.08496699028234085,0.00870759124332522,0.10248204878612684,-0.13234919162160952,16.0
placebo_a_shuffle,A1_gated20_frozen,0.7088280817047258,0.07352651828932179,0.1037296915670879,-0.13089810556925774,17.0
placebo_a_shuffle,A1_gated20_frozen,0.6032691396381766,0.06197693833027715,0.10273513803051341,-0.1338297962546937,18.0
placebo_a_shuffle,A1_gated20_frozen,0.673264232512191,0.06961210401365167,0.10339492379374421,-0.11157400250085792,19.0
placebo_a_shuffle,A1_gated20_frozen,0.12637584508066932,0.013028423982231382,0.10309267545483053,-0.1578132747791664,20.0
placebo_a_shuffle,A1_gated20_frozen,0.12283226531507578,0.012625602457721364,0.10278734520881432,-0.15203451442341076,21.0
placebo_a_shuffle,A1_gated20_frozen,0.58285294812813,0.06029090532044797,0.10344102318445178,-0.13220465292209072,22.0
placebo_a_shuffle,A1_gated20_frozen,0.4022342128732368,0.04335865220865776,0.10779454064570619,-0.13860081328235552,23.0
placebo_a_shuffle,A1_gated20_frozen,1.198659446896471,0.12875454130779207,0.10741544784981173,-0.10115729086354264,24.0
placebo_a_shuffle,A1_gated20_frozen,0.9347144007697478,0.09532709100155781,0.1019852598002715,-0.07355910558007117,25.0
placebo_a_shuffle,A1_gated20_frozen,0.8633558298895495,0.08887388583745105,0.10294004251853009,-0.113292367291001,26.0
placebo_a_shuffle,A1_gated20_frozen,0.13928788660021416,0.014452037134930462,0.10375659712901583,-0.15822550981149064,27.0
placebo_a_shuffle,A1_gated20_frozen,0.34466461138041193,0.03717247346088608,0.10785114639999467,-0.11321602066148961,28.0
placebo_a_shuffle,A1_gated20_frozen,-0.4070521557348662,-0.041824104143500136,0.10274875972095897,-0.14621681578293033,29.0
placebo_a_shuffle,A1_gated20_frozen,0.2241548220767865,0.023288772468451326,0.10389592448951877,-0.1129434545550293,30.0
placebo_a_shuffle,A1_gated20_frozen,0.6361598792411272,0.06541509533706374,0.10282807431222664,-0.13272024120627446,31.0
placebo_a_shuffle,A1_gated20_frozen,0.4850882827965711,0.049992586111955145,0.10305873772861314,-0.13131668301127675,32.0
placebo_a_shuffle,A1_gated20_frozen,0.6776324105511474,0.07027717464385887,0.10370987802472352,-0.11440478852933511,33.0
placebo_a_shuffle,A1_gated20_frozen,1.064653513646575,0.11439093397538459,0.10744428352429981,-0.07355826735628856,34.0
placebo_a_shuffle,A1_gated20_frozen,0.7844742341948103,0.08096114230188983,0.10320433581223849,-0.1369293743721307,35.0
placebo_a_shuffle,A1_gated20_frozen,0.8645269183618638,0.09290119582933219,0.1074589973500937,-0.0830430438173615,36.0
placebo_a_shuffle,A1_gated20_frozen,0.12298323700773107,0.012635083785001092,0.10273826004601598,-0.15836024367674495,37.0
placebo_a_shuffle,A1_gated20_frozen,0.37742686420139054,0.03854924368437487,0.10213698954880289,-0.14289000029006838,38.0
placebo_a_shuffle,A1_gated20_frozen,0.5719427076592292,0.06148922313040458,0.10750941013315735,-0.13313615928495792,39.0
placebo_a_shuffle,A1_gated20_frozen,-0.38402798276306005,-0.03988560400611573,0.10386119188279203,-0.14172571587748206,40.0
placebo_a_shuffle,A1_gated20_frozen,0.3713149469473228,0.03956936755048582,0.10656551231184182,-0.1517605805066644,41.0
placebo_a_shuffle,A1_gated20_frozen,0.2372054112676379,0.024466404541879275,0.10314437774049738,-0.13216348955607748,42.0
placebo_a_shuffle,A1_gated20_frozen,1.2563158856001644,0.12926905602586566,0.10289534464026262,-0.073346497342481,43.0
placebo_a_shuffle,A1_gated20_frozen,0.4005891519310959,0.04127220715189547,0.10302876888437201,-0.1480634125375262,44.0
placebo_a_shuffle,A1_gated20_frozen,0.7804705098248407,0.08076186329069213,0.10347843034942773,-0.12164919515370787,45.0
placebo_a_shuffle,A1_gated20_frozen,0.8658667994381883,0.08835563166156465,0.10204298365394492,-0.1326652126636091,46.0
placebo_a_shuffle,A1_gated20_frozen,0.9429409507914043,0.09729775314134471,0.10318541480214995,-0.08003449785633587,47.0
placebo_a_shuffle,A1_gated20_frozen,0.4340239861703499,0.044318822962564945,0.1021114601375286,-0.13112142540865868,48.0
placebo_a_shuffle,A1_gated20_frozen,0.3507518500868229,0.03623838644199763,0.10331630876081596,-0.11391191646010912,49.0
placebo_a_shuffle,A1_gated20_frozen,0.22623959902136798,0.02335365365134234,0.10322531401382401,-0.1568450085995895,50.0
placebo_a_shuffle,A1_gated20_frozen,0.6455705509594916,0.06662631676851802,0.10320532228351088,-0.13105513918800304,51.0
placebo_a_shuffle,A1_gated20_frozen,0.6412116472499296,0.06832228101840637,0.10655184027213391,-0.1307845900042066,52.0
placebo_a_shuffle,A1_gated20_frozen,0.3112739172716208,0.03192803763196478,0.10257215866918926,-0.11514150769687492,53.0
placebo_a_shuffle,A1_gated20_frozen,0.8796374108972359,0.0909954422254869,0.10344653501341076,-0.13265267163869676,54.0
placebo_a_shuffle,A1_gated20_frozen,1.303028440411338,0.13292744281837796,0.10201422984782714,-0.07921586213745313,55.0
placebo_a_shuffle,A1_gated20_frozen,0.5256149739128965,0.05400691101819027,0.10274994758261996,-0.09323902304796217,56.0
placebo_a_shuffle,A1_gated20_frozen,0.2136885268690388,0.022021277376718478,0.10305315731908453,-0.18333924225119258,57.0
placebo_a_shuffle,A1_gated20_frozen,0.4494538423882898,0.04667381298502148,0.10384562013533592,-0.13229762049732563,58.0
placebo_a_shuffle,A1_gated20_frozen,0.4244267997950007,0.04373460706193,0.10304393380213957,-0.15586593066471088,59.0
placebo_a_shuffle,A1_gated20_frozen,1.5377502034523494,0.15479473836841767,0.10066312332191106,-0.07921586213745269,60.0
placebo_a_shuffle,A1_gated20_frozen,0.9520515850093452,0.0981646742701,0.10310856661105862,-0.07374673028102796,61.0
placebo_a_shuffle,A1_gated20_frozen,1.0183694842280104,0.10525086809565637,0.10335233893564996,-0.11329277692535145,62.0
placebo_a_shuffle,A1_gated20_frozen,0.3892246293430069,0.039850775202053934,0.10238502961469882,-0.12346826789564658,63.0
placebo_a_shuffle,A1_gated20_frozen,0.22015595583228492,0.02278822704492986,0.10350947335846757,-0.15871635064975786,64.0
placebo_a_shuffle,A1_gated20_frozen,0.37227199110398707,0.03842307256625178,0.1032123648419175,-0.1316767102104317,65.0
placebo_a_shuffle,A1_gated20_frozen,0.21173925647652383,0.021875936938977585,0.10331545176367915,-0.13230483256445014,66.0
placebo_a_shuffle,A1_gated20_frozen,0.06854679255388212,0.00711250517551825,0.10376131268180595,-0.13125725963001444,67.0
placebo_a_shuffle,A1_gated20_frozen,0.2823166766046378,0.02911645569091039,0.10313402679957759,-0.13086496286365445,68.0
placebo_a_shuffle,A1_gated20_frozen,0.2535342229536679,0.02735277585744009,0.10788593168520162,-0.13231269794544276,69.0
placebo_a_shuffle,A1_gated20_frozen,0.2994645615468082,0.03093709396419826,0.10330803018694618,-0.1319048218470611,70.0
placebo_a_shuffle,A1_gated20_frozen,0.49468379614982483,0.05113284013130897,0.10336469585072557,-0.14437495289246738,71.0
placebo_a_shuffle,A1_gated20_frozen,-0.2908171198584908,-0.030101872165857486,0.10350790964611989,-0.1931868227295206,72.0
placebo_a_shuffle,A1_gated20_frozen,0.760053360577774,0.07780077825701594,0.1023622580891869,-0.07399014221678224,73.0
placebo_a_shuffle,A1_gated20_frozen,0.06426226709295947,0.006624170047492404,0.10308024206351324,-0.1575555717848871,74.0
placebo_a_shuffle,A1_gated20_frozen,0.3234597732000245,0.03336865814506211,0.10316169400275702,-0.1554123412714088,75.0
placebo_a_shuffle,A1_gated20_frozen,1.1219060599060078,0.1157197438939099,0.10314566257321472,-0.11135765752334548,76.0
placebo_a_shuffle,A1_gated20_frozen,0.2755373907265933,0.028508044834690074,0.10346343470668078,-0.09253468902631112,77.0
placebo_a_shuffle,A1_gated20_frozen,0.0449074175727846,0.004651108456084099,0.10357105145370964,-0.15688286635621473,78.0
placebo_a_shuffle,A1_gated20_frozen,0.6943552079628571,0.07170158781292743,0.10326355587263478,-0.1151483416056599,79.0
placebo_a_shuffle,A1_gated20_frozen,0.38364955998988426,0.03964188962823757,0.10332838549139171,-0.1309555787933946,80.0
placebo_a_shuffle,A1_gated20_frozen,0.05113336894425356,0.005255605815802575,0.10278231073591733,-0.1322196116255001,81.0
placebo_a_shuffle,A1_gated20_frozen,0.46758997625577964,0.05037990289842058,0.10774376153620094,-0.1328438364425638,82.0
placebo_a_shuffle,A1_gated20_frozen,0.4681231513993365,0.04833471708171907,0.10325213982097356,-0.11407962066079758,83.0
placebo_a_shuffle,A1_gated20_frozen,0.12222521012164166,0.013170715072879953,0.10775776175612314,-0.15700920984700528,84.0
placebo_a_shuffle,A1_gated20_frozen,0.29245880673538965,0.0302818173884283,0.10354216283124831,-0.13994347834332155,85.0
placebo_a_shuffle,A1_gated20_frozen,0.6414948822769007,0.06546348232311434,0.1020483313767998,-0.1562829362457483,86.0
placebo_a_shuffle,A1_gated20_frozen,0.2525609226571994,0.025831427164959342,0.10227800442438319,-0.13635939673551345,87.0
placebo_a_shuffle,A1_gated20_frozen,0.6968690142258497,0.0721266360977343,0.10350099462789235,-0.13255732215814686,88.0
placebo_a_shuffle,A1_gated20_frozen,0.39832568052503614,0.04119762903207587,0.10342699716918316,-0.15664104700938652,89.0
placebo_a_shuffle,A1_gated20_frozen,0.10202184343548247,0.01104980840490177,0.10830826059215007,-0.13673917255958068,90.0
placebo_a_shuffle,A1_gated20_frozen,0.5680204963400204,0.05893199616522309,0.10374977055395912,-0.07359798852120913,91.0
placebo_a_shuffle,A1_gated20_frozen,-0.06916706511919549,-0.007066985415653517,0.10217269452556636,-0.1590621956153192,92.0
placebo_a_shuffle,A1_gated20_frozen,0.23744314535136699,0.024541020460605436,0.10335535449671447,-0.13066009833352232,93.0
placebo_a_shuffle,A1_gated20_frozen,0.3118664342158048,0.032268892274133515,0.1034702319128199,-0.13250779920568645,94.0
placebo_a_shuffle,A1_gated20_frozen,0.41776184569631525,0.04339455431130698,0.1038739050929316,-0.11378929900589085,95.0
placebo_a_shuffle,A1_gated20_frozen,0.3042706043371316,0.031439645284842166,0.10332790889653955,-0.13135108713565602,96.0
placebo_a_shuffle,A1_gated20_frozen,0.3731843575266292,0.03826600966816616,0.10253915764793443,-0.1583316022734318,97.0
placebo_a_shuffle,A1_gated20_frozen,0.42321971372403466,0.0433488737621745,0.10242640490617749,-0.1561148516086266,98.0
placebo_a_shuffle,A1_gated20_frozen,0.33236932249431805,0.03425070853244409,0.10305014998196656,-0.13812638743097272,99.0
placebo_b_random_contracts,A1_gated20_frozen,0.04370451073829207,0.004343529812160999,0.09938401640440696,-0.16566391005878311,
placebo_c_reversed,A1_gated20_frozen,-1.6711335928981095,-0.17923950936494604,0.1072562421859438,-0.4129096812003432,
actual,b2_oil_tilt,1.369717427064562,0.13955547979967795,0.10188632855373604,-0.10724128319483484,
placebo_a_shuffle,b2_oil_tilt,1.2001286672236933,0.12744806031699366,0.10619533038222016,-0.15572665649689943,0.0
placebo_a_shuffle,b2_oil_tilt,1.445180239853953,0.1494126791688227,0.10338688216766792,-0.09892224361520596,1.0
placebo_a_shuffle,b2_oil_tilt,0.9686249351897771,0.10179230811858901,0.1050894979269199,-0.13793888651815223,2.0
placebo_a_shuffle,b2_oil_tilt,1.1790520418522825,0.1309117340672761,0.11103134503004183,-0.14988593845676568,3.0
placebo_a_shuffle,b2_oil_tilt,1.1800382652419492,0.12821220867201574,0.10865089077914583,-0.13776259348547903,4.0
placebo_a_shuffle,b2_oil_tilt,1.0819926655737238,0.11694388169879519,0.10808195417552668,-0.14910511728857834,5.0
placebo_a_shuffle,b2_oil_tilt,0.8738685476568563,0.09476651145823985,0.10844481325291044,-0.1670275173680814,6.0
placebo_a_shuffle,b2_oil_tilt,1.067044028608254,0.11721919572722554,0.10985413214871236,-0.14922701257149096,7.0
placebo_a_shuffle,b2_oil_tilt,1.0211600605794782,0.11299818345455526,0.11065668137317487,-0.15075719771515328,8.0
placebo_a_shuffle,b2_oil_tilt,1.1593880708892363,0.12229621730081673,0.10548341868570119,-0.1465035621755283,9.0
placebo_a_shuffle,b2_oil_tilt,1.0182171232746033,0.10879395198100861,0.1068474979394625,-0.14932164540651305,10.0
placebo_a_shuffle,b2_oil_tilt,0.9926151198331021,0.1050187511843976,0.10580007203804774,-0.15162784692302478,11.0
placebo_a_shuffle,b2_oil_tilt,1.3693597914556777,0.13720623498746973,0.10019735926495597,-0.09125219847484034,12.0
placebo_a_shuffle,b2_oil_tilt,1.1605948581128225,0.12806349167007391,0.110342976944005,-0.14490142427312336,13.0
placebo_a_shuffle,b2_oil_tilt,1.1300599995354499,0.12084458653667948,0.10693643398258218,-0.1399825377039654,14.0
placebo_a_shuffle,b2_oil_tilt,1.4672866957770996,0.1522863481882708,0.10378772507551254,-0.08676813421867924,15.0
placebo_a_shuffle,b2_oil_tilt,1.2226159038973066,0.128723385008746,0.10528522048373265,-0.14266502067296982,16.0
placebo_a_shuffle,b2_oil_tilt,1.2266134160512676,0.13186150226247623,0.10750045657169376,-0.137180940915141,17.0
placebo_a_shuffle,b2_oil_tilt,1.1154394133232646,0.12282179594081956,0.11011068326417894,-0.14938289605658295,18.0
placebo_a_shuffle,b2_oil_tilt,1.3789038592098422,0.1466758349374051,0.10637132818052684,-0.09794751194378637,19.0
placebo_a_shuffle,b2_oil_tilt,1.0746992765689352,0.1204834940278208,0.11210903054896823,-0.1472688314238646,20.0
placebo_a_shuffle,b2_oil_tilt,1.0224338954578513,0.1082875566934647,0.10591154809570642,-0.1342338787505314,21.0
placebo_a_shuffle,b2_oil_tilt,1.1005649029400122,0.12056042347072753,0.109544128791193,-0.159701995844428,22.0
placebo_a_shuffle,b2_oil_tilt,0.9556938136190457,0.10042164296979847,0.10507721357902196,-0.14034820239645285,23.0
placebo_a_shuffle,b2_oil_tilt,0.9585987481349012,0.10234830511329066,0.10676866135327712,-0.14644091048292707,24.0
placebo_a_shuffle,b2_oil_tilt,1.2770814426728132,0.13986176387673166,0.10951671459888568,-0.14497995149373732,25.0
placebo_a_shuffle,b2_oil_tilt,1.573649947204986,0.15791197984807956,0.10034759009051059,-0.10854287408912144,26.0
placebo_a_shuffle,b2_oil_tilt,1.0559887384555433,0.11229171049267403,0.1063379810819843,-0.14116204141147826,27.0
placebo_a_shuffle,b2_oil_tilt,1.2357398916918656,0.12608357396953832,0.10203083579094938,-0.09970273249574158,28.0
placebo_a_shuffle,b2_oil_tilt,1.1161149092837264,0.1234253434669485,0.11058479950434268,-0.14392028342135477,29.0
placebo_a_shuffle,b2_oil_tilt,1.0658180215159938,0.11327981848040736,0.10628439019944594,-0.1388075456504838,30.0
placebo_a_shuffle,b2_oil_tilt,1.203933389570566,0.13542035480917836,0.11248160071171527,-0.134405876275556,31.0
placebo_a_shuffle,b2_oil_tilt,0.9864863665901473,0.10442957784038738,0.1058601328686932,-0.14951080357269586,32.0
placebo_a_shuffle,b2_oil_tilt,1.3179859357460992,0.13330746840099653,0.1011448337842334,-0.08889801169792277,33.0
placebo_a_shuffle,b2_oil_tilt,0.8805762675099231,0.09588192487061349,0.10888542924481326,-0.1488299384334022,34.0
placebo_a_shuffle,b2_oil_tilt,1.3049078724316192,0.1417489725113517,0.10862757096193375,-0.1439833149798665,35.0
placebo_a_shuffle,b2_oil_tilt,0.8327000454562006,0.08734912981106882,0.10489867304284099,-0.1656258491337309,36.0
placebo_a_shuffle,b2_oil_tilt,0.9459740429956818,0.10150582680930578,0.10730297259305363,-0.1670275173680814,37.0
placebo_a_shuffle,b2_oil_tilt,1.2889769173614858,0.13793692008155153,0.10701271545180661,-0.14249076765126556,38.0
placebo_a_shuffle,b2_oil_tilt,1.1148425319343447,0.11796156808015909,0.1058100715582549,-0.15210994489192253,39.0
placebo_a_shuffle,b2_oil_tilt,1.5143220803908344,0.15770304675051858,0.10414102045571223,-0.08477206424351624,40.0
placebo_a_shuffle,b2_oil_tilt,1.1542517973874507,0.12399539620755923,0.10742491065486066,-0.15593087480025503,41.0
placebo_a_shuffle,b2_oil_tilt,0.9748866270409837,0.10528563338919053,0.10799782299687283,-0.14762867409893699,42.0
placebo_a_shuffle,b2_oil_tilt,1.2002878731518896,0.11716601368267326,0.09761492747152548,-0.09550605722033823,43.0
placebo_a_shuffle,b2_oil_tilt,1.1358293928933858,0.12297549015526564,0.10826933245846077,-0.14957748620201183,44.0
placebo_a_shuffle,b2_oil_tilt,0.9919516296728847,0.10744787579256708,0.10831967263161824,-0.1560412953676651,45.0
placebo_a_shuffle,b2_oil_tilt,1.0274764413572484,0.10858525938043484,0.10568150763340013,-0.13692117039775298,46.0
placebo_a_shuffle,b2_oil_tilt,1.113337352473635,0.1200818969852829,0.10785760193752826,-0.14580674589942866,47.0
placebo_a_shuffle,b2_oil_tilt,1.0175622398561055,0.11307492180094156,0.1111233469285688,-0.1566809087375518,48.0
placebo_a_shuffle,b2_oil_tilt,0.9231292201625183,0.10044943217126978,0.10881405330619423,-0.14412022748690245,49.0
placebo_a_shuffle,b2_oil_tilt,1.181631424057681,0.1288931511549873,0.1090806731530317,-0.15489289248839822,50.0
placebo_a_shuffle,b2_oil_tilt,0.9907743445527687,0.10706454684634083,0.10806148487289435,-0.15848935269084163,51.0
placebo_a_shuffle,b2_oil_tilt,1.40785865741834,0.14868199287205183,0.10560860785890065,-0.10467180989555314,52.0
placebo_a_shuffle,b2_oil_tilt,0.9299006401709766,0.10239376599366062,0.11011258791566586,-0.13585326292725763,53.0
placebo_a_shuffle,b2_oil_tilt,1.1135562164471513,0.12123059795412401,0.10886796388323834,-0.1468547298473577,54.0
placebo_a_shuffle,b2_oil_tilt,0.8641002406667486,0.0922295506770576,0.10673478184185244,-0.16124381542494381,55.0
placebo_a_shuffle,b2_oil_tilt,1.1179952509498898,0.12163815767597987,0.10880024541484556,-0.1411456194491163,56.0
placebo_a_shuffle,b2_oil_tilt,1.2201160708100955,0.1324234290661838,0.10853346844145846,-0.15147702381999395,57.0
placebo_a_shuffle,b2_oil_tilt,1.3451562352940896,0.14527679687333947,0.10799994310071931,-0.1018108660365944,58.0
placebo_a_shuffle,b2_oil_tilt,1.421825691564148,0.1498827624710087,0.10541570838132973,-0.08489584494051305,59.0
placebo_a_shuffle,b2_oil_tilt,1.1290579934250942,0.12528074187571234,0.11096041355294999,-0.1533517733772638,60.0
placebo_a_shuffle,b2_oil_tilt,1.3478196401800944,0.13951669693240903,0.10351288315828885,-0.09159281345108028,61.0
placebo_a_shuffle,b2_oil_tilt,1.0203502128787654,0.10669975492123392,0.10457169859375687,-0.13428677791097343,62.0
placebo_a_shuffle,b2_oil_tilt,1.245837822450265,0.13577935078679318,0.10898637715119908,-0.1346006223973798,63.0
placebo_a_shuffle,b2_oil_tilt,1.2000959926323782,0.12719730565926785,0.10598927622469931,-0.14783822933197888,64.0
placebo_a_shuffle,b2_oil_tilt,1.0660738704113415,0.11067465177904087,0.10381518096521526,-0.14484095950104414,65.0
placebo_a_shuffle,b2_oil_tilt,1.6074451557211673,0.16078738623140587,0.10002667006033553,-0.0841235007352733,66.0
placebo_a_shuffle,b2_oil_tilt,1.2743233628271469,0.12840259313910196,0.10076138983612033,-0.09305899680249241,67.0
placebo_a_shuffle,b2_oil_tilt,1.1745693666305363,0.1231026894274254,0.10480665759278877,-0.15962136709200136,68.0
placebo_a_shuffle,b2_oil_tilt,1.1000838257748213,0.11804476261965728,0.10730524334044717,-0.1541932179329888,69.0
placebo_a_shuffle,b2_oil_tilt,0.8758265637289371,0.09456626099903681,0.107973730091503,-0.16181304216592196,70.0
placebo_a_shuffle,b2_oil_tilt,1.1111726972597118,0.11931171926351032,0.10737459582812614,-0.14566343881888277,71.0
placebo_a_shuffle,b2_oil_tilt,1.0615534100844708,0.1128714736731149,0.10632670254823391,-0.1584333674570183,72.0
placebo_a_shuffle,b2_oil_tilt,1.1483750862663433,0.1198626306071114,0.10437585423140361,-0.15177931578739212,73.0
placebo_a_shuffle,b2_oil_tilt,1.079150809799068,0.1189848186937664,0.11025782273741769,-0.134405876275556,74.0
placebo_a_shuffle,b2_oil_tilt,1.275808959857187,0.1418276260279599,0.1111668208097833,-0.14123012865594164,75.0
placebo_a_shuffle,b2_oil_tilt,1.033783953349643,0.11421387149565092,0.11048137391335759,-0.1497880899429963,76.0
placebo_a_shuffle,b2_oil_tilt,1.348712926260078,0.13707651508951524,0.10163505696473334,-0.09263293064555245,77.0
placebo_a_shuffle,b2_oil_tilt,1.1586971575735046,0.1239708650805199,0.1069916019645155,-0.137958701793773,78.0
placebo_a_shuffle,b2_oil_tilt,1.2650154977947996,0.1326762519145887,0.1048811276588094,-0.09828881979686044,79.0
placebo_a_shuffle,b2_oil_tilt,0.9054328125430124,0.09576535187804971,0.10576748550682814,-0.15096414760020682,80.0
placebo_a_shuffle,b2_oil_tilt,1.2790016306232765,0.14360857400824284,0.11228177554258491,-0.14389432878545072,81.0
placebo_a_shuffle,b2_oil_tilt,1.3582023192052741,0.1362151093841412,0.10029073537721894,-0.09392193781649028,82.0
placebo_a_shuffle,b2_oil_tilt,1.1659586054400808,0.12491419324088562,0.10713432934759967,-0.14859079961443278,83.0
placebo_a_shuffle,b2_oil_tilt,1.32737065775954,0.12936562070822258,0.09746005755964045,-0.09008223391508774,84.0
placebo_a_shuffle,b2_oil_tilt,1.1249140916633085,0.12308040897746332,0.10941316309361497,-0.1554515526312107,85.0
placebo_a_shuffle,b2_oil_tilt,1.1573849223633594,0.12251571280783813,0.10585563233160428,-0.1004251000387274,86.0
placebo_a_shuffle,b2_oil_tilt,1.2549163998906223,0.13585227643540432,0.10825603717287073,-0.15605002487753816,87.0
placebo_a_shuffle,b2_oil_tilt,1.2484460156601562,0.13517663478861253,0.10827591509203824,-0.14673440537414484,88.0
placebo_a_shuffle,b2_oil_tilt,1.0189614097721285,0.11077433558258411,0.1087129841427034,-0.1393295340903442,89.0
placebo_a_shuffle,b2_oil_tilt,1.2014808134773909,0.12682262621661025,0.10555526546408454,-0.14519528570129292,90.0
placebo_a_shuffle,b2_oil_tilt,1.014859286882019,0.10641346361834562,0.10485538733678314,-0.1607960471367863,91.0
placebo_a_shuffle,b2_oil_tilt,1.4208045375687386,0.1481757191933173,0.10429000983264987,-0.10423114858535887,92.0
placebo_a_shuffle,b2_oil_tilt,1.3071765355647806,0.1442693114924703,0.11036712147692973,-0.14777925821605276,93.0
placebo_a_shuffle,b2_oil_tilt,1.1554280686415364,0.1155999601218526,0.1000494650071693,-0.10352849008797527,94.0
placebo_a_shuffle,b2_oil_tilt,1.0554208690525575,0.11702464774961534,0.11087960374960881,-0.14908177836899028,95.0
placebo_a_shuffle,b2_oil_tilt,1.09141155126242,0.11832330996234061,0.1084131002878591,-0.1495028470490788,96.0
placebo_a_shuffle,b2_oil_tilt,1.4781435438166346,0.14618485403671777,0.09889760344875692,-0.0850893711280456,97.0
placebo_a_shuffle,b2_oil_tilt,1.087769806962627,0.11824880880881028,0.10870756666706509,-0.14604691146056892,98.0
placebo_a_shuffle,b2_oil_tilt,1.0560441128462557,0.1150144651894785,0.1089106636648832,-0.15566179310503458,99.0
placebo_b_random_contracts,b2_oil_tilt,1.1049074634155833,0.10280832863776436,0.09304700352005457,-0.12819712584217513,
placebo_c_reversed,b2_oil_tilt,1.1210242074987127,0.11061857742198346,0.09867635032503122,-0.1399922167198434,
actual,pm_timed_min3events,0.8939187741500146,0.08285034336095883,0.09268218294188678,-0.1312050440954009,
placebo_a_shuffle,pm_timed_min3events,0.7069241946181963,0.06563894457299793,0.0928514614052062,-0.1402054484339501,0.0
placebo_a_shuffle,pm_timed_min3events,0.651507392439207,0.06016042975981359,0.09234036398969524,-0.1426065749128188,1.0
placebo_a_shuffle,pm_timed_min3events,0.9382258635181054,0.08933577819982125,0.09521777396418712,-0.1399922167198434,2.0
placebo_a_shuffle,pm_timed_min3events,0.9455856740693289,0.0855908471976846,0.09051622665701385,-0.1334369018714915,3.0
placebo_a_shuffle,pm_timed_min3events,0.9017522470879322,0.08228099552841463,0.09124567839351466,-0.13081622027864515,4.0
placebo_a_shuffle,pm_timed_min3events,0.6885474951201087,0.062442684176508875,0.09068754823603928,-0.1312050440954009,5.0
placebo_a_shuffle,pm_timed_min3events,0.9985532966795074,0.09017123648420049,0.09030187650879247,-0.13081622027864515,6.0
placebo_a_shuffle,pm_timed_min3events,0.9486807726416628,0.0855030563999544,0.09012837496628673,-0.1399922167198434,7.0
placebo_a_shuffle,pm_timed_min3events,0.842113849198034,0.07890823702791787,0.09370257608643315,-0.1399922167198434,8.0
placebo_a_shuffle,pm_timed_min3events,0.7558422063425513,0.06917578208950488,0.09152145978224731,-0.1402054484339501,9.0
placebo_a_shuffle,pm_timed_min3events,0.9089428720827236,0.0828856420186919,0.09118905551101392,-0.1402054484339501,10.0
placebo_a_shuffle,pm_timed_min3events,0.7617160129918158,0.06732646263618283,0.08838787879979387,-0.1402054484339501,11.0
placebo_a_shuffle,pm_timed_min3events,0.8111630984072353,0.07451111565630598,0.09185713181801881,-0.1312050440954009,12.0
placebo_a_shuffle,pm_timed_min3events,0.8596991558419357,0.077292207419976,0.0899061106373669,-0.1402054484339501,13.0
placebo_a_shuffle,pm_timed_min3events,0.8426347332935016,0.07824175932900673,0.09285370782568254,-0.1313754152698854,14.0
placebo_a_shuffle,pm_timed_min3events,0.7288855556603315,0.06530629279195732,0.08959745776933842,-0.13252198017054606,15.0
placebo_a_shuffle,pm_timed_min3events,0.8985491022202249,0.08389994521189295,0.0933726882644305,-0.13081622027864515,16.0
placebo_a_shuffle,pm_timed_min3events,0.9105217250838743,0.083922914872318,0.09217013999812831,-0.13081622027864515,17.0
placebo_a_shuffle,pm_timed_min3events,0.86802105459672,0.07993086598707738,0.09208401750601894,-0.1447660348006018,18.0
placebo_a_shuffle,pm_timed_min3events,0.975816605480711,0.09108718323914045,0.09334457184633446,-0.13081622027864515,19.0
placebo_a_shuffle,pm_timed_min3events,0.8184151205995382,0.07374632422806902,0.09010870201670444,-0.1426065749128188,20.0
placebo_a_shuffle,pm_timed_min3events,0.6992443690244905,0.06276993380685005,0.08976823638125225,-0.13549190343611373,21.0
placebo_a_shuffle,pm_timed_min3events,0.8205263759298539,0.07490740961018588,0.09129189725960699,-0.1312050440954009,22.0
placebo_a_shuffle,pm_timed_min3events,0.8591825522464477,0.07993684316712832,0.09303825241576746,-0.1399922167198434,23.0
placebo_a_shuffle,pm_timed_min3events,0.8601688563533779,0.07618960294730609,0.08857517031052049,-0.13081622027864515,24.0
placebo_a_shuffle,pm_timed_min3events,0.8784736780238698,0.0822422112584032,0.0936194371166674,-0.1402054484339501,25.0
placebo_a_shuffle,pm_timed_min3events,0.903864849299535,0.08441314199738614,0.09339133174921395,-0.13081622027864515,26.0
placebo_a_shuffle,pm_timed_min3events,0.8279882353537247,0.07606348704600074,0.09186542006059503,-0.1402054484339501,27.0
placebo_a_shuffle,pm_timed_min3events,0.9705722341937337,0.08805023873392698,0.09071992339351372,-0.1402054484339501,28.0
placebo_a_shuffle,pm_timed_min3events,0.8913718958100851,0.08171413255600996,0.09167232323579999,-0.13081622027864515,29.0
placebo_a_shuffle,pm_timed_min3events,1.221785464861658,0.11018087342862244,0.09018021297306737,-0.1312050440954009,30.0
placebo_a_shuffle,pm_timed_min3events,0.8801385629090901,0.08165108240688401,0.09277071343971754,-0.1418157756510946,31.0
placebo_a_shuffle,pm_timed_min3events,0.6762280315674043,0.061857524482771216,0.09147435716232277,-0.14195620553560162,32.0
placebo_a_shuffle,pm_timed_min3events,0.6649674695346623,0.06058987925881537,0.09111705765278348,-0.1426065749128188,33.0
placebo_a_shuffle,pm_timed_min3events,0.7379296306319899,0.06808622941011885,0.09226656117847892,-0.1399922167198434,34.0
placebo_a_shuffle,pm_timed_min3events,0.7794417333034976,0.06886872950956381,0.0883564820396239,-0.1402054484339501,35.0
placebo_a_shuffle,pm_timed_min3events,1.1207787361964197,0.10479861151075277,0.0935051746845298,-0.1312050440954009,36.0
placebo_a_shuffle,pm_timed_min3events,1.0472821668824635,0.09554936071777559,0.09123554638785242,-0.1402054484339501,37.0
placebo_a_shuffle,pm_timed_min3events,0.8843034330566666,0.08148773524388582,0.09214906580450202,-0.13193270296307302,38.0
placebo_a_shuffle,pm_timed_min3events,0.9452366631476474,0.08494839129820578,0.08986997078099658,-0.1418157756510946,39.0
placebo_a_shuffle,pm_timed_min3events,0.8824949704992389,0.08010870813700285,0.0907752574404864,-0.1426065749128188,40.0
placebo_a_shuffle,pm_timed_min3events,0.9214806234865678,0.08458666461222275,0.09179429545916627,-0.1402054484339501,41.0
placebo_a_shuffle,pm_timed_min3events,0.7350026802072929,0.06617277788863532,0.09003066202421549,-0.1402054484339501,42.0
placebo_a_shuffle,pm_timed_min3events,0.7362070866995742,0.06727008711572136,0.09137386522220808,-0.13081622027864515,43.0
placebo_a_shuffle,pm_timed_min3events,0.7632902911339308,0.06989726185328499,0.09157362888691645,-0.1402054484339501,44.0
placebo_a_shuffle,pm_timed_min3events,1.146974908757537,0.10430627122134918,0.09094032521978983,-0.1399922167198434,45.0
placebo_a_shuffle,pm_timed_min3events,0.847386508078607,0.07873834142209075,0.09291904068737741,-0.14480030831946455,46.0
placebo_a_shuffle,pm_timed_min3events,0.7777707550846434,0.070517514752983,0.09066619475208823,-0.1426065749128188,47.0
placebo_a_shuffle,pm_timed_min3events,0.955842821238259,0.08929762040278325,0.09342291265744035,-0.14409227798964652,48.0
placebo_a_shuffle,pm_timed_min3events,0.8031473397973353,0.07246353239836119,0.09022445671879645,-0.1402054484339501,49.0
placebo_a_shuffle,pm_timed_min3events,0.8649888895477288,0.0800694878611067,0.09256707089379161,-0.1399922167198434,50.0
placebo_a_shuffle,pm_timed_min3events,0.9396172361208777,0.08687814542986677,0.09246120876681138,-0.13331251865818206,51.0
placebo_a_shuffle,pm_timed_min3events,0.7416582245630124,0.06817727122982205,0.09192545699873055,-0.1402054484339501,52.0
placebo_a_shuffle,pm_timed_min3events,1.010885917968507,0.09226083088085402,0.09126730251249607,-0.1402054484339501,53.0
placebo_a_shuffle,pm_timed_min3events,0.8393120190246255,0.07822352548068941,0.09319957740101696,-0.1402054484339501,54.0
placebo_a_shuffle,pm_timed_min3events,1.0155390789619332,0.09156823855109736,0.09016712448397048,-0.13081622027864515,55.0
placebo_a_shuffle,pm_timed_min3events,0.8349941697074217,0.0728603693733207,0.08725853666601129,-0.1402054484339501,56.0
placebo_a_shuffle,pm_timed_min3events,0.6937224649768574,0.06428086933445873,0.09266078666863288,-0.13081622027864515,57.0
placebo_a_shuffle,pm_timed_min3events,1.027320070505519,0.09501113656296906,0.09248445473883948,-0.1428312796551815,58.0
placebo_a_shuffle,pm_timed_min3events,0.9612760329075182,0.08859653595559897,0.09216555174857106,-0.1402054484339501,59.0
placebo_a_shuffle,pm_timed_min3events,0.9822642714081409,0.08735167851253851,0.08892889729900702,-0.14409227798964652,60.0
placebo_a_shuffle,pm_timed_min3events,0.7889721931208157,0.07131704293123795,0.09039234025364076,-0.1402054484339501,61.0
placebo_a_shuffle,pm_timed_min3events,0.8427245939273872,0.07746406672625965,0.0919209754698749,-0.13081622027864515,62.0
placebo_a_shuffle,pm_timed_min3events,0.8228892492675931,0.07433061160734111,0.09032881602657777,-0.14188599199587104,63.0
placebo_a_shuffle,pm_timed_min3events,0.696163984052376,0.06407930462520028,0.09204627945874785,-0.13081622027864515,64.0
placebo_a_shuffle,pm_timed_min3events,0.9197307475946461,0.08400284076152013,0.09133416598413299,-0.13081622027864515,65.0
placebo_a_shuffle,pm_timed_min3events,0.6593387307305625,0.06110502475357892,0.09267622529298886,-0.15955559200312197,66.0
placebo_a_shuffle,pm_timed_min3events,0.7305273868847397,0.0663450489140024,0.09081801737361848,-0.1402054484339501,67.0
placebo_a_shuffle,pm_timed_min3events,0.8090654963609135,0.07611866887719973,0.09408220869580154,-0.13081622027864515,68.0
placebo_a_shuffle,pm_timed_min3events,0.8953579688845347,0.08393873659538742,0.0937488016105569,-0.1399922167198434,69.0
placebo_a_shuffle,pm_timed_min3events,0.7757595627542091,0.06996541344737814,0.09018955976382326,-0.1402054484339501,70.0
placebo_a_shuffle,pm_timed_min3events,0.8236737743734049,0.07305920825796278,0.08869920414006292,-0.13081622027864515,71.0
placebo_a_shuffle,pm_timed_min3events,0.7774072220928799,0.0707450039688219,0.09100121784097565,-0.1399922167198434,72.0
placebo_a_shuffle,pm_timed_min3events,0.816592266603164,0.07556467878325694,0.0925366083830167,-0.13081622027864515,73.0
placebo_a_shuffle,pm_timed_min3events,0.6391263586468651,0.05570761600637959,0.08716213195200041,-0.13242418577997517,74.0
placebo_a_shuffle,pm_timed_min3events,0.7045750453472926,0.06184885923047007,0.08778179079559098,-0.13081622027864515,75.0
placebo_a_shuffle,pm_timed_min3events,1.090654369838257,0.09789824550184652,0.0897610170638795,-0.1312050440954009,76.0
placebo_a_shuffle,pm_timed_min3events,0.853225716595705,0.07944906929803389,0.09311612127096758,-0.1402054484339501,77.0
placebo_a_shuffle,pm_timed_min3events,0.5069147662967016,0.04669247970574411,0.09211110587063585,-0.15651164406601836,78.0
placebo_a_shuffle,pm_timed_min3events,0.715625428905956,0.06437749324950079,0.08995976197760429,-0.1402054484339501,79.0
placebo_a_shuffle,pm_timed_min3events,0.8650680791556344,0.08192485575750677,0.09470336234978295,-0.1399922167198434,80.0
placebo_a_shuffle,pm_timed_min3events,0.9546678707548637,0.0876958198710242,0.09186003065305047,-0.1402054484339501,81.0
placebo_a_shuffle,pm_timed_min3events,0.7535974420490794,0.06873452413942868,0.09120854225902776,-0.1312050440954009,82.0
placebo_a_shuffle,pm_timed_min3events,0.7902180413047197,0.07207431979619947,0.09120814259972906,-0.1402054484339501,83.0
placebo_a_shuffle,pm_timed_min3events,0.960333389664898,0.08732504725482162,0.090932011939409,-0.1312050440954009,84.0
placebo_a_shuffle,pm_timed_min3events,1.0223385393643012,0.09134910730782063,0.08935308979413246,-0.13193270296307302,85.0
placebo_a_shuffle,pm_timed_min3events,1.1830112138797941,0.10466791081118061,0.0884758399439956,-0.13081622027864515,86.0
placebo_a_shuffle,pm_timed_min3events,0.8717270094371894,0.08045618595258407,0.09229516245519198,-0.1402054484339501,87.0
placebo_a_shuffle,pm_timed_min3events,0.7825707013321901,0.06957573883286883,0.08890664921958907,-0.13081622027864515,88.0
placebo_a_shuffle,pm_timed_min3events,0.8488256128487599,0.07666584486113621,0.09031990046086912,-0.13081622027864515,89.0
placebo_a_shuffle,pm_timed_min3events,0.7442975868627147,0.06998966023992857,0.09403451183409267,-0.1399922167198434,90.0
placebo_a_shuffle,pm_timed_min3events,0.6539405844734275,0.05924440230297908,0.09059600170049767,-0.1402054484339501,91.0
placebo_a_shuffle,pm_timed_min3events,0.9835502003639591,0.0887888489201272,0.09027383542524949,-0.13193270296307302,92.0
placebo_a_shuffle,pm_timed_min3events,0.7093873062496513,0.06446627968433881,0.0908759983670352,-0.1402054484339501,93.0
placebo_a_shuffle,pm_timed_min3events,0.9313758922281687,0.086458532617755,0.09282882812321533,-0.1312050440954009,94.0
placebo_a_shuffle,pm_timed_min3events,0.8125396113364683,0.07327404356496656,0.09017904178781527,-0.14409227798964652,95.0
placebo_a_shuffle,pm_timed_min3events,1.079875638546117,0.09887901599693022,0.09156518812671363,-0.1312050440954009,96.0
placebo_a_shuffle,pm_timed_min3events,0.780637875151039,0.07283228553112223,0.093298426645044,-0.1402054484339501,97.0
placebo_a_shuffle,pm_timed_min3events,0.8511759303265498,0.07837489137212136,0.09207836897132793,-0.1402054484339501,98.0
placebo_a_shuffle,pm_timed_min3events,1.0491411251000515,0.0978338340582165,0.0932513574366714,-0.1312050440954009,99.0
placebo_b_random_contracts,pm_timed_min3events,1.1617695772306047,0.11857014594740736,0.102059950846752,-0.1399922167198434,
placebo_c_reversed,pm_timed_min3events,1.1109091987536672,0.09729604424312789,0.08758235538267632,-0.1399922167198434,
