study,hour,mean,ci_low,ci_high,n_events
FX top 1% -> PM US/MONETARY,-6,-0.1316162330981398,-0.3290716846312506,0.0658392184349709,143
FX top 1% -> PM US/MONETARY,-5,0.1347717269197196,-0.0524291495124065,0.3219726033518458,143
FX top 1% -> PM US/MONETARY,-4,-0.0632015648526932,-0.2134315449425562,0.0870284152371697,146
FX top 1% -> PM US/MONETARY,-3,0.1486452463392727,-0.0487895238823091,0.3460800165608546,145
FX top 1% -> PM US/MONETARY,-2,-0.1271824730429702,-0.3077139167832514,0.0533489706973109,149
FX top 1% -> PM US/MONETARY,-1,0.1701116171447396,-0.0859735230374278,0.4261967573269072,150
FX top 1% -> PM US/MONETARY,0,0.9249942470932736,0.6123436659462287,1.2376448282403183,170
FX top 1% -> PM US/MONETARY,1,0.2964936873184924,0.0761599096504463,0.5168274649865386,161
FX top 1% -> PM US/MONETARY,2,0.1648130266005647,-0.0328586695284205,0.36248472272955,155
FX top 1% -> PM US/MONETARY,3,-0.007268641744437,-0.254220580583688,0.2396832970948139,152
FX top 1% -> PM US/MONETARY,4,0.0119225686780223,-0.1691550716202132,0.1930002089762579,152
FX top 1% -> PM US/MONETARY,5,-0.08155131665112,-0.2591989937061204,0.0960963604038802,146
FX top 1% -> PM US/MONETARY,6,-0.1250758021899322,-0.309589906127283,0.0594383017474184,153
PM US/MONETARY top 1% -> FX dollar basket,-6,-4.796117632153449e-05,-0.0001987410583983,0.0001028187057553,153
PM US/MONETARY top 1% -> FX dollar basket,-5,2.5413633466621666e-05,-8.056350660035546e-05,0.0001313907735335,153
PM US/MONETARY top 1% -> FX dollar basket,-4,-7.873822294120817e-05,-0.0001902269926849,3.27505468025669e-05,157
PM US/MONETARY top 1% -> FX dollar basket,-3,5.871143401598942e-05,-6.065306892937629e-05,0.0001780759369613,157
PM US/MONETARY top 1% -> FX dollar basket,-2,2.2900775951599088e-05,-7.478085292865331e-05,0.0001205824048318,158
PM US/MONETARY top 1% -> FX dollar basket,-1,7.205809626873114e-05,-2.3030435984320303e-05,0.0001671466285217,167
PM US/MONETARY top 1% -> FX dollar basket,0,0.0002139098644979,4.65003234822128e-05,0.0003813194055137,212
PM US/MONETARY top 1% -> FX dollar basket,1,3.907452301460765e-05,-8.551454926910353e-05,0.0001636635952983,168
PM US/MONETARY top 1% -> FX dollar basket,2,-1.267820055384278e-05,-0.0001308795905232,0.0001055231894156,165
PM US/MONETARY top 1% -> FX dollar basket,3,-2.3987664525190115e-06,-9.78369775549564e-05,9.30394446499184e-05,166
PM US/MONETARY top 1% -> FX dollar basket,4,2.9062132514518375e-05,-6.664423720847837e-05,0.0001247685022375,167
PM US/MONETARY top 1% -> FX dollar basket,5,6.490290275594886e-05,-1.9973837071079935e-05,0.0001497796425829,168
PM US/MONETARY top 1% -> FX dollar basket,6,-5.447210722103029e-05,-0.0001848237134859,7.587949904384876e-05,167
FX top 1% -> PM US/FISCAL_POLITICAL,-6,0.0434003458211319,-0.2616263558261222,0.3484270474683862,105
FX top 1% -> PM US/FISCAL_POLITICAL,-5,-0.0783998981449645,-0.4195677906685239,0.2627679943785948,100
FX top 1% -> PM US/FISCAL_POLITICAL,-4,0.1441092022795377,-0.2009232123637552,0.4891416169228307,104
FX top 1% -> PM US/FISCAL_POLITICAL,-3,-0.0826645856763177,-0.4212619824093461,0.2559328110567106,106
FX top 1% -> PM US/FISCAL_POLITICAL,-2,0.0299636085385714,-0.3036088845244825,0.3635361016016253,109
FX top 1% -> PM US/FISCAL_POLITICAL,-1,0.018249976565115,-0.3011643153658682,0.3376642684960984,106
FX top 1% -> PM US/FISCAL_POLITICAL,0,0.11158377490723,-0.0962560005026735,0.3194235503171335,170
FX top 1% -> PM US/FISCAL_POLITICAL,1,0.1684839428675211,-0.0854428909850337,0.4224107767200759,110
FX top 1% -> PM US/FISCAL_POLITICAL,2,0.0729236308199975,-0.2096684332467858,0.355515694886781,106
FX top 1% -> PM US/FISCAL_POLITICAL,3,-0.1283299005642111,-0.47017887312397,0.2135190719955478,109
FX top 1% -> PM US/FISCAL_POLITICAL,4,-0.2314318536881599,-0.6157460456250494,0.1528823382487295,106
FX top 1% -> PM US/FISCAL_POLITICAL,5,0.1075377662066756,-0.2230406591614911,0.4381161915748424,100
FX top 1% -> PM US/FISCAL_POLITICAL,6,-0.1363891636215458,-0.5072896821718997,0.2345113549288079,111
PM US/FISCAL_POLITICAL top 1% -> FX dollar basket,-6,5.438651786240775e-06,-0.0001061517837266,0.0001170290872991,226
PM US/FISCAL_POLITICAL top 1% -> FX dollar basket,-5,3.9214584570420845e-05,-6.601986800994823e-05,0.0001444490371507,226
PM US/FISCAL_POLITICAL top 1% -> FX dollar basket,-4,-0.00013584140376,-0.0002816872559753,1.0004448455226468e-05,225
PM US/FISCAL_POLITICAL top 1% -> FX dollar basket,-3,-3.099614507626741e-05,-0.0001508029245968,8.881063444426897e-05,230
PM US/FISCAL_POLITICAL top 1% -> FX dollar basket,-2,1.997083996679388e-05,-8.104797471601427e-05,0.0001209896546496,228
PM US/FISCAL_POLITICAL top 1% -> FX dollar basket,-1,6.414135750582427e-06,-0.0001043253186783,0.0001171535901795,234
PM US/FISCAL_POLITICAL top 1% -> FX dollar basket,0,-6.846421175459059e-05,-0.0001564481185787,1.951969506957813e-05,297
PM US/FISCAL_POLITICAL top 1% -> FX dollar basket,1,-1.1016781464222155e-05,-0.0001192718279578,9.723826502945328e-05,238
PM US/FISCAL_POLITICAL top 1% -> FX dollar basket,2,6.901784394456232e-06,-8.568280185727404e-05,9.94863706461865e-05,230
PM US/FISCAL_POLITICAL top 1% -> FX dollar basket,3,1.3335813772259056e-05,-9.15624061664824e-05,0.000118234033711,234
PM US/FISCAL_POLITICAL top 1% -> FX dollar basket,4,1.2435763090912337e-05,-9.467349904220256e-05,0.000119545025224,226
PM US/FISCAL_POLITICAL top 1% -> FX dollar basket,5,-3.878483452491063e-05,-0.000152029168413,7.445949936319466e-05,229
PM US/FISCAL_POLITICAL top 1% -> FX dollar basket,6,5.12203232440971e-05,-6.412363515085541e-05,0.000166564281639,228
FX top 1% -> PM GLOBAL/GEOPOLITICS,-6,-0.203489924477861,-0.4187100860085023,0.0117302370527803,138
FX top 1% -> PM GLOBAL/GEOPOLITICS,-5,0.042016455468622,-0.1496257646730168,0.233658675610261,134
FX top 1% -> PM GLOBAL/GEOPOLITICS,-4,0.0581072365753205,-0.1906338725472878,0.3068483456979289,135
FX top 1% -> PM GLOBAL/GEOPOLITICS,-3,-0.008257130789445,-0.2307099534073531,0.214195691828463,135
FX top 1% -> PM GLOBAL/GEOPOLITICS,-2,0.0242606092301913,-0.2119290476285568,0.2604502660889394,138
FX top 1% -> PM GLOBAL/GEOPOLITICS,-1,-0.0670201332836984,-0.2982510466408218,0.1642107800734248,135
FX top 1% -> PM GLOBAL/GEOPOLITICS,0,0.2725897445908932,0.0944383958675937,0.4507410933141926,170
FX top 1% -> PM GLOBAL/GEOPOLITICS,1,0.0876070802904395,-0.1533015956163519,0.3285157561972309,139
FX top 1% -> PM GLOBAL/GEOPOLITICS,2,0.1449421644191683,-0.1083269125625573,0.398211241400894,136
FX top 1% -> PM GLOBAL/GEOPOLITICS,3,-0.1171709968793011,-0.37174509480684,0.1374031010482377,135
FX top 1% -> PM GLOBAL/GEOPOLITICS,4,-0.1680016312391264,-0.3981247089286686,0.0621214464504158,132
FX top 1% -> PM GLOBAL/GEOPOLITICS,5,0.2243568284408998,-0.0174863887040123,0.4662000455858119,127
FX top 1% -> PM GLOBAL/GEOPOLITICS,6,-0.0419519769691299,-0.2963202995581021,0.2124163456198422,136
PM GLOBAL/GEOPOLITICS top 1% -> FX dollar basket,-6,5.708242335620931e-05,-6.357888233557573e-05,0.0001777437290479,160
PM GLOBAL/GEOPOLITICS top 1% -> FX dollar basket,-5,-8.133318605950484e-06,-0.0001554216187538,0.0001391549815419,159
PM GLOBAL/GEOPOLITICS top 1% -> FX dollar basket,-4,6.519204690281573e-05,-6.306806860519711e-05,0.0001934521624108,161
PM GLOBAL/GEOPOLITICS top 1% -> FX dollar basket,-3,-9.1084242694447e-06,-0.0001367092391937,0.0001184923906548,163
PM GLOBAL/GEOPOLITICS top 1% -> FX dollar basket,-2,0.0001156110970343,9.779636069317716e-06,0.0002214425579994,168
PM GLOBAL/GEOPOLITICS top 1% -> FX dollar basket,-1,5.51515235018058e-05,-8.525225682093594e-05,0.0001955553038245,171
PM GLOBAL/GEOPOLITICS top 1% -> FX dollar basket,0,4.225284333154592e-05,-3.798113360797727e-05,0.000122486820271,204
PM GLOBAL/GEOPOLITICS top 1% -> FX dollar basket,1,-0.0001406295122886,-0.0002614134445215,-1.984558005568988e-05,169
PM GLOBAL/GEOPOLITICS top 1% -> FX dollar basket,2,8.829850701220063e-05,-7.455951213569921e-05,0.0002511565261601,166
PM GLOBAL/GEOPOLITICS top 1% -> FX dollar basket,3,-4.245089739712801e-05,-0.0001747788956987,8.98771009044548e-05,159
PM GLOBAL/GEOPOLITICS top 1% -> FX dollar basket,4,0.0001031278252085,-6.127084495204314e-05,0.000267526495369,158
PM GLOBAL/GEOPOLITICS top 1% -> FX dollar basket,5,3.845626758140052e-05,-6.60973135658673e-05,0.0001430098487286,159
PM GLOBAL/GEOPOLITICS top 1% -> FX dollar basket,6,-1.6219690241040013e-05,-0.000157982595429,0.0001255432149469,159
