,base_carry,pm_timed,vix_timed,pm_timed_without_event
2024-01-01,-0.1306900258559507,-0.1306900258559507,-0.04660668343131613,-0.1306900258559507
2024-01-02,0.21972071726699127,0.21972071726699127,0.3839367795572146,0.21972071726699127
2024-01-03,-0.13232805030225503,-0.13232805030225503,0.24701730890035467,-0.13232805030225503
2024-01-04,0.33454578916556343,0.33454578916556343,0.41051077196172514,0.33454578916556343
2024-01-05,1.527303967728888,1.527303967728888,0.9520780158561282,1.527303967728888
2024-01-08,2.265604779909003,2.265604779909003,1.3458149424690813,2.265604779909003
2024-01-09,1.8252130654286658,1.8252130654286658,1.063794742700952,1.8252130654286658
2024-01-10,1.8919866369933924,1.8919866369933924,1.0882702571701763,1.8919866369933924
2024-01-11,1.783823923727268,1.783823923727268,1.0174257753440274,1.783823923727268
2024-01-12,2.027478568226515,2.027478568226515,1.2106855730716015,2.027478568226515
2024-01-15,2.4089775303210548,2.4089775303210548,1.5330841329201261,2.4089775303210548
2024-01-16,2.0967951427530718,2.0967951427530718,1.1886828414942485,2.0967951427530718
2024-01-17,2.3456265325144,2.3456265325144,1.4353009703430786,2.3456265325144
2024-01-18,2.55094898869197,2.55094898869197,1.638797161083838,2.55094898869197
2024-01-19,2.558969615032769,2.558969615032769,1.6467464469928972,2.558969615032769
2024-01-22,2.3482121602900197,2.3482121602900197,1.437863599939515,2.3482121602900197
2024-01-23,1.4518916157735484,1.4518916157735484,0.549515486988672,1.4518916157735484
2024-01-24,2.084931525217315,2.084931525217315,1.1769247463405241,2.084931525217315
2024-01-25,1.8583652845036491,1.8583652845036491,0.9523737264763854,1.8583652845036491
2024-01-26,2.811527506143019,2.811527506143019,1.8970579313733582,2.811527506143019
2024-01-29,2.756163203369577,2.756163203369577,1.8421860730917228,2.756163203369577
2024-01-30,2.948600966122217,2.948600966122217,2.0329121748726475,2.948600966122217
2024-01-31,2.8454924987186603,2.8454924987186603,1.9307208182117064,2.8454924987186603
2024-02-01,3.113037778237948,3.113037778237948,2.1958863838610787,3.113037778237948
2024-02-02,2.558762948815252,2.558762948815252,1.646541618993047,2.558762948815252
2024-02-05,2.822259805780214,2.822259805780214,1.9076947712724834,2.822259805780214
2024-02-06,2.908871652017919,2.908871652017919,1.9935362379611243,2.908871652017919
2024-02-07,2.9773104518079574,2.9773104518079574,2.0613663005632166,2.9773104518079574
2024-02-08,3.084007662273769,3.084007662273769,2.167114479776888,3.084007662273769
2024-02-09,3.1488110284415116,3.1488110284415116,2.2313414445610524,3.1488110284415116
2024-02-12,3.342394373916968,3.342394373916968,2.423202939540614,3.342394373916968
2024-02-13,2.7243411121014915,2.7243411121014915,1.8106470272658548,2.7243411121014915
2024-02-14,3.843627138811989,3.843627138811989,2.8507793586992625,3.843627138811989
2024-02-15,4.096332417856985,4.096332417856985,2.850431495636885,4.096332417856985
2024-02-16,4.046878004294463,4.046878004294463,2.8211553124646516,4.046878004294463
2024-02-19,3.986418058508079,3.986418058508079,2.7897072394918565,3.986418058508079
2024-02-20,3.4993391408983276,3.4993391408983276,2.5446781833488252,3.4993391408983276
2024-02-21,3.5732202248330847,3.5732202248330847,2.5852308378184086,3.5732202248330847
2024-02-22,3.344366672022825,3.344366672022825,2.455006597542564,3.344366672022825
2024-02-23,3.349909945757812,3.349909945757812,2.4430087580208815,3.349909945757812
2024-02-26,3.343118131188505,3.343118131188505,2.429926559950224,3.343118131188505
2024-02-27,3.265952918613424,3.265952918613424,2.3566572372943684,3.265952918613424
2024-02-28,3.827820951476424,3.827820951476424,2.855747646537643,3.827820951476424
2024-02-29,3.8614846463468577,3.8614846463468577,2.8944725018683837,3.8614846463468577
2024-03-01,3.730945223097226,3.730945223097226,2.7651484782256874,3.730945223097226
2024-03-04,4.590365667114615,4.590365667114615,3.616567207176069,4.590365667114615
2024-03-05,5.0415257879421915,5.0415257879421915,4.06352675916497,5.0415257879421915
2024-03-06,5.883300886180609,5.883300886180609,4.897464430991794,5.883300886180609
2024-03-07,5.652731594100002,5.652731594100002,4.6690418760423125,5.652731594100002
2024-03-08,4.480653270259927,4.480653270259927,3.507876297935586,4.480653270259927
2024-03-11,4.115534845424684,4.115534845424684,3.1461573426167844,4.115534845424684
2024-03-12,3.682331943808337,3.682331943808337,2.7169878174567064,3.682331943808337
2024-03-13,4.024756606704716,4.024756606704716,3.0562243032466574,4.024756606704716
2024-03-14,3.9841719218840943,3.9841719218840943,3.016017485960232,3.9841719218840943
2024-03-15,4.925259562798723,4.925259562798723,3.9483430416718424,4.925259562798723
2024-03-18,4.790477212099686,4.790477212099686,3.8148155947557827,4.790477212099686
2024-03-19,6.385265885822888,6.385265885822888,5.3947558381814975,6.385265885822888
2024-03-20,6.8473218920350964,6.8473218920350964,5.85250982838692,6.8473218920350964
2024-03-21,5.791686805570007,5.791686805570007,4.8067033319157515,5.791686805570007
2024-03-22,7.268467276270929,7.268467276270929,6.269734098818791,7.268467276270929
2024-03-25,7.702375814607421,7.702375814607421,6.699602690801809,7.702375814607421
2024-03-26,8.34538520191257,8.34538520191257,7.336625278585895,8.34538520191257
2024-03-27,9.427455866450952,9.427455866450952,8.408621222188462,9.427455866450952
2024-03-28,8.865958490836846,8.865958490836846,7.852351720825923,8.865958490836846
2024-03-29,9.256073783300778,9.256073783300778,8.238834808080743,9.256073783300778
2024-04-01,9.272466723924545,9.272466723924545,8.255075120685351,9.272466723924545
2024-04-02,9.773280348524205,9.773280348524205,8.751225872818292,9.773280348524205
2024-04-03,9.00116154476569,9.00116154476569,7.986295953974687,9.00116154476569
2024-04-04,8.819349734945225,8.819349734945225,7.8061769201500875,8.819349734945225
2024-04-05,10.035340732405839,10.035340732405839,8.944636487333346,10.035340732405839
2024-04-08,10.351337380166935,10.351337380166935,9.022538824905023,10.351337380166935
2024-04-09,10.036340131004252,10.036340131004252,8.904727639810805,10.036340131004252
2024-04-10,9.900426102541537,9.900426102541537,8.841590011902811,9.900426102541537
2024-04-11,10.278167123993276,10.278167123993276,8.970629634984363,10.278167123993276
2024-04-12,10.264483892170361,10.264483892170361,8.906526410602966,10.264483892170361
2024-04-15,10.343735261501807,10.343735261501807,8.880042750217566,10.343735261501807
2024-04-16,9.502318217461681,9.502318217461681,8.883299623791462,9.502318217461681
2024-04-17,9.556951399961866,9.556951399961866,8.889630627910483,9.556951399961866
2024-04-18,7.3960888889169185,7.3960888889169185,8.238912044117242,7.3960888889169185
2024-04-19,7.75683125730573,7.75683125730573,8.33651443780743,7.75683125730573
2024-04-22,7.311312490521571,7.311312490521571,8.1253812789424,7.311312490521571
2024-04-23,8.098629657658973,8.098629657658973,8.556406557168629,8.098629657658973
2024-04-24,6.629013684438934,6.629013684438934,7.660784509480578,6.629013684438934
2024-04-25,6.191932411765744,6.191932411765744,7.319391901243577,6.191932411765744
2024-04-26,7.152573678778595,7.152573678778595,8.059652336840495,7.152573678778595
2024-04-29,7.984499738686268,7.984499738686268,8.754561382771664,7.984499738686268
2024-04-30,7.870366851609023,7.870366851609023,8.625904300178956,7.870366851609023
2024-05-01,8.3432771438956,8.3432771438956,9.103391236341562,8.3432771438956
2024-05-02,7.748238854071787,7.748238854071787,8.504178280571107,7.748238854071787
2024-05-03,6.7666944099708415,6.7666944099708415,7.515747523041294,6.7666944099708415
2024-05-06,6.983133188745683,6.983133188745683,7.733704791659113,6.983133188745683
2024-05-07,7.158334928912202,7.158334928912202,7.910135711108657,7.158334928912202
2024-05-08,7.208082564426643,7.208082564426643,7.960232365776099,7.208082564426643
2024-05-09,7.492415941430153,7.492415941430153,8.246560567124138,7.492415941430153
2024-05-10,7.582559049351034,7.582559049351034,8.337336100503023,7.582559049351034
2024-05-13,7.448610320050486,7.448610320050486,8.202447614537455,7.448610320050486
2024-05-14,7.647514117960785,7.647514117960785,8.402746880480638,7.647514117960785
2024-05-15,8.085203897844618,8.085203897844618,8.843507401610061,8.085203897844618
2024-05-16,6.47181809344457,6.47181809344457,7.218802415080727,6.47181809344457
2024-05-17,6.936268329839956,6.936268329839956,7.686511138566687,6.936268329839956
2024-05-20,7.285278189674527,7.285278189674527,8.037969579613268,7.285278189674527
2024-05-21,7.482804247203978,7.482804247203978,8.23688143923318,7.482804247203978
2024-05-22,8.141109563451643,8.141109563451643,8.899805289839424,8.141109563451643
2024-05-23,7.378836966108127,7.378836966108127,8.132184745130822,7.378836966108127
2024-05-24,7.459753036246397,7.459753036246397,8.213668505732574,7.459753036246397
2024-05-27,7.244342309629581,7.244342309629581,7.996746501874741,7.244342309629581
2024-05-28,6.7847539108154775,6.7847539108154775,7.5339337256200345,6.7847539108154775
2024-05-29,6.763063218645438,6.763063218645438,7.512090856026266,6.763063218645438
2024-05-30,7.757991642522799,7.757991642522799,8.513999492574875,7.757991642522799
2024-05-31,8.128236734668114,8.04661793033732,8.886842147943463,8.128236734668114
2024-06-03,4.631972994033373,7.577546581835026,5.366049341821477,4.631972994033373
2024-06-04,3.2695882060312043,7.577546581835026,3.99410634306554,3.2695882060312043
2024-06-05,4.34724666609958,7.577546581835026,5.079325432680437,4.34724666609958
2024-06-06,2.774165925112415,7.577546581835026,3.4952082815781216,2.774165925112415
2024-06-07,1.756315861490454,7.577546581835026,2.4702171917868387,1.756315861490454
2024-06-10,2.798765081487753,7.577546581835026,3.51998002056233,2.798765081487753
2024-06-11,1.300778030908667,7.577546581835026,2.01148340171593,1.300778030908667
2024-06-12,-0.16473440732787115,7.577546581835026,0.5356892303961525,-0.16473440732787115
2024-06-13,-0.7345464595605922,7.577546581835026,-0.03812050570183301,-0.7345464595605922
2024-06-14,0.21143252451114591,7.577546581835026,0.9144952718646682,0.21143252451114591
2024-06-17,0.2962142284341551,7.577546581835026,0.9998717867407247,0.2962142284341551
2024-06-18,0.650528266864292,7.577546581835026,1.3566716194062023,0.650528266864292
2024-06-19,0.13727540488355228,7.577546581835026,0.8398178811767076,0.13727540488355228
2024-06-20,0.3156996061417283,7.577546581835026,1.019493869840482,0.3156996061417283
2024-06-21,2.1372592247167477,7.577546581835026,2.853833175100351,2.1372592247167477
2024-06-24,3.590348519668396,7.577546581835026,4.3171170449235685,3.590348519668396
2024-06-25,2.770201563675556,7.577546581835026,3.491216106998851,2.770201563675556
2024-06-26,2.0842717573138936,7.577546581835026,2.8004739585520078,2.0842717573138936
2024-06-27,1.4006014194437144,7.577546581835026,2.1120071305616994,1.4006014194437144
2024-06-28,0.8198989897014064,7.495346815998727,1.5272306123110813,0.8198989897014064
2024-07-01,1.286728980526597,7.595586442712565,1.997335786093224,1.286728980526597
2024-07-02,1.8531913501127928,8.197332115288036,2.56777233886194,1.8531913501127928
2024-07-03,2.156344146223854,8.519367422456359,2.8730519924815123,2.156344146223854
2024-07-04,2.0006546887892718,8.35398051891798,2.716270249916186,2.0006546887892718
2024-07-05,2.1984491349535062,8.564095009181006,2.9154523811302013,2.1984491349535062
2024-07-08,3.008450759252179,9.42454929241412,3.731136809805524,3.008450759252179
2024-07-09,3.2841350958503046,9.717405209155672,4.008755290864108,3.2841350958503046
2024-07-10,3.3977275393419326,9.838072997482517,4.12314467551691,3.3977275393419326
2024-07-11,3.0583309219208266,9.47753634617927,3.781366921410334,3.0583309219208266
2024-07-12,3.905674964442829,10.377658998885565,4.63465575501536,3.905674964442829
2024-07-15,3.7999722065596098,10.265372321869437,4.52821140837838,3.7999722065596098
2024-07-16,3.6585848580821922,10.115178364298405,4.385832115417609,3.6585848580821922
2024-07-17,3.6820110023179087,10.140063655318299,4.409422612650893,3.6820110023179087
2024-07-18,3.399147311039119,9.839581202653225,4.066455215106002,3.399147311039119
2024-07-19,3.7254966650259957,10.186257914211062,4.331145725112107,3.7254966650259957
2024-07-22,4.190220429378488,10.679927978025482,4.442439194890868,4.190220429378488
2024-07-23,3.709174012224037,10.168918570565499,4.284631399322314,3.709174012224037
2024-07-24,2.807700051543649,9.211294403623649,3.931644475350482,2.807700051543649
2024-07-25,2.986568916108423,9.401304492535578,3.990399608955575,2.986568916108423
2024-07-26,3.144879869048278,9.569476176953806,4.027433504521261,3.144879869048278
2024-07-29,2.4513442172312994,8.832742194849153,3.795613323636271,2.4513442172312994
2024-07-30,2.0180380921891006,8.372446684248768,3.6079478776493534,2.0180380921891006
2024-07-31,1.6836608002221976,8.017241997668133,3.4748877469578554,1.6836608002221976
2024-08-01,1.1766154287792707,7.478614236236969,3.186891974117523,1.1766154287792707
2024-08-02,-0.4615896798535801,5.7383700685070815,2.1368761546050496,-0.4615896798535801
2024-08-05,-0.6510007418941921,5.537161139122904,2.208808077925606,-0.6510007418941921
2024-08-06,-0.7855922446273866,5.394186320876293,2.1741916319258925,-0.7855922446273866
2024-08-07,-0.33757855919852586,5.870105483270671,2.276899286932621,-0.33757855919852586
2024-08-08,1.2392448046776083,7.545144614857624,2.7758512592229057,1.2392448046776083
2024-08-09,0.6858021314118945,6.957229597838022,2.582542237473784,0.6858021314118945
2024-08-12,0.681852217938439,6.9530336556760775,2.5532492593446587,0.681852217938439
2024-08-13,0.8462540522033324,7.127675604804384,2.6484661812409716,0.8462540522033324
2024-08-14,1.3860956772090427,7.701142403597383,3.001427383552291,1.3860956772090427
2024-08-15,1.6279163308958289,7.958025366541044,3.1646846921515204,1.6279163308958289
2024-08-16,1.3492397660937794,7.661990844353239,2.966655329565726,1.3492397660937794
2024-08-19,-0.0012959145618496315,6.227334201429291,1.8506053893972974,-0.0012959145618496315
2024-08-20,-0.5145474007002604,5.682113764364205,1.3673580628870807,-0.5145474007002604
2024-08-21,-1.4507454789458363,4.68760261498411,0.39960368335458796,-1.4507454789458363
2024-08-22,-1.8038734174586901,4.312479358304544,0.039845456379516975,-1.8038734174586901
2024-08-23,-1.4743968934588847,4.662478022252725,0.3755081926763548,-1.4743968934588847
2024-08-26,-2.1291702004976654,3.966920779295302,-0.2915590606338947,-2.1291702004976654
2024-08-27,-2.7910419456421365,3.2638229570487898,-0.9658580314852561,-2.7910419456421365
2024-08-28,-2.8978650334246625,3.150346168023521,-1.0746868169461021,-2.8978650334246625
2024-08-29,-3.7743618016277014,2.2192549506530934,-1.9676405849375689,-3.7743618016277014
2024-08-30,-3.9612248920484205,2.020752698673167,-2.1580121946718545,-3.9612248920484205
2024-09-02,-3.7465680118779487,2.2487799351963877,-1.9393249422744674,-3.7465680118779487
2024-09-03,-3.3729236484892455,2.6456975255309656,-1.5586650764534582,-3.3729236484892455
2024-09-04,-3.29842058040819,2.724841174285819,-1.5356178381814578,-3.29842058040819
2024-09-05,-3.0683987742003094,2.9691903736592806,-1.5352189764578195,-3.0683987742003094
2024-09-06,-3.3484674196251896,2.67167706217204,-1.6374272385342503,-3.3484674196251896
2024-09-09,-3.5951347249689625,2.4096455636545056,-1.7681237793402471,-3.5951347249689625
2024-09-10,-4.150344169906672,1.819853727864329,-2.0519729303026812,-4.150344169906672
2024-09-11,-3.8399809853022937,2.14954853777527,-1.8754951111223939,-3.8399809853022937
2024-09-12,-2.9366045282477327,3.109193702089086,-1.3138226404652231,-2.9366045282477327
2024-09-13,-2.4999397775695487,3.573057037404337,-0.9867703440565978,-2.4999397775695487
2024-09-16,-3.182529674100043,2.847950590031645,-1.5330023659827496,-3.182529674100043
2024-09-17,-2.382671017005633,3.6976301299632697,-0.8505414542159473,-2.382671017005633
2024-09-18,-2.405613460796485,3.67325866769026,-0.8811795662380439,-2.405613460796485
2024-09-19,-2.3937060092730444,3.6287718088819254,-0.8591575112294803,-2.447491836669402
2024-09-20,-2.208833389732412,3.8359887361781864,-0.6713783578061849,-2.252425055129914
2024-09-23,-2.5774340916324467,3.698850531407749,-1.0457741332650317,-2.3815221736892767
2024-09-24,-2.8956070763420994,3.5654317014818027,-1.3689493760857374,-2.507118002611153
2024-09-25,-3.658498896945228,3.154231816482933,-2.143835243892289,-2.8942072196105784
2024-09-26,-4.336266281021128,2.8017525497990414,-2.8322583641787524,-3.226018896429461
2024-09-27,-4.933134026944708,2.4118344073005726,-3.438509956835867,-3.5930742239717373
2024-09-30,-5.096990957681946,2.21973142212033,-3.60494301659795,-3.7739132680217558
2024-10-01,-4.889974050533741,2.17567739023814,-3.394671427083018,-3.8153841957361267
2024-10-02,-3.390056283500553,2.17567739023814,-1.871172224237827,-3.8153841957361267
2024-10-03,-3.0593244402521647,2.17567739023814,-1.5352406747762282,-3.8153841957361267
2024-10-04,-1.3394819385433965,2.17567739023814,0.21164087964076206,-3.8153841957361267
2024-10-07,-1.9762120583731835,2.17567739023814,-0.43509979595438564,-3.8153841957361267
2024-10-08,-1.9362971502328574,2.17567739023814,-0.39455735284851245,-3.8153841957361267
2024-10-09,-2.28713391127352,2.17567739023814,-0.7509099059831215,-3.8153841957361267
2024-10-10,-1.4969674973255298,2.17567739023814,0.05167936139114371,-3.8153841957361267
2024-10-11,-1.5792390431157655,2.17567739023814,-0.03188564275984351,-3.8153841957361267
2024-10-14,-1.2736192257226664,2.17567739023814,0.2785390741185001,-3.8153841957361267
2024-10-15,-1.5770305890542846,2.17567739023814,-0.029642467783097537,-3.8153841957361267
2024-10-16,-2.434524225969914,2.17567739023814,-0.9006174645456277,-3.8153841957361267
2024-10-17,-1.4970629253133416,2.17567739023814,0.05158243310177113,-3.8153841957361267
2024-10-18,-1.6191344510665617,2.17567739023814,-0.0724082790977354,-3.8153841957361267
2024-10-21,-1.5014180876874894,2.17567739023814,0.047158799652580186,-3.8153841957361267
2024-10-22,-1.5050168011402132,2.17567739023814,0.04350350787791779,-3.8153841957361267
2024-10-23,-1.710672854072448,2.17567739023814,-0.16538583231723303,-3.8153841957361267
2024-10-24,-1.4715548077728124,2.17567739023814,0.0774915846520674,-3.8153841957361267
2024-10-25,-1.6769864875260998,2.17567739023814,-0.13116985480959853,-3.8153841957361267
2024-10-28,-2.1750676522766743,2.17567739023814,-0.6370817615340862,-3.8153841957361267
2024-10-29,-2.472609720702823,2.17567739023814,-0.939301732537412,-3.8153841957361267
2024-10-30,-2.9773028328111018,2.17567739023814,-1.4519295384599284,-3.8153841957361267
2024-10-31,-2.9214190473192514,2.17567739023814,-1.395167158201427,-3.8153841957361267
2024-11-01,-3.493301492592793,2.17567739023814,-1.9760406358312887,-3.8153841957361267
2024-11-04,-3.5468871871345065,2.17567739023814,-2.030468794969431,-3.8153841957361267
2024-11-05,-2.972817124606286,2.17567739023814,-1.447373306762123,-3.8153841957361267
2024-11-06,-1.937368956701957,2.17567739023814,-0.39564601006503164,-3.8153841957361267
2024-11-07,-1.0902266189879217,2.17567739023814,0.464814946242309,-3.8153841957361267
2024-11-08,-1.1545667104766233,2.17567739023814,0.3994633114737578,-3.8153841957361267
2024-11-11,-0.90043016421546,2.17567739023814,0.6575953465442819,-3.8153841957361267
2024-11-12,-2.056808438782687,2.17567739023814,-0.5169632980775218,-3.8153841957361267
2024-11-13,-2.633183782833448,2.17567739023814,-1.1024003110264635,-3.8153841957361267
2024-11-14,-2.711020098602479,2.17567739023814,-1.1814603552721459,-3.8153841957361267
2024-11-15,-1.8492887138991887,2.17567739023814,-0.30618098561782103,-3.8153841957361267
2024-11-18,-1.5592640422594228,2.17567739023814,-0.011596598553320625,-3.8153841957361267
2024-11-19,-1.3728433769218285,2.17567739023814,0.1777549387629307,-3.8153841957361267
2024-11-20,-1.4748682552821912,2.17567739023814,0.07412604372034615,-3.8153841957361267
2024-11-21,-1.6523243381628139,2.17567739023814,-0.1061199715951644,-3.8153841957361267
2024-11-22,-1.164842174488212,2.17567739023814,0.38902629847570314,-3.8153841957361267
2024-11-25,-1.1123684920852583,2.17567739023814,0.44232496262139875,-3.8153841957361267
2024-11-26,-2.100338881569108,2.17567739023814,-0.561178118611183,-3.8153841957361267
2024-11-27,-1.9902402066942049,2.17567739023814,-0.44934849228573936,-3.8153841957361267
2024-11-28,-1.701912225492419,2.17567739023814,-0.15648747071937974,-3.8153841957361267
2024-11-29,-2.018384719814903,2.0673874840039907,-0.4779354883506559,-3.91732453313004
2024-12-02,-1.9090034178351534,1.8220574019996327,-0.36683451332724104,-4.1482697080046265
2024-12-03,-0.6560913504605304,3.122626148255714,0.9057756109303927,-2.9239596923450017
2024-12-04,-0.8192055477008631,2.9533076202236996,0.7400969617868958,-3.083350243827254
2024-12-05,-0.5946029353400273,3.186453381662546,0.9682307357907316,-2.863874962985802
2024-12-06,0.04276042216182496,3.8480599575435814,1.6156146047060727,-2.2410616287355523
2024-12-09,0.4169483986517397,4.23648082132162,1.9956854968752102,-1.8754157871116006
2024-12-10,0.974531240936849,4.8152722920145274,2.5620345557451296,-1.3305617018603666
2024-12-11,1.3487256984973994,5.20369988338194,2.942112030879107,-0.9649095271186292
2024-12-12,1.330145364107338,5.184412813816608,2.9232395798327815,-0.9830657011075439
2024-12-13,2.4928995007459376,6.391394316405963,4.104274326676105,0.15314455043811126
2024-12-16,2.7303067256602587,6.637831735997546,4.345414025035765,0.3851321342608349
2024-12-17,2.2048642049810496,6.092403099667654,3.8117105920941308,-0.12831534339735606
2024-12-18,1.59948729878312,5.463999635124406,3.196816059684049,-0.7198724277346802
2024-12-19,2.143938696412917,6.029160183938109,3.6081068185649823,-0.18785001649332944
2024-12-20,2.6197476119798946,6.523067315085096,3.681127784915006,0.2770969147701363
2024-12-23,2.229555039020159,6.118033092311537,3.5265375995463533,-0.10418816304991196
2024-12-24,2.904229149660953,6.818369600400387,3.7672015478096954,0.5550841773423354
2024-12-25,2.904229149660953,6.818369600400387,3.7557568367603267,0.5550841773423354
2024-12-26,3.3364974127142455,7.2670799349600745,3.942942152620721,0.9774844220912682
2024-12-27,2.9819655074048823,6.8990627950484384,3.7074128874693635,0.6310459338335406
2024-12-30,2.307896121059816,6.124430824252958,3.217175748910517,-0.09816556154121914
2024-12-31,1.8102340408827855,5.948837371208104,2.8220277371731717,-0.26346310837673803
2025-01-01,1.802847416860609,5.94209378230941,2.8149563750740736,-0.2698112875513692
2025-01-02,2.9835015397443154,6.426442590013592,3.91101426171383,0.1861377716983359
2025-01-03,3.214657694216849,6.532356674759909,4.141882198323588,0.28584159368207906
2025-01-06,3.897394682065558,6.9407702133532645,4.830752524974513,0.670307841445017
2025-01-07,3.3691973595009417,6.61748983408883,4.29781016414279,0.36598297792738155
2025-01-08,3.3739823886834275,6.585991590390261,4.302638179432194,0.33633163089412665
2025-01-09,3.827251449145952,6.94124906325253,4.759979163294004,0.6707586140238142
2025-01-10,3.458168497732972,6.575219159665746,4.387580570825356,0.32619084066907167
2025-01-13,3.381729903611941,6.503225898826592,4.3104552938328045,0.25841889815616526
2025-01-14,3.6526102045606024,6.797013994252743,4.583769036487628,0.5349807552261776
2025-01-15,4.011812313610585,7.167112852267699,4.946198022464587,0.8833789002348658
2025-01-16,3.097305610951162,6.224863690099847,4.0234758875902,-0.003621567683365079
2025-01-17,2.811938282577975,5.930839463390769,3.735544973913818,-0.28040571049992025
2025-01-20,3.0733404395430375,6.200171511666541,3.9992954260801516,-0.02686592247150843
2025-01-21,2.7288471227209676,5.845227651546048,3.651707368142887,-0.36099768151414136
2025-01-22,3.1828904518256707,6.313044831226278,4.109829576256407,0.07938908022291358
2025-01-23,3.4692797934080977,6.608122074919631,4.398791684354397,0.3571644964682985
2025-01-24,3.4818651419843194,6.621089212412512,4.411490092876313,0.3693713070291871
2025-01-27,2.7118436194065065,5.827708330249237,3.634551114576845,-0.3774897589940651
2025-01-28,3.581801006176688,6.724056729251848,4.512323726670275,0.46630133284819575
2025-01-29,3.634119073632669,6.7779619166969285,4.5651117912684835,0.5170457945115947
2025-01-30,2.687500282642019,5.802626514441878,3.609989090477961,-0.4011009048041747
2025-01-31,3.8088253094513913,6.95796803786255,4.7413874931542255,0.6864972730724173
2025-02-03,5.690751553285711,8.896984363667348,6.640219941661263,2.511819552301553
2025-02-04,4.42695769915904,7.594852081048975,5.3650728489940125,1.2860376780925664
2025-02-05,3.6370988693623874,6.781032107458329,4.568118355866835,0.5199359649158408
2025-02-06,4.015215037788944,7.170618801427819,4.949631314871361,0.8866792783836175
2025-02-07,3.4779589403564737,6.617064512319648,4.407548800051586,0.36558259486156874
2025-02-10,3.5134369425820156,6.65361877460684,4.443345517406905,0.3999935012916289
2025-02-11,3.87744991115635,7.028674434297444,4.810628581060916,0.7530578063588367
2025-02-12,3.639746041317027,6.78375958397559,4.570789308578593,0.5225035160946856
2025-02-13,3.352030506626491,6.48731591580296,4.280489093572926,0.24344179554556256
2025-02-14,3.7166999397970413,6.863047954588408,4.648434519145028,0.5971428202806717
2025-02-17,4.099371130766816,7.2573278521861795,5.034543420544768,0.9683041518071978
2025-02-18,4.513561033201685,7.684082612334686,5.452454180418598,1.3700361852612364
2025-02-19,3.7189372990786174,6.865353186362433,4.650691977648891,0.5993128849984819
2025-02-20,3.6512356971831306,6.795597789843266,4.58238218128133,0.5336475898338966
2025-02-21,3.3125148843280883,6.446601548270237,4.240618484355885,0.2051147112640983
2025-02-24,2.5369695983775697,5.647529333944168,3.458106120189508,-0.5471039761762664
2025-02-25,2.7787818081123516,5.896677154689445,3.702090639664668,-0.3125649153259191
2025-02-26,2.4127925137774175,5.5195852154541925,3.3328134960113553,-0.6675461028711749
2025-02-27,3.187147698372317,6.317431225530501,4.114125067597008,0.08351827869450545
2025-02-28,3.6496301150045873,6.793943500751509,4.580762175423336,0.5320902998331434
2025-03-03,2.6810320096048113,5.795962019985734,3.6034627099839955,-0.4073746272317602
2025-03-04,2.636322408902836,5.749896109610453,3.5042648746161253,-0.45073946712606006
2025-03-05,2.9560684770971513,6.079341988997045,3.1243114306236386,-0.1406106170273036
2025-03-06,3.2466391485362234,6.378727407297213,3.2017834571296033,0.14122036439716545
2025-03-07,3.2512642645958767,6.383492830797621,3.1871225228869093,0.14570636772239798
2025-03-10,3.452664850226128,6.591003101108761,3.255097776656557,0.3410492921356756
2025-03-11,3.5379622502058616,6.678888081538403,3.2544031643886973,0.42378114470078554
2025-03-12,4.0077902916224595,7.1126927950206476,3.3174152320446515,0.8321497581136095
2025-03-13,4.36659506401329,7.265543621472492,3.411862541311117,0.9760381902057746
2025-03-14,4.859820828966388,7.425953732271662,3.6031632048123763,1.1270426686924795
2025-03-17,4.535584432506656,7.310084131990857,3.4673905632097046,1.017967071925585
2025-03-18,4.913617227438016,7.462248104029845,3.6421683984450226,1.1612089232511336
2025-03-19,5.186307614382368,7.568034695331338,3.7643984002456277,1.260792727356641
2025-03-20,5.445070662687113,7.709794426585703,3.920290348667499,1.3942403896132882
2025-03-21,4.370655710834059,6.937670571891763,3.0959158875574877,0.6673899471797196
2025-03-24,5.150601167978119,7.536491287521585,3.731005327871606,1.2310988644057552
2025-03-25,5.129252643885129,7.52647839830054,3.719767250369732,1.2216730800369335
2025-03-26,5.146964093330331,7.517947274688197,3.7184644621301777,1.2136421780846174
2025-03-27,4.804864933760156,7.173477803111505,3.3810129738217842,0.8893706427625769
2025-03-28,5.501476197378197,7.885832633642997,4.068160255842734,1.5599566123499775
2025-03-31,5.853211756003396,8.245517492821142,4.415117225565179,1.898551382400071
2025-04-01,6.212257720821279,8.612677974970762,4.769285284180547,2.244183442946057
2025-04-02,6.936766625086199,9.353560938929228,5.483951196672288,2.9416248014418
2025-04-03,7.228696561912051,9.652088556175276,5.771915048402976,3.2226482788992206
2025-04-04,5.456255009694622,7.8395894372274455,3.9296673812313943,1.516424881566314
2025-04-07,5.0001531970878865,7.373179623901893,4.096043011266182,1.0773629653852312
2025-04-08,4.573099921100376,6.936474850476326,3.980261875023494,0.6662643367810972
2025-04-09,6.9175665724011015,9.333926960854221,4.749102248120951,2.9231420598922586
2025-04-10,5.17006942113587,7.546935991775694,4.098495520580148,1.2409311443722704
2025-04-11,3.289823761272248,5.624196368771051,3.3271692300722355,-0.5690688150506218
2025-04-14,4.097112220322496,6.449729723557729,3.7380267458446026,0.20805946627699967
2025-04-15,4.190044990805397,6.544762794978842,3.7580280245753217,0.29752028216598614
2025-04-16,4.175567112852496,6.529957713817769,3.7730255069462038,0.28358329559734496
2025-04-17,5.384517910781628,7.766231064189455,4.681730334367651,1.4473678700846593
2025-04-18,5.7308373867832385,8.120377436092152,4.924465079874496,1.7807489015588818
2025-04-21,5.308883412866039,7.5820949039612895,4.528371489479577,1.2740285169275056
2025-04-22,5.8929027683064295,7.821092927405249,5.07570630797789,1.4990129129216712
2025-04-23,6.207348836367177,7.894832861966394,5.38772573358135,1.5684291131011552
2025-04-24,6.461079935134539,7.949731775089863,5.639498739309734,1.6201090334278412
2025-04-25,7.145403568266295,8.238505049838206,6.318541311708481,1.8919501133761285
2025-04-28,7.501503738848236,8.439222194856534,6.67189338689107,2.0808982267826126
2025-04-29,8.053380787108267,8.78405830682427,7.219511490891528,2.4055149045695945
2025-04-30,6.811463471397872,7.942375154732839,5.98717829657065,1.6131837678388994
2025-05-01,6.617807300290224,7.792261282283741,5.795016608411463,1.4718718086995208
2025-05-02,5.6382641599271865,7.019976429343178,4.823032796068705,0.7448698081369276
2025-05-05,4.546316076634027,5.987644797150282,3.7395114919571704,-0.22693115233851646
2025-05-06,4.2377428564281505,5.6706664796648765,3.4333195922809256,-0.5253234748985203
2025-05-07,4.092724321044905,5.523654419868462,3.2894201935980583,-0.6637154958890501
2025-05-08,5.35645059328429,6.804752741609055,4.543394040419857,0.5422657418323817
2025-05-09,5.541420184100798,6.992265051492574,4.726936184344921,0.7187832844157471
2025-05-12,6.6601572184257885,8.126381013648732,5.83703970385836,1.7864004598894034
2025-05-13,7.001756482769217,8.472676136153945,6.176002779161971,2.112390599263181
2025-05-14,6.7935202465853495,8.261577341611993,5.969373543170486,1.9136695634122125
2025-05-15,5.809098078778785,7.22296951757464,4.992548355803295,0.935960415032433
2025-05-16,6.596655411751695,7.471987805519742,5.774027953177452,1.1703775382265968
2025-05-19,6.079225029375723,7.329867442349713,5.260590683332045,1.0365903896739859
2025-05-20,6.447331496378239,7.456350306699777,5.625856399972684,1.1556569427330743
2025-05-21,5.515091145450413,7.076752555370991,4.700810332089689,0.7983168711593436
2025-05-22,5.491065650874072,7.011697949287088,4.67697024700362,0.7370767360087793
2025-05-23,5.437567125578591,7.025746453933457,4.623884580401794,0.7503015078581088
2025-05-26,5.538390634037915,7.070496202300158,4.723930013918642,0.7924273587839537
2025-05-27,6.4426381812517475,7.7490837125128165,5.621199304086666,1.431225951819881
2025-05-28,5.985654141519614,7.349391814741657,5.167741900511746,1.0549699522597544
2025-05-29,5.851391708177256,7.228173551730976,5.0345155969043764,0.9408593111175145
2025-05-30,5.779779205612079,7.108264092440075,4.963455742175649,0.8279807321075472
2025-06-02,6.4673263437720285,7.7586949406849515,5.645696943177159,1.440273626498989
2025-06-03,6.833746911707261,7.786177327269073,6.009289771166859,1.466144585835849
2025-06-04,6.1464160421190295,7.601386548406963,5.327263169749763,1.2921889975490375
2025-06-05,5.995382524975823,7.562562252733929,5.177395208110025,1.2556411609350615
2025-06-06,6.63260400274559,7.859735533649492,5.809699121789436,1.5353897134500416
2025-06-09,6.989329524536014,8.050584250435744,6.163671722221631,1.715048033019717
2025-06-10,7.573834806664181,8.364671274616509,6.74366626156051,2.010718592996019
2025-06-11,8.224386376574033,8.780108317372125,7.389197396424274,2.401796522391053
2025-06-12,7.512194182138199,8.292138374250424,6.682501329917234,1.9424386526709414
2025-06-13,8.115285779083358,8.444005051248226,7.280938749808086,2.0854006408231207
2025-06-16,8.357735314599068,8.499915252124968,7.521517254338228,2.1380325521372923
2025-06-17,9.139687702496047,8.693507006211965,8.297435161105415,2.320273071264123
2025-06-18,9.206978964738898,8.70162005359929,8.364207123377465,2.3279104108529847
2025-06-19,9.254119219289159,8.68012909982645,8.41098358726613,2.307679577207389
2025-06-20,8.308104213322665,8.326718808800248,7.472269166079948,1.974991466574183
2025-06-23,9.477774722529354,8.82909753903116,8.632913096782445,2.4479132654768865
2025-06-24,8.04086337583021,8.115004783865643,7.207090678950401,1.7756912743088993
2025-06-25,8.029554151912222,8.087477935734055,7.195868730548649,1.7497784604233901
2025-06-26,8.207189476847464,8.200163262047422,7.372133208571863,1.8558564928384147
2025-06-27,9.390847853433515,8.629510022225073,8.546657059516471,2.2600285446347623
2025-06-30,9.230713422490421,8.6014476806467,8.387758417627445,2.2336116359122027
2025-07-01,10.092691828103217,8.859578493598285,9.243084765514652,2.476606972034756
2025-07-02,10.741353998087577,9.065579420371606,9.886741081325589,2.670529053131787
2025-07-03,11.632796995478834,9.359999383854877,10.771304636912827,2.947685728732652
2025-07-04,11.507820632679344,9.311406340347105,10.647292741406567,2.9019419339280983
2025-07-07,11.38998677208689,9.246118786611458,10.530368228006104,2.8404825099902498
2025-07-08,11.438398779037584,9.268396468310858,10.57840662993057,2.8614539418417184
2025-07-09,11.41957099036588,9.252537018962915,10.55972413902535,2.846524409869322
2025-07-10,11.76596248465136,9.4115373182877,10.903442461685376,2.9962017410496866
2025-07-11,12.354017007119644,9.693236196345811,11.486958851175167,3.26138323091667
2025-07-14,12.88208842958969,9.951018983363902,12.010955042105032,3.5040509475747994
2025-07-15,12.983788899972737,10.00054885344901,12.111870669857083,3.5506766382152
2025-07-16,13.188468981730406,10.100186693319312,12.314971194968937,3.6444722223725634
2025-07-17,13.232707097832508,10.121702245590768,12.358867916785442,3.6647262121860313
2025-07-18,13.043515507475622,10.029705416606326,12.17113635532494,3.57812360893357
2025-07-21,11.774215032994984,9.411975347502842,10.911631323482297,2.99661408646148
2025-07-22,11.075744373537155,9.070120767933677,10.218550900155776,2.674804119191032
2025-07-23,11.741287207510908,9.39688354448387,10.878957608535632,2.9824071899451132
2025-07-24,11.250326685168744,9.156553616174268,10.391785925582408,2.756168985206453
2025-07-25,11.124605717828207,9.077753656494547,10.267035171795502,2.6819894540227374
2025-07-28,11.065703961072026,9.111616152446466,10.208587971538098,2.7138664255927036
2025-07-29,11.81936134934556,9.311252701596938,10.956429236786413,2.901797303772158
2025-07-30,11.983335321305377,9.355221384140776,11.119137789195266,2.943187886598886
2025-07-31,11.145676405188176,9.066849463395531,10.28794325249649,2.671724627298122
2025-08-01,11.411968399326856,9.225592958946027,10.55218021868396,2.821160212370244
2025-08-04,11.316056683379983,9.170422087598485,10.395507429824558,2.769224280065319
2025-08-05,12.022443079327449,9.637562239273944,10.564141917542514,3.2089737112733108
2025-08-06,13.831197477594515,10.998873028540856,11.133613883603344,4.490464165755448
2025-08-07,13.828578403160186,10.983046007896856,11.11891830393632,4.475565161032868
2025-08-08,13.775361996040768,10.91715949008183,11.076328445670658,4.413541893220163
2025-08-11,13.729390273786123,10.855480834622355,11.028362742201182,4.355479760135061
2025-08-12,13.229589890789416,10.368310265563219,10.737325378864092,3.8968743932517924
2025-08-13,12.679175241322138,9.83180443819327,10.365079111219178,3.391826536458664
2025-08-14,13.243149436651503,10.381527165546768,10.739952407309916,3.9093163215023763
2025-08-15,13.627583520591102,10.756246709208671,11.04783201121835,4.262064218673789
2025-08-18,12.878210866002359,10.025810489083264,10.367068759694508,3.5744570601330183
2025-08-19,12.15632359073231,9.322165100535873,9.642095243508187,2.912069855188104
2025-08-20,13.210745029812166,10.34994160887852,10.672879528772894,3.8795827810875316
2025-08-21,13.780117523493885,10.90492622111594,11.229488297522195,4.402025920871733
2025-08-22,13.407998953157762,10.54221098152135,10.865711575671423,4.06057845648633
2025-08-25,14.013191368829169,11.132110356478098,11.457337284818458,4.61588913504134
2025-08-26,14.167713220183398,11.28272748447019,11.608395192219255,4.757674841380544
2025-08-27,14.598567383186989,11.702694084962651,12.029590820461177,5.1530167383049275
2025-08-28,14.162836135462765,11.277973642297322,11.603627437978293,4.7531997403127635
2025-08-29,14.2009244176029,11.315099444349407,11.640861888291676,4.7881486743253765
2025-09-01,14.491261177889836,11.598099477041867,11.92469011754278,5.054555025742613
2025-09-02,14.332843798484319,11.443685259887593,11.769824008839102,4.909194872220213
2025-09-03,13.921006523168389,11.042254995724022,11.367218963315429,4.531302435223594
2025-09-04,14.432771424076197,11.541087742719714,11.86751153899197,5.000886169296792
2025-09-05,13.997883977776926,11.117189778856652,11.442373042286725,4.601843424136831
2025-09-08,14.575133414644338,11.67985228615931,12.006682175378792,5.131514266304804
2025-09-09,14.492928560640927,11.599724725503702,11.926320122276834,5.0560849779081485
2025-09-10,14.638573738128159,11.741689490660034,12.068700345794902,5.1897256519225055
2025-09-11,14.904059810631875,12.000466805402032,12.328234969571428,5.43332958226157
2025-09-12,15.916330383620858,12.987157588086173,13.317813292242398,6.362165840303846
2025-09-15,16.075508267580286,13.142313092059954,13.47342285713351,6.508223815360248
2025-09-16,16.104180385984932,13.170260674163782,13.501452227536447,6.534532693519668
2025-09-17,16.137379248082606,13.202620610431271,13.533906864810152,6.564995207856139
2025-09-18,16.47577532553346,13.53246551497227,13.864717056924558,6.875499686305542
2025-09-19,16.773234107852296,13.822407598219666,14.155507652567056,7.148441041772413
2025-09-22,16.79693531221167,13.845509879866412,14.178677542793118,7.170188723228033
2025-09-23,17.20001353604117,14.238402431290599,14.57271989005271,7.540044055498152
2025-09-24,17.215385036798136,14.253385498582706,14.587746805130465,7.554148591997167
2025-09-25,17.545376918865795,14.575038579374478,14.910341200211331,7.856941573540643
2025-09-26,18.379050364388604,15.387645333354305,15.725326039136167,8.621901204128491
2025-09-29,18.522359448481794,15.527333037534152,15.865422537883234,8.753398332430407
2025-09-30,18.69531884036213,15.695921794632039,16.034504668169557,8.912101903031132
2025-10-01,19.289860473692567,16.21251237309036,16.61571835546656,9.39840223972812
2025-10-02,19.45872190710962,16.366833090160515,16.78079439195672,9.54367437553536
2025-10-03,20.140082542515447,16.569996390523233,17.44688084424586,9.73492521418926
2025-10-06,20.72561223929994,16.78471600108129,18.019284617188823,9.937054759837283
2025-10-07,19.45359817796892,16.187698706044927,16.775785522367737,9.375043519801608
2025-10-08,18.66200547923249,15.751918806772824,16.001938098609124,8.964815535438753
2025-10-09,18.4097422521295,15.586046118007957,15.755329901345206,8.808668776750439
2025-10-10,17.30012648827506,14.712189412639432,14.67058859234709,7.986050580123916
2025-10-13,18.0765305960223,15.289380470521463,15.366292130881543,8.529398092624408
2025-10-14,18.248985248328854,15.400499715294957,15.5357929834532,8.634001870548769
2025-10-15,18.98238859423391,16.082031371687243,15.788178296177225,9.275571980019826
2025-10-16,19.551868880309442,16.661265482004882,16.027063281094023,9.820842750761493
2025-10-17,20.969868834835847,18.044980104769117,16.6262433984228,11.123423391993793
2025-10-20,19.758969433237738,16.863358622103153,16.281967781299667,10.011086177901118
2025-10-21,20.48653816145738,17.573335717017603,16.433272529365283,10.67943383018395
2025-10-22,19.63206209810764,16.739519735652554,16.096327102485674,9.894508573336914
2025-10-23,20.610263915899107,17.69406994912184,16.499555961716727,10.793088821528073
2025-10-24,21.19381536842999,18.263511912377737,16.786400245365797,11.329141606863736
2025-10-27,21.0970768198252,18.16911237176977,16.7487373867383,11.240277174766078
2025-10-28,20.42518745058244,17.513468383818065,16.281461432365973,10.623076812642163
2025-10-29,19.962156664311912,17.06163305920656,15.986315156717223,10.197734811349935
2025-10-30,20.67968267742366,17.761810258357478,16.51241529137357,10.856857183869394
2025-10-31,20.954318170569366,18.02980543464978,16.746255346477888,11.109138487281967
2025-11-03,21.010879987023845,18.084999662455182,16.80150503450868,11.16109640654097
2025-11-04,21.636281774548706,18.695280075891496,17.405152161461302,11.735593083230956
2025-11-05,22.81184163832666,19.842416483231908,18.53982006373711,12.815467251265211
2025-11-06,24.603256444445787,21.59051728870145,20.268920335698226,14.461068324395733
2025-11-07,25.999661036284817,22.953158695603392,21.616750861196323,15.743811375868443
2025-11-10,26.384158173284078,23.328359208959238,21.987873228770116,16.097012041119353
2025-11-11,27.363644134510334,24.284162517002162,22.93328767781524,16.99677190879738
2025-11-12,28.031576979484818,24.935945644121094,23.57798641534501,17.610337791313626
2025-11-13,26.498947590806445,23.440373172751894,22.098669685502625,16.202458076294256
2025-11-14,25.23122741050412,22.203304761389695,20.875047272065018,15.037925059145586
2025-11-17,25.02953701195065,22.006490965409874,20.680372693179372,14.852651422260376
2025-11-18,26.98401682904803,23.913714089206415,22.566865744225908,16.64804469100034
2025-11-19,27.39771700888427,24.317411555100055,22.966175324018256,17.028071392558996
2025-11-20,26.193650283352433,23.142457543582683,21.803992173881916,15.922010703048217
2025-11-21,24.883171577086305,21.863664449906437,20.539098593866868,14.718199526552445
2025-11-24,25.688193155442065,22.649221689210886,21.31611742016819,15.457695688307037
2025-11-25,24.560990301005003,21.549273083763243,20.22812442407098,14.422242469677094
2025-11-26,26.768406339291495,23.703316771106977,22.358755285831688,16.449984000584262
2025-11-27,25.945299809040833,22.900111849721092,21.564280594404607,15.693874926988084
2025-11-28,26.218703980740177,23.166905476263544,21.82817437602673,15.945025133411495
2025-12-01,24.96368781894571,21.942233917327947,20.616814070606715,14.79216208037062
2025-12-02,24.97893847460444,21.957115832644213,20.63153423076003,14.8061713959307
2025-12-03,25.821666647114625,22.779467971369915,21.444948023757206,15.58030499151284
2025-12-04,25.463721313321397,22.43017727432941,21.099453852393335,15.251494922845232
2025-12-05,23.00697354481198,20.03283036266097,18.728164288324045,12.994716230126734
2025-12-08,23.166578918703486,20.188576693272942,18.88221777412733,13.141330388754934
2025-12-09,22.878514654274284,19.90747743532577,18.6041738524932,12.876713360328008
2025-12-10,22.775234711837065,19.806694662990388,18.504486512661945,12.781839976716913
2025-12-11,23.808322153187355,20.81480343945923,19.501637909254566,13.730838386418931
2025-12-12,23.503430695941653,20.517283847586132,19.207352130304088,13.450763828858037
2025-12-15,23.10476667055317,20.128258982148562,18.822555670899078,13.084549401157153
2025-12-16,22.419758043665894,19.459812942557452,18.161375134152014,12.455297634531771
2025-12-17,21.752175245990024,18.80837139906426,17.517014267492325,11.842053306916323
2025-12-18,21.193471852313927,18.263176702019422,16.977745424424228,11.328826051534424
2025-12-19,21.74921941279497,18.805487033940427,17.514161253235685,11.839338066280192
2025-12-22,21.904804715187964,18.95731049297593,17.66433450610929,11.982259370551374
2025-12-23,23.13760175220949,20.160300155691992,18.854248581121702,13.114711843393012
2025-12-24,21.45148563485528,18.51495205831444,17.2267841730368,11.56583858262561
2025-12-25,21.45148563485528,18.51495205831444,17.2267841730368,11.56583858262561
2025-12-26,22.219492792730367,19.264389836042927,17.968076128989075,12.27133314416109
2025-12-29,21.129115938974195,18.200376828108823,16.915628137641757,11.269708442540471
2025-12-30,21.107986517057633,18.1797582871962,16.895233704673185,11.250298867906094
2025-12-31,21.21054571069909,18.27983773747235,16.994225367023972,11.344510168683165
2026-01-01,21.20684181257355,18.276223394621915,16.990650309346478,11.341107752498282
2026-01-02,22.707680033899447,19.740773366307707,18.43928173061189,12.719783969292342
2026-01-05,23.526063787868388,20.539369701790466,19.229197927978724,13.471554681002251
2026-01-06,23.745603752897026,20.753601485734862,19.44110117447455,13.673225003705912
2026-01-07,23.3039606650973,20.322636733810494,19.014820683425924,13.267529830962332
2026-01-08,24.340441069041653,21.334056435601223,20.01524701808657,14.219645030179983
2026-01-09,24.655976588999053,21.641962731065377,20.319806605016467,14.509497267907978
2026-01-12,24.24522253291219,21.241140155611248,19.9233406677791,14.13217688784838
2026-01-13,26.406855594027533,23.28218479448885,22.009781117577496,16.053545059257736
2026-01-14,24.275330493511895,22.283842100770656,19.95240132011005,15.113740098929163
2026-01-15,24.800610569132697,22.422686871930566,20.45940947841556,15.24444371951239
2026-01-16,25.274551650737287,22.576328882186193,20.916864474487284,15.389076944417667
2026-01-19,26.302500482065327,23.04891104715827,21.909056008095295,15.833949296965733
2026-01-20,25.838246397119157,22.773297569878693,21.4609510455833,15.574496390954007
2026-01-21,25.282092547753333,22.465029855123152,20.860138196188906,15.284303925722021
2026-01-22,26.594259683641308,23.35495567815642,21.105623631302105,16.12204902875498
2026-01-23,25.578585846611634,22.5816646527623,20.783670453708815,15.394099852569498
2026-01-26,23.756686542744255,21.139711382390193,20.151417871075328,14.03669538155501
2026-01-27,25.44570123672958,22.672573612224724,20.933859847160253,15.479678373430804
2026-01-28,24.990170225427022,22.22942581735172,20.688877333843436,15.062514509358028
2026-01-29,25.152722743474932,22.38838792541451,20.78351374205876,15.212155888617573
2026-01-30,24.60730421263122,21.855016431200735,20.390628304924686,14.710058583639984
2026-02-02,25.846565977820447,23.06690576396413,21.27907674968128,15.850888895182113
2026-02-03,25.134796984417896,22.370858105005986,20.701483939358468,15.195653927640397
2026-02-04,25.676392381110745,22.90049090927926,21.137329907738824,15.694231760423394
2026-02-05,25.08588241168004,22.323023942294885,20.550081104918338,15.150624516725752
2026-02-06,25.813753182536313,23.034817727602473,21.20429807060389,15.82068233792513
2026-02-09,25.758077737037112,22.98037202420662,20.975020618250785,15.76942905341474
2026-02-10,25.860681613316782,23.08070961764841,21.000685058268843,15.863883361156317
2026-02-11,25.475896201790672,22.704423227855486,20.87878085658479,15.509660489734834
2026-02-12,25.000214189407167,22.239247933346995,20.67804544237979,15.07176070647185
2026-02-13,25.507932633499863,22.73575204872187,20.90817758869925,15.539152348028317
2026-02-16,25.48122754050659,22.709636809602806,20.881826942659387,15.5145683735888
2026-02-17,25.8732721574769,23.093022065744464,20.99602595459096,15.875473869973856
2026-02-18,25.117126881285735,22.304970199442977,20.69675886398745,15.133629353450173
2026-02-19,25.657261304042265,22.599399882367344,20.915327079069378,15.410795178593585
2026-02-20,25.94086357265826,22.692165992162682,21.06822140776017,15.49812195594631
2026-02-23,26.263684760986795,22.821740897640687,21.265905803117803,15.620099248581965
2026-02-24,25.761585130718224,22.58948474023814,20.928090999136263,15.401461409924755
2026-02-25,25.531095694113493,22.502755467615245,20.79267018256159,15.319817500343834
2026-02-26,25.20832026512774,22.27611139510217,20.49930684918997,15.106462682487098
2026-02-27,26.33903791341117,23.004548840269546,21.475157734349025,15.792188264058415
2026-03-02,26.21953965661852,22.952044051578135,21.356514684142127,15.742762088894647
2026-03-03,28.219740110555612,23.38795278257888,23.279650804110673,16.153111350949413
2026-03-04,27.81163699846909,23.320944696593692,22.887271213365,16.090032278014576
2026-03-05,29.164334557587512,23.857126784365757,24.18785162779966,16.594775377651814
2026-03-06,29.744999448628295,24.133687087374867,24.746144484578146,16.855119592352196
2026-03-09,30.900965877998754,24.85054485631761,25.757181154031315,17.5299444709651
2026-03-10,29.6128555286556,24.020327136804354,24.99743378473911,16.748406492212208
2026-03-11,30.61933055632744,24.717276147786137,25.263087953755424,17.404489961083346
2026-03-12,31.595569662144275,25.454131036071594,25.581874481395197,18.098139429758177
2026-03-13,30.941571686938275,24.816171806178367,25.22411576840351,17.497586881506354
2026-03-16,31.3691036608742,25.239373333529148,25.45450022485085,17.89597402564582
2026-03-17,31.79233746030352,25.64285888939417,25.713988174733515,18.27580124250121
2026-03-18,32.011743015602875,25.852026901398894,25.80355753208623,18.47270470707405
2026-03-19,32.52394985788924,26.340333985465534,26.19214987041678,18.932379949510334
2026-03-20,32.27096820972004,26.099156553339764,25.942363006114675,18.705343934264974
2026-03-23,31.07743329685624,24.961312415157757,24.941019497561577,17.634217184028955
2026-03-24,32.76861857350579,26.57358636950584,26.503300605124693,19.151955601146685
2026-03-25,33.174208653974624,26.96025146877712,26.88975099094082,19.51594862735666
2026-03-26,34.352729843047115,28.083782429000024,28.01265805928701,20.573601451526358
2026-03-27,34.21703755153891,27.954421589342093,27.88336905314315,20.451825672980807
2026-03-30,35.14623083619879,28.840258376178497,28.76871393864795,21.28572150008381
2026-03-31,35.91953541286923,29.577480279040568,29.4408622804071,21.97971646346881
2026-04-01,35.551402320759905,29.226524411379895,29.042148374787825,21.649338861309463
2026-04-02,35.863561756002184,29.46293009516903,29.19073305731217,21.871882919249575
2026-04-03,35.77401580568906,29.3402797299807,29.148159070535474,21.75642414711112
2026-04-06,35.25765675905379,29.17960715409109,28.90257886913745,21.6051725931508
2026-04-07,34.82397051338653,29.02162318301904,28.695924115439595,21.456451997908154
2026-04-08,33.832904510778896,28.648894522138967,28.22291418041354,21.10557824828707
2026-04-09,33.9258643454406,28.701182709039387,28.26744575859912,21.154800522086248
2026-04-10,35.62188768573402,29.66934228540774,29.07962861390361,22.066192149416008
2026-04-13,36.33156328686007,30.136468956367036,29.417349407327322,22.505928890348414
2026-04-14,35.61834702085651,29.63380917955327,29.07882707077143,22.03274252400378
2026-04-15,35.2272720569768,29.290243762652345,28.892718410906348,21.709322034193512
2026-04-16,35.612238478542956,29.60324011541038,29.076184984689156,22.00396587416713
2026-04-17,34.55914089739096,28.664743200444054,28.575014073727424,21.120497640775724
2026-04-20,36.08455629648244,30.123337386533365,29.303802564418046,22.49356728892211
2026-04-21,37.19220982980538,31.182469872588214,29.830033525815793,23.49059763762167
2026-04-22,37.12022492499856,31.113638285008882,29.795972544452432,23.42580198394344
2026-04-23,37.028497983697584,31.02592946591014,29.752558862914213,23.34323596350556
2026-04-24,37.36105889946708,31.34392246542412,29.910010161125268,23.642583472305347
2026-04-27,35.724779796608196,29.779320988560265,29.13624998272415,22.169722261273982
2026-04-28,36.05900279332139,30.09890326113571,29.295249336114914,22.470565856253266
2026-04-29,37.54243999792575,31.51735811831966,30.000095686984984,23.80584974140778
2026-04-30,36.69559070600259,30.707605276943696,29.56492838470357,23.043576684516843
2026-05-01,36.69289956230794,30.705032019489174,29.531076173266023,23.04115430978002
2026-05-04,35.54421045849634,29.606661536641266,28.44257094525746,22.007186680674163
2026-05-05,36.412718039739,30.437123920415242,29.26557434940811,22.788954977821007
2026-05-06,33.84062983426443,27.97770669881874,26.828246921762023,20.47374546217309
2026-05-07,34.028536111703175,28.15738169355464,27.00630812621587,20.64288522987241
2026-05-08,34.57691831565739,28.68174187434136,27.5259586512973,21.13649959896926
2026-05-11,35.26628148815545,29.340907316166987,28.179203654467265,21.75701493483826
2026-05-12,35.90947567752822,29.95592621902081,28.788698630465426,22.335972260048088
2026-05-13,33.63505765515069,27.78113966176403,26.63344539456385,20.28870411552579
2026-05-14,34.57207421374922,28.677109969560345,27.521368348982644,21.132139285505392
2026-05-15,34.52374275956094,28.63089568712538,27.475569150238076,21.08863477333367
2026-05-18,34.63416688284657,28.736482653353956,27.58020776402472,21.188030657364322
2026-05-19,35.7128521491675,29.767915834776538,28.60237690262806,22.15898584764897
2026-05-20,36.166081839887745,30.201291682589094,29.0318602904313,22.566950741891812
2026-05-21,37.31991687621354,31.304582679056892,30.12524183738996,23.605550370747295
2026-05-22,38.05824740251567,32.010570447187426,30.82488862189536,24.27014261006073
2026-05-25,38.37826662918944,32.316571149514914,31.128140911955214,24.558200988932978
2026-05-26,37.09705762380611,31.09148583339025,29.914058967672986,23.40494843931833
2026-05-27,37.23724559738495,31.225532836812086,30.04690199860116,23.53113560884008
2026-05-28,36.77959621825304,30.78793090617289,29.613230485458942,23.119192427754243
2026-05-29,36.380153321970774,30.405985708465444,29.234715812122737,22.75964255210756
2026-06-01,39.51104045479563,33.39972352700331,32.20156471934763,25.577842824908203
2026-06-02,39.50741074591668,33.39625281845324,32.198125183725864,25.574575621039486
2026-06-03,39.410005237859025,33.3031141836718,32.1058230939735,25.48689816166947
2026-06-04,40.215456020737214,34.07328198831501,32.869073467949605,26.211907246869792
2026-06-05,40.83338138478698,34.664138973223444,33.45462354155557,26.76811938600374
2026-06-08,39.49416529640355,33.383587589255015,32.137594135059544,25.562653016407744
2026-06-09,39.84459663212279,33.71866819038702,32.14599244664787,25.878086196852923
2026-06-10,39.630204672452194,33.51366772552606,32.09056154536225,25.685105915674654
2026-06-11,41.646713665268194,35.441843024444665,32.80774813413514,27.50022283064679
2026-06-12,41.895799390513424,35.6800174855763,32.95637957452187,27.724431953830187
2026-06-15,41.44288245365488,35.24694069136227,32.7208749090866,27.316748578205228
2026-06-16,41.20152226519978,35.01615334789916,32.586734544562404,27.099493429715203
2026-06-17,41.19536030354569,35.0102613125566,32.544346226589816,27.093946873331088
2026-06-18,42.42948151982977,36.190321532266935,33.34922769737918,28.204814368980102
2026-06-19,42.05536265440395,35.83259103974572,33.07156676151601,27.868059371475074
2026-06-22,43.14130202840736,36.87096056080223,33.97721078353657,28.845544189747695
2026-06-23,43.33494956030104,37.056125312868396,34.16476207926329,29.019851823353626
2026-06-24,43.65569798048041,37.36282326619287,34.46498987166618,29.308566569973806
2026-06-25,43.965069176322814,37.65864237741201,34.754568324176894,29.587040354409822
2026-06-26,43.45709823802342,37.172923236417944,34.279096010626134,29.129801311238523
2026-06-29,43.80162910231782,37.50236183779003,34.601584709849995,29.439923310068504
2026-06-30,44.95477695804977,38.60499575578624,35.68095724377203,30.477904388189046
2026-07-01,45.50424868959837,39.130397737131496,36.19527524059447,30.972499471963076
2026-07-02,45.24943609303145,38.88674727174599,35.956764873806236,30.7431354295391
2026-07-03,45.48878387039898,39.11561035830562,36.180799819248534,30.95857914975484
2026-07-06,46.522598285686676,40.104138267839026,37.148473547719306,31.889144814880012
2026-07-07,45.91332313169152,39.52155256831396,36.578178191790236,31.340718975060412
2026-07-08,45.48311498163273,39.110189796666496,36.17549361085406,30.953476422256276
2026-07-09,46.76454821333886,40.335489516822335,37.374944164816725,32.10693080434115
2026-07-10,47.2561191551778,40.805527067409386,37.83506570990545,32.549407745738094
2026-07-13,47.37001465598474,40.91443334657614,37.941674480582364,32.651928315093556
2026-07-14,47.37255049600275,40.916858103471434,37.94404808432472,32.654210896588
2026-07-15,47.86748503049181,41.390111903669414,38.407318028383976,33.099715503091346
2026-07-16,46.93390751152491,40.49742998749115,37.53346830716124,32.25937591018522
2026-07-17,47.43004541769722,40.97183444536698,37.9978646343955,32.70596370565775
2026-07-20,47.135141721023686,40.68984908080304,37.721828089073696,32.440512527395256
2026-07-21,48.35609320894865,41.85731647548459,38.86466635978352,33.53952557717004
2026-07-22,48.916237353137305,42.39292336169549,39.38897397677228,34.04372720213755
2026-07-23,49.11238243997753,42.58047626267285,39.57257022450993,34.22028295575965
2026-07-24,48.21282943216196,41.72032840520372,38.73056821703382,33.41056978997807
2026-07-27,48.011088589668645,41.527424872085604,38.5417342151535,33.22897713804598
2026-07-28,46.71989680240092,40.29279407239872,37.333149431966376,32.06673880343289
2026-07-29,46.40201192325697,39.9888342219598,37.03560197888689,31.780601611283664
2026-07-30,47.445952360105736,40.98704458008131,38.01275389308778,32.720281995501274
2026-07-31,47.60446026707281,41.138609007508144,38.161120887258825,32.8629594564587
2026-08-03,44.68774753597782,38.34966362607193,35.43101165136524,30.237543634765807
2026-08-04,43.58010720987156,37.29054376868823,34.394235196792835,29.240525174256437
2026-08-05,44.02947306443083,37.72022503667438,34.8148518234316,29.645012120026237
2026-08-06,45.048930355598735,38.69502473959432,35.76908695826151,30.56265453068887
2026-08-07,44.59714791349607,38.26303274330225,35.346208350899985,30.155992345958005
2026-08-10,45.23180740395149,38.86989081191492,35.94026402119886,30.72726734670299
2026-08-11,44.032166744203984,37.72280071911383,34.817373168762856,29.64743677755921
2026-08-12,43.83186285488803,37.5312711930704,34.629884187631156,29.467137567921498
2026-08-13,44.415499140839046,38.08934114174534,35.17618098185788,29.99248513572075
2026-08-14,43.32249819830203,37.04421938597695,34.15310732216963,29.008643999406793
2026-08-17,43.616933818779025,37.325757178542254,34.42870573756054,29.273673849014248
2026-08-18,45.15532589064877,38.79675959092879,35.86867559097162,30.65842416823319
2026-08-19,45.460738562049265,39.088793581885014,36.154548774868076,30.933334772589948
2026-08-20,44.679615196006694,38.341887525340155,35.42339959679852,30.23022348499589
2026-08-21,45.53164045991256,39.1565896039179,36.22091455855851,30.9971555810137
2026-08-24,44.49779608657474,38.168033048654436,35.25321278867371,30.06656294979826
2026-08-25,44.07345057956429,37.76227610547214,34.8560157745323,29.68459752821515
2026-08-26,43.88394704743841,37.58107382420055,34.67863617256612,29.51402002628778
2026-08-27,43.406135124288994,37.124192574958556,34.23139338087695,29.083927967698564
2026-08-28,41.95537926907682,35.73698745227012,32.873453012901635,27.778061491688867
2026-08-31,41.55206606097186,35.35134148274255,32.495942707321454,27.415027838642423
2026-09-01,43.79723144331555,37.49815681936886,34.59746840133242,29.435964852521536
2026-09-02,44.3985006222283,38.073087247604434,35.16026998309516,29.977184287190074
2026-09-03,43.72545246393136,37.42952213659616,34.53028164945566,29.37135455815445
2026-09-04,43.56572129387173,37.27678803143046,34.380769653299566,29.227576003406398
2026-09-07,43.46343964163093,37.178986853213125,34.2850317081574,29.135509388412384
2026-09-08,43.48678515502762,37.20130971040465,34.30688363792116,29.156523346895092
2026-09-09,43.292605752139664,37.015636386089625,34.12512731492336,28.981736961128025
2026-09-10,45.23769758066689,38.875522967927864,35.94577736013016,30.73256926175838
2026-09-11,44.897771241834135,38.550487189597995,35.627598601119374,30.42659192684045
2026-09-14,45.52017727306126,39.145628564908286,36.21018475580424,30.986837241533237
2026-09-15,46.149161987283605,39.747060442317014,36.79892870690624,31.553004215303872
2026-09-16,46.97985811090686,40.541367709075615,37.57647910984683,32.300737347445654
2026-09-17,47.18764920579028,40.740056461725295,37.770976285118785,32.48777600308625
2026-09-18,47.09173419911572,40.64834303653135,37.681197664553444,32.401440186268715
2026-09-21,45.701204133834054,39.25370146542326,36.37963000122446,31.088573297318646
2026-09-22,44.54523799768526,38.07171430850866,35.29761949294405,29.975891850253756
2026-09-23,43.76170612394687,37.76335901955772,34.56421589707224,29.685616945731397
2026-09-24,42.296377362438186,37.18030499312657,33.19263495844702,29.136750239311414
