a,b,return_corr,drawdown_corr,weekly_return_corr,n_days
A1_theory_dollar_neutral,pm_timed,,,,714
A1_theory_with_dollar,pm_timed,0.0776216932836216,0.3176626431369874,0.046336177118902096,714
A1+S_theory_dollar_neutral,pm_timed,-0.05954678479594937,0.17377178930866344,0.02356183157985082,714
A1+S_theory_with_dollar,pm_timed,0.06706452536301015,0.35288630553082995,0.03066829637802287,714
A2_theory_dollar_neutral,pm_timed,0.01068451667267984,0.1779048155940646,-0.012980470523482798,714
A2_theory_with_dollar,pm_timed,-0.014970849400163905,0.3110319344376178,0.045871810965287196,714
A2+S_theory_dollar_neutral,pm_timed,-0.03662722029361367,0.1457223543876872,-0.039304506798878217,714
A2+S_theory_with_dollar,pm_timed,-0.03269946989029137,0.19406900842559752,0.037386695022598386,714
A3_theory_dollar_neutral,pm_timed,,,,714
A3_theory_with_dollar,pm_timed,0.0776216932836216,0.3176626431369874,0.046336177118902096,714
A3+S_theory_dollar_neutral,pm_timed,-0.05954678479594937,0.17377178930866344,0.02356183157985082,714
A3+S_theory_with_dollar,pm_timed,0.06706452536301015,0.35288630553082995,0.03066829637802287,714
A1_theory_dollar_neutral_D12,pm_timed,,,,714
A1_theory_with_dollar_D12,pm_timed,0.012447609841273003,0.1448246541305503,-0.08186037550469022,714
