test,strategy,period,sharpe,ann_mean,ann_vol,max_drawdown
subperiod,A1_theory_dollar_neutral,2024,,0.0,0.0,0.0
subperiod,A1_theory_dollar_neutral_gross,2024,,0.0,0.0,0.0
subperiod,A1_theory_with_dollar,2024,0.1331834131586719,0.013538620803465342,0.10165395586712975,-0.14764441056353927
subperiod,A1_theory_with_dollar_gross,2024,0.3455084968404354,0.03482797862064251,0.10080209007631717,-0.13422979893080822
subperiod,A1_gated_frozen,2024,,0.0,0.0,0.0
subperiod,A1+S_theory_dollar_neutral,2024,1.4868180211456272,0.07976026997014558,0.05364494432794706,-0.027380422205918298
subperiod,A1+S_theory_dollar_neutral_gross,2024,1.862154567609325,0.09958258853501037,0.053477079866069706,-0.02621850848136631
subperiod,A1+S_theory_with_dollar,2024,-0.25751206566147544,-0.02474183888334514,0.09608030916838935,-0.1523323978748572
subperiod,A1+S_theory_with_dollar_gross,2024,0.052318128853230804,0.005004260073403855,0.09565059345762185,-0.13712762659721411
subperiod,A1+S_gated_frozen,2024,,0.0,0.0,0.0
subperiod,A2_theory_dollar_neutral,2024,0.5736994808896313,0.02218632246114337,0.03867237674111055,-0.04630741095582647
subperiod,A2_theory_dollar_neutral_gross,2024,0.8422191673294379,0.03249653892610534,0.038584420999521335,-0.043936123983426945
subperiod,A2_theory_with_dollar,2024,0.19533617924698907,0.019692688649612145,0.10081434338240078,-0.155685644933927
subperiod,A2_theory_with_dollar_gross,2024,0.49310598517479753,0.04930704201721394,0.09999278755404976,-0.1409395319496347
subperiod,A2_gated_frozen,2024,,0.0,0.0,0.0
subperiod,A2+S_theory_dollar_neutral,2024,-0.3361400529601328,-0.020170878224358552,0.06000736314143105,-0.09314006077973036
subperiod,A2+S_theory_dollar_neutral_gross,2024,0.37865402951087723,0.022608711863707144,0.05970809789852688,-0.07972865303771659
subperiod,A2+S_theory_with_dollar,2024,-0.812904135454927,-0.07614607741143625,0.09367165707531121,-0.17954353121712496
subperiod,A2+S_theory_with_dollar_gross,2024,-0.3392569234304891,-0.031520821566832745,0.09291135829477361,-0.15588720467552664
subperiod,A2+S_gated_frozen,2024,,0.0,0.0,0.0
subperiod,A3_theory_dollar_neutral,2024,,0.0,0.0,0.0
subperiod,A3_theory_dollar_neutral_gross,2024,,0.0,0.0,0.0
subperiod,A3_theory_with_dollar,2024,0.1331834131586719,0.013538620803465342,0.10165395586712975,-0.14764441056353927
subperiod,A3_theory_with_dollar_gross,2024,0.3455084968404354,0.03482797862064251,0.10080209007631717,-0.13422979893080822
subperiod,A3_gated_frozen,2024,,0.0,0.0,0.0
subperiod,A3+S_theory_dollar_neutral,2024,1.4868180211456272,0.07976026997014558,0.05364494432794706,-0.027380422205918298
subperiod,A3+S_theory_dollar_neutral_gross,2024,1.862154567609325,0.09958258853501037,0.053477079866069706,-0.02621850848136631
subperiod,A3+S_theory_with_dollar,2024,-0.25751206566147544,-0.02474183888334514,0.09608030916838935,-0.1523323978748572
subperiod,A3+S_theory_with_dollar_gross,2024,0.052318128853230804,0.005004260073403855,0.09565059345762185,-0.13712762659721411
subperiod,A3+S_gated_frozen,2024,,0.0,0.0,0.0
subperiod,A1_theory_dollar_neutral_D12,2024,,0.0,0.0,0.0
subperiod,A1_theory_with_dollar_D12,2024,-0.5898691008190928,-0.059614693187733055,0.10106427528574057,-0.1494782122250028
subperiod,base_carry,2024,-0.47556811341890043,-0.05326843934985269,0.11201011557924112,-0.11995266634687185
subperiod,pm_timed,2024,0.25381077827447707,0.023606256171103394,0.09300730383315331,-0.0716580105685597
subperiod,vix_timed,2024,-0.8384317839875398,-0.08229961909957496,0.09815899238476156,-0.12942842856322512
subperiod,pm_timed_level_misspecified,2024,0.281163836015527,0.015751640181055196,0.0560229950063184,-0.03187382852586096
subperiod,pm_timed_prob_index_D12,2024,0.1253165538023597,0.010826609990961937,0.08639409289882716,-0.07165801056856025
subperiod,base_carry__coarse12,2024,-0.762449162878589,-0.08744517017641285,0.11468983695420157,-0.167957101715692
subperiod,pm_timed__coarse12,2024,-0.29545763327881336,-0.02741310359655754,0.09278184250087972,-0.11865505323311343
subperiod,base_carry__previous,2024,2.230124609759609,0.23574151915371944,0.10570777889363349,-0.09107741430084304
subperiod,pm_timed__previous,2024,1.103922857260956,0.09750468253455882,0.08832563063010274,-0.09107741430084304
subperiod,base_carry__primary_cap20,2024,-0.47556811341890043,-0.05326843934985269,0.11201011557924112,-0.11995266634687185
subperiod,pm_timed__primary_cap20,2024,0.25381077827447707,0.023606256171103394,0.09300730383315331,-0.0716580105685597
subperiod,base_carry__previous_cap20,2024,0.9886677290203206,0.10405749760299386,0.10525022163523566,-0.09316317913358518
subperiod,pm_timed__previous_cap20,2024,0.6253435261045158,0.057168807365919276,0.09141984362106349,-0.09316317913358518
subperiod,base_carry_gross,2024,-0.4382137808066157,-0.049046750030758125,0.11192425290797169,-0.1183967826254716
subperiod,pm_timed_gross,2024,0.38090998542485915,0.035268825099424306,0.09259097017392753,-0.07144105356450814
subperiod,vix_timed_gross,2024,-0.624223182774904,-0.06127700547646936,0.09816521905525889,-0.11944459852007261
subperiod,A1_theory_dollar_neutral,2025,,0.0,0.0,0.0
subperiod,A1_theory_dollar_neutral_gross,2025,,0.0,0.0,0.0
subperiod,A1_theory_with_dollar,2025,1.170800426363681,0.1181054411618079,0.10087580983261556,-0.07249392906157226
subperiod,A1_theory_with_dollar_gross,2025,1.4162876000606452,0.14273577411691687,0.10078163087130393,-0.06922822279495178
subperiod,A1_gated_frozen,2025,,0.0,0.0,0.0
subperiod,A1+S_theory_dollar_neutral,2025,-0.16984666703029117,-0.012106213689141035,0.07127731088760171,-0.06892988463148941
subperiod,A1+S_theory_dollar_neutral_gross,2025,0.5833627875797021,0.04161855210033705,0.07134248701911057,-0.04932103486382611
subperiod,A1+S_theory_with_dollar,2025,1.0067617959476325,0.09801955768629454,0.09736122097683682,-0.07330353230830733
subperiod,A1+S_theory_with_dollar_gross,2025,1.4162778471049418,0.13793611733887629,0.09739340174022763,-0.07011507781550386
subperiod,A1+S_gated_frozen,2025,,0.0,0.0,0.0
subperiod,A2_theory_dollar_neutral,2025,-2.16915875740885,-0.14038817213544522,0.06472010020287529,-0.14616337813213032
subperiod,A2_theory_dollar_neutral_gross,2025,-1.356179838578943,-0.08774011363497902,0.06469651821908551,-0.09919435086421169
subperiod,A2_theory_with_dollar,2025,1.2712642005490182,0.12510664560973433,0.09841120795795617,-0.06496381999704004
subperiod,A2_theory_with_dollar_gross,2025,1.6546231883831641,0.16270921608497815,0.09833611497006246,-0.060814758780333156
subperiod,A2_gated_frozen,2025,,0.0,0.0,0.0
subperiod,A2+S_theory_dollar_neutral,2025,-0.4661462799669317,-0.036115169013162474,0.07747604253266695,-0.07777093674627522
subperiod,A2+S_theory_dollar_neutral_gross,2025,0.46380104779745485,0.03594410286246446,0.07749896864864673,-0.03150421038618456
subperiod,A2+S_theory_with_dollar,2025,0.9708301887817605,0.09200719769200626,0.09477166939715878,-0.06632038885614122
subperiod,A2+S_theory_with_dollar_gross,2025,1.4113112604107672,0.13354236333886185,0.09462289934538883,-0.06523782420641477
subperiod,A2+S_gated_frozen,2025,,0.0,0.0,0.0
subperiod,A3_theory_dollar_neutral,2025,,0.0,0.0,0.0
subperiod,A3_theory_dollar_neutral_gross,2025,,0.0,0.0,0.0
subperiod,A3_theory_with_dollar,2025,1.170800426363681,0.1181054411618079,0.10087580983261556,-0.07249392906157226
subperiod,A3_theory_with_dollar_gross,2025,1.4162876000606452,0.14273577411691687,0.10078163087130393,-0.06922822279495178
subperiod,A3_gated_frozen,2025,,0.0,0.0,0.0
subperiod,A3+S_theory_dollar_neutral,2025,-0.16984666703029117,-0.012106213689141035,0.07127731088760171,-0.06892988463148941
subperiod,A3+S_theory_dollar_neutral_gross,2025,0.5833627875797021,0.04161855210033705,0.07134248701911057,-0.04932103486382611
subperiod,A3+S_theory_with_dollar,2025,1.0067617959476325,0.09801955768629454,0.09736122097683682,-0.07330353230830733
subperiod,A3+S_theory_with_dollar_gross,2025,1.4162778471049418,0.13793611733887629,0.09739340174022763,-0.07011507781550386
subperiod,A3+S_gated_frozen,2025,,0.0,0.0,0.0
subperiod,A1_theory_dollar_neutral_D12,2025,,0.0,0.0,0.0
subperiod,A1_theory_with_dollar_D12,2025,1.0715847611865008,0.10821429704168405,0.10098528922888463,-0.07743826721125735
subperiod,base_carry,2025,1.553790073216603,0.15667318332010527,0.10083291560472246,-0.06848683424990476
subperiod,pm_timed,2025,1.0296385198247673,0.09198728550783036,0.08933939798938907,-0.06848683424990532
subperiod,vix_timed,2025,1.17796974239995,0.10723502697398925,0.09103377032037577,-0.06848683424990498
subperiod,pm_timed_level_misspecified,2025,0.5314312876947609,0.03873376924663765,0.0728857523889057,-0.06848683424990498
subperiod,pm_timed_prob_index_D12,2025,0.7618554473316357,0.06557004977006592,0.086066260994421,-0.06848683424990487
subperiod,base_carry__coarse12,2025,1.6044862543733132,0.161295784545161,0.10052799399528703,-0.04759936403472531
subperiod,pm_timed__coarse12,2025,0.9981490727575992,0.09018778436404427,0.09035502494119574,-0.04839215799984453
subperiod,base_carry__previous,2025,1.7309637708862615,0.17124243940535094,0.09892895639154482,-0.0676574252908051
subperiod,pm_timed__previous,2025,1.2628350040219227,0.10719550827533458,0.0848848091270312,-0.06685427091363094
subperiod,base_carry__primary_cap20,2025,1.553790073216603,0.15667318332010527,0.10083291560472246,-0.06848683424990476
subperiod,pm_timed__primary_cap20,2025,1.0296385198247673,0.09198728550783036,0.08933939798938907,-0.06848683424990532
subperiod,base_carry__previous_cap20,2025,1.6524321976359562,0.16067952798718302,0.09723819725678208,-0.061473118093242185
subperiod,pm_timed__previous_cap20,2025,1.1058777369954953,0.09698496297590085,0.08769953470570312,-0.0736089151666427
subperiod,base_carry_gross,2025,1.5752762034961065,0.15883788279929856,0.10083176680177099,-0.06848683424990487
subperiod,pm_timed_gross,2025,1.2260802658293464,0.10991916811477824,0.08965087456197382,-0.06848683424990498
subperiod,vix_timed_gross,2025,1.3588414814589655,0.12330896872167083,0.0907456612152258,-0.06848683424990454
subperiod,A1_theory_dollar_neutral,2026,,0.0,0.0,0.0
subperiod,A1_theory_dollar_neutral_gross,2026,,0.0,0.0,0.0
subperiod,A1_theory_with_dollar,2026,1.2987103924595123,0.13824081839101446,0.10644468481476647,-0.09711592248080925
subperiod,A1_theory_with_dollar_gross,2026,1.6444877138252092,0.17380672739981573,0.10569049919839624,-0.08105117218399505
subperiod,A1_gated_frozen,2026,,0.0,0.0,0.0
subperiod,A1+S_theory_dollar_neutral,2026,-1.7498276013489178,-0.09600587159918524,0.054865903089639026,-0.08291970138703941
subperiod,A1+S_theory_dollar_neutral_gross,2026,-0.6395370547277228,-0.033897180139106545,0.05300268356387569,-0.053820940054339905
subperiod,A1+S_theory_with_dollar,2026,0.04830335343668555,0.004793147979102549,0.0992301287194325,-0.12192204517446426
subperiod,A1+S_theory_with_dollar_gross,2026,0.6152008482991028,0.0607026195394809,0.09867122210138445,-0.0972292576916215
subperiod,A1+S_gated_frozen,2026,,0.0,0.0,0.0
subperiod,A2_theory_dollar_neutral,2026,-0.9859551777744611,-0.06464446644492018,0.06556531970432809,-0.07879430968910983
subperiod,A2_theory_dollar_neutral_gross,2026,-0.08252190548419033,-0.005348845847056566,0.06481728476424124,-0.04499502355310947
subperiod,A2_theory_with_dollar,2026,1.8945979962221078,0.18555501526844723,0.09793899056076813,-0.07808823295341905
subperiod,A2_theory_with_dollar_gross,2026,2.3328775117074017,0.22767400832862272,0.09759364012300466,-0.06559637249461592
subperiod,A2_gated_frozen,2026,,0.0,0.0,0.0
subperiod,A2+S_theory_dollar_neutral,2026,-1.2770007334130926,-0.07918753066387689,0.062010560050524875,-0.07526130529439856
subperiod,A2+S_theory_dollar_neutral_gross,2026,-0.16885418905980842,-0.010377196244926001,0.06145655196774764,-0.04162498967897055
subperiod,A2+S_theory_with_dollar,2026,2.025545021207166,0.19243841868209532,0.0950057474246648,-0.06146049883412952
subperiod,A2+S_theory_with_dollar_gross,2026,2.5732176148350687,0.24332108153648133,0.09455907659487908,-0.049284019456273254
subperiod,A2+S_gated_frozen,2026,,0.0,0.0,0.0
subperiod,A3_theory_dollar_neutral,2026,,0.0,0.0,0.0
subperiod,A3_theory_dollar_neutral_gross,2026,,0.0,0.0,0.0
subperiod,A3_theory_with_dollar,2026,1.2987103924595123,0.13824081839101446,0.10644468481476647,-0.09711592248080925
subperiod,A3_theory_with_dollar_gross,2026,1.6444877138252092,0.17380672739981573,0.10569049919839624,-0.08105117218399505
subperiod,A3_gated_frozen,2026,,0.0,0.0,0.0
subperiod,A3+S_theory_dollar_neutral,2026,-1.7498276013489178,-0.09600587159918524,0.054865903089639026,-0.08291970138703941
subperiod,A3+S_theory_dollar_neutral_gross,2026,-0.6395370547277228,-0.033897180139106545,0.05300268356387569,-0.053820940054339905
subperiod,A3+S_theory_with_dollar,2026,0.04830335343668555,0.004793147979102549,0.0992301287194325,-0.12192204517446426
subperiod,A3+S_theory_with_dollar_gross,2026,0.6152008482991028,0.0607026195394809,0.09867122210138445,-0.0972292576916215
subperiod,A3+S_gated_frozen,2026,,0.0,0.0,0.0
subperiod,A1_theory_dollar_neutral_D12,2026,,0.0,0.0,0.0
subperiod,A1_theory_with_dollar_D12,2026,-0.3622507908036842,-0.03861013073473792,0.10658397915178615,-0.12780142050229937
subperiod,base_carry,2026,1.263741765704002,0.1270814674218046,0.10055967988919824,-0.10576814209398266
subperiod,pm_timed,2026,0.8384414205387415,0.08082207072118815,0.09639560825758803,-0.10576814209398211
subperiod,vix_timed,2026,0.7403398826909886,0.06718503646128281,0.09074890875401516,-0.11452794280522227
subperiod,pm_timed_level_misspecified,2026,0.8384414205387415,0.08082207072118815,0.09639560825758803,-0.10576814209398211
subperiod,pm_timed_prob_index_D12,2026,0.9784586558994395,0.0886553868337514,0.09060718743630074,-0.09915904459625913
subperiod,base_carry__coarse12,2026,1.8512338485297155,0.18755695513697282,0.10131456665290237,-0.06176091746469459
subperiod,pm_timed__coarse12,2026,1.323578893637618,0.1278615962318128,0.09660292774872548,-0.06176091746469503
subperiod,base_carry__previous,2026,4.428154922371868,0.46794230952554255,0.10567433112184273,-0.06172610618794705
subperiod,pm_timed__previous,2026,3.89907937198589,0.3655267835610087,0.09374694605789406,-0.061726106187947494
subperiod,base_carry__primary_cap20,2026,1.263741765704002,0.1270814674218046,0.10055967988919824,-0.10576814209398266
subperiod,pm_timed__primary_cap20,2026,0.8384414205387415,0.08082207072118815,0.09639560825758803,-0.10576814209398211
subperiod,base_carry__previous_cap20,2026,3.9308252781851083,0.3904787786745343,0.09933760750994795,-0.06485500809187261
subperiod,pm_timed__previous_cap20,2026,3.0752125226506317,0.289858377924118,0.09425637278371872,-0.06485500809187272
subperiod,base_carry_gross,2026,1.2944564600345945,0.1301950889736245,0.10057896344396552,-0.10545393547026549
subperiod,pm_timed_gross,2026,1.0346893306449376,0.09955676646645305,0.09621899397029425,-0.10545393547026516
subperiod,vix_timed_gross,2026,0.9932565329481748,0.09002419436389757,0.09063539113776437,-0.11162932464530351
