key,pnl,share_of_abs,strategy,dimension,hhi
JPY,0.008873230874057628,0.03411959549765407,A1_theory_with_dollar,currency,0.14319675157864947
NOK,0.009878147898813269,0.03798373054384264,A1_theory_with_dollar,currency,0.14319675157864947
SEK,0.016728468993557767,0.06432477678722151,A1_theory_with_dollar,currency,0.14319675157864947
EUR,0.028778813943013324,0.11066110017588668,A1_theory_with_dollar,currency,0.14319675157864947
AUD,0.029415242309998403,0.11310831233039624,A1_theory_with_dollar,currency,0.14319675157864947
NZD,0.030468783289754824,0.11715941756812724,A1_theory_with_dollar,currency,0.14319675157864947
CHF,0.03357552414647501,0.12910554439068506,A1_theory_with_dollar,currency,0.14319675157864947
GBP,0.040165781405035364,0.15444658589845928,A1_theory_with_dollar,currency,0.14319675157864947
CAD,0.06217861176975423,0.23909093680772725,A1_theory_with_dollar,currency,0.14319675157864947
2025-02-28 00:00:00,-0.05557329844632116,-0.0614440328386279,A1_theory_with_dollar,month,0.0408347974701532
2026-03-31 00:00:00,-0.04511347828696971,-0.04987924270873994,A1_theory_with_dollar,month,0.0408347974701532
2026-07-31 00:00:00,-0.042856349428548254,-0.04738367192969356,A1_theory_with_dollar,month,0.0408347974701532
2024-05-31 00:00:00,-0.03839892792914603,-0.04245537073754061,A1_theory_with_dollar,month,0.0408347974701532
2026-06-30 00:00:00,-0.03291354774352144,-0.036390517837304175,A1_theory_with_dollar,month,0.0408347974701532
2024-06-30 00:00:00,-0.028651133863137085,-0.031677824767787494,A1_theory_with_dollar,month,0.0408347974701532
2024-07-31 00:00:00,-0.022263730158965538,-0.024615659052866348,A1_theory_with_dollar,month,0.0408347974701532
2024-03-31 00:00:00,-0.018606947804237918,-0.02057257610891212,A1_theory_with_dollar,month,0.0408347974701532
2025-01-31 00:00:00,-0.018485133456927868,-0.020437893357202426,A1_theory_with_dollar,month,0.0408347974701532
2025-08-31 00:00:00,-0.010019118969494782,-0.011077533495162002,A1_theory_with_dollar,month,0.0408347974701532
2025-05-31 00:00:00,-0.008067636381431605,-0.008919897299772522,A1_theory_with_dollar,month,0.0408347974701532
2024-12-31 00:00:00,-0.0012463721812265597,-0.0013780382912921484,A1_theory_with_dollar,month,0.0408347974701532
2026-04-30 00:00:00,0.0032590718113634145,0.00360335846529398,A1_theory_with_dollar,month,0.0408347974701532
2024-01-31 00:00:00,0.004697064555199859,0.005193260015934153,A1_theory_with_dollar,month,0.0408347974701532
2024-11-30 00:00:00,0.005294818855844822,0.005854160770524715,A1_theory_with_dollar,month,0.0408347974701532
2024-04-30 00:00:00,0.013721530913101092,0.015171066314071615,A1_theory_with_dollar,month,0.0408347974701532
2024-09-30 00:00:00,0.014582833964711328,0.01612335697283587,A1_theory_with_dollar,month,0.0408347974701532
2025-06-30 00:00:00,0.015652065563526905,0.017305541642568607,A1_theory_with_dollar,month,0.0408347974701532
2025-12-31 00:00:00,0.015922009721875918,0.01760400256164134,A1_theory_with_dollar,month,0.0408347974701532
2026-05-31 00:00:00,0.01786895443159643,0.01975662149957626,A1_theory_with_dollar,month,0.0408347974701532
2025-04-30 00:00:00,0.017872382926293964,0.01976041217867345,A1_theory_with_dollar,month,0.0408347974701532
2024-02-29 00:00:00,0.022207180101426065,0.024553135076611134,A1_theory_with_dollar,month,0.0408347974701532
2026-02-28 00:00:00,0.026298634546963504,0.02907680864535167,A1_theory_with_dollar,month,0.0408347974701532
2025-10-31 00:00:00,0.02827792037112278,0.03126518519626204,A1_theory_with_dollar,month,0.0408347974701532
2025-09-30 00:00:00,0.02997161921943034,0.03313780551147828,A1_theory_with_dollar,month,0.0408347974701532
2025-07-31 00:00:00,0.03479856966135261,0.038474672491767,A1_theory_with_dollar,month,0.0408347974701532
2025-03-31 00:00:00,0.03799258961922316,0.042006107059542275,A1_theory_with_dollar,month,0.0408347974701532
2026-09-30 00:00:00,0.04014127653337259,0.04438178014363051,A1_theory_with_dollar,month,0.0408347974701532
2025-11-30 00:00:00,0.04598343978589456,0.050841106488697364,A1_theory_with_dollar,month,0.0408347974701532
2024-10-31 00:00:00,0.04716880223866821,0.052151690015501184,A1_theory_with_dollar,month,0.0408347974701532
2026-01-31 00:00:00,0.05076120761925648,0.05612359523519471,A1_theory_with_dollar,month,0.0408347974701532
2026-08-31 00:00:00,0.05136293118502152,0.05678888456601165,A1_theory_with_dollar,month,0.0408347974701532
2024-08-31 00:00:00,0.0584233756551422,0.06459519072393095,A1_theory_with_dollar,month,0.0408347974701532
EUR,0.0,,A1_theory_dollar_neutral,currency,0.0
JPY,0.0,,A1_theory_dollar_neutral,currency,0.0
GBP,0.0,,A1_theory_dollar_neutral,currency,0.0
CHF,0.0,,A1_theory_dollar_neutral,currency,0.0
AUD,0.0,,A1_theory_dollar_neutral,currency,0.0
NZD,0.0,,A1_theory_dollar_neutral,currency,0.0
CAD,0.0,,A1_theory_dollar_neutral,currency,0.0
NOK,0.0,,A1_theory_dollar_neutral,currency,0.0
SEK,0.0,,A1_theory_dollar_neutral,currency,0.0
2024-01-31 00:00:00,0.0,,A1_theory_dollar_neutral,month,0.0
2024-02-29 00:00:00,0.0,,A1_theory_dollar_neutral,month,0.0
2024-03-31 00:00:00,0.0,,A1_theory_dollar_neutral,month,0.0
2024-04-30 00:00:00,0.0,,A1_theory_dollar_neutral,month,0.0
2024-05-31 00:00:00,0.0,,A1_theory_dollar_neutral,month,0.0
2024-06-30 00:00:00,0.0,,A1_theory_dollar_neutral,month,0.0
2024-07-31 00:00:00,0.0,,A1_theory_dollar_neutral,month,0.0
2024-08-31 00:00:00,0.0,,A1_theory_dollar_neutral,month,0.0
2024-09-30 00:00:00,0.0,,A1_theory_dollar_neutral,month,0.0
2024-10-31 00:00:00,0.0,,A1_theory_dollar_neutral,month,0.0
2024-11-30 00:00:00,0.0,,A1_theory_dollar_neutral,month,0.0
2024-12-31 00:00:00,0.0,,A1_theory_dollar_neutral,month,0.0
2025-01-31 00:00:00,0.0,,A1_theory_dollar_neutral,month,0.0
2025-02-28 00:00:00,0.0,,A1_theory_dollar_neutral,month,0.0
2025-03-31 00:00:00,0.0,,A1_theory_dollar_neutral,month,0.0
2025-04-30 00:00:00,0.0,,A1_theory_dollar_neutral,month,0.0
2025-05-31 00:00:00,0.0,,A1_theory_dollar_neutral,month,0.0
2025-06-30 00:00:00,0.0,,A1_theory_dollar_neutral,month,0.0
2025-07-31 00:00:00,0.0,,A1_theory_dollar_neutral,month,0.0
2025-08-31 00:00:00,0.0,,A1_theory_dollar_neutral,month,0.0
2025-09-30 00:00:00,0.0,,A1_theory_dollar_neutral,month,0.0
2025-10-31 00:00:00,0.0,,A1_theory_dollar_neutral,month,0.0
2025-11-30 00:00:00,0.0,,A1_theory_dollar_neutral,month,0.0
2025-12-31 00:00:00,0.0,,A1_theory_dollar_neutral,month,0.0
2026-01-31 00:00:00,0.0,,A1_theory_dollar_neutral,month,0.0
2026-02-28 00:00:00,0.0,,A1_theory_dollar_neutral,month,0.0
2026-03-31 00:00:00,0.0,,A1_theory_dollar_neutral,month,0.0
2026-04-30 00:00:00,0.0,,A1_theory_dollar_neutral,month,0.0
2026-05-31 00:00:00,0.0,,A1_theory_dollar_neutral,month,0.0
2026-06-30 00:00:00,0.0,,A1_theory_dollar_neutral,month,0.0
2026-07-31 00:00:00,0.0,,A1_theory_dollar_neutral,month,0.0
2026-08-31 00:00:00,0.0,,A1_theory_dollar_neutral,month,0.0
2026-09-30 00:00:00,0.0,,A1_theory_dollar_neutral,month,0.0
CLP,-0.030957789414153378,-0.07249491670435694,pm_timed,currency,0.26908770779978364
ZAR,0.0,0.0,pm_timed,currency,0.26908770779978364
KRW,0.037153920300049284,0.08700460880326875,pm_timed,currency,0.26908770779978364
MXN,0.07206688517623261,0.16876149547050326,pm_timed,currency,0.26908770779978364
BRL,0.12937662199652822,0.30296567076076175,pm_timed,currency,0.26908770779978364
COP,0.1574787162700742,0.3687733082611093,pm_timed,currency,0.26908770779978364
2024-08-31 00:00:00,-0.0564632356420376,-0.08215143126123191,pm_timed,month,0.05431306872217203
2026-08-31 00:00:00,-0.04119995277148462,-0.05994405119696533,pm_timed,month,0.05431306872217203
2025-12-31 00:00:00,-0.03976099140032181,-0.0578504280663306,pm_timed,month,0.05431306872217203
2024-04-30 00:00:00,-0.0121292587554836,-0.01764751799237922,pm_timed,month,0.05431306872217203
2025-05-31 00:00:00,-0.0046365754553779745,-0.0067460057058156405,pm_timed,month,0.05431306872217203
2024-06-30 00:00:00,-0.004189243472714427,-0.00609515808422849,pm_timed,month,0.05431306872217203
2026-05-31 00:00:00,-0.0016661012395041766,-0.0024241012739531567,pm_timed,month,0.05431306872217203
2025-02-28 00:00:00,-0.0010488537912838854,-0.0015260344037667894,pm_timed,month,0.05431306872217203
2024-10-31 00:00:00,0.0,0.0,pm_timed,month,0.05431306872217203
2024-11-30 00:00:00,0.0,0.0,pm_timed,month,0.05431306872217203
2025-04-30 00:00:00,0.0016608961001149097,0.0024165280336689225,pm_timed,month,0.05431306872217203
2024-05-31 00:00:00,0.0028348462074567916,0.004124571868755312,pm_timed,month,0.05431306872217203
2024-09-30 00:00:00,0.004235743186046196,0.006162813045195653,pm_timed,month,0.05431306872217203
2024-07-31 00:00:00,0.005247930385951702,0.0076354992317206735,pm_timed,month,0.05431306872217203
2025-07-31 00:00:00,0.005458171970393062,0.007941391143087296,pm_timed,month,0.05431306872217203
2024-02-29 00:00:00,0.010372730167393204,0.01509184905272209,pm_timed,month,0.05431306872217203
2025-01-31 00:00:00,0.010581354735365697,0.015395388278916141,pm_timed,month,0.05431306872217203
2026-02-28 00:00:00,0.010912537086072368,0.015877243486285025,pm_timed,month,0.05431306872217203
2026-04-30 00:00:00,0.011053600851802105,0.016082484828231238,pm_timed,month,0.05431306872217203
2026-09-30 00:00:00,0.015363362188028211,0.022352990904253862,pm_timed,month,0.05431306872217203
2025-03-31 00:00:00,0.015649841661685596,0.022769805465451216,pm_timed,month,0.05431306872217203
2025-06-30 00:00:00,0.017868014222951006,0.025997145319787803,pm_timed,month,0.05431306872217203
2026-07-31 00:00:00,0.018536801070058433,0.02697019966344743,pm_timed,month,0.05431306872217203
2025-08-31 00:00:00,0.02159890210934276,0.031425416942147386,pm_timed,month,0.05431306872217203
2025-10-31 00:00:00,0.022655053390368076,0.03296206886048017,pm_timed,month,0.05431306872217203
2024-01-31 00:00:00,0.030167590737172536,0.04389246787898694,pm_timed,month,0.05431306872217203
2026-01-31 00:00:00,0.032270173052795365,0.04695162920066598,pm_timed,month,0.05431306872217203
2024-12-31 00:00:00,0.039632888546808895,0.057664044260212,pm_timed,month,0.05431306872217203
2025-09-30 00:00:00,0.03970455040438413,0.057768308992824334,pm_timed,month,0.05431306872217203
2025-11-30 00:00:00,0.04371531976527829,0.06360379538869856,pm_timed,month,0.05431306872217203
2024-03-31 00:00:00,0.0513721391684053,0.07474411821510321,pm_timed,month,0.05431306872217203
2026-03-31 00:00:00,0.05367072922909366,0.07808846186139262,pm_timed,month,0.05431306872217203
2026-06-30 00:00:00,0.061649390619970726,0.08969705009329489,pm_timed,month,0.05431306872217203
ZAR,0.0,0.0,base_carry,currency,0.2897468993292441
CLP,0.013952985227767528,0.036873936872095225,base_carry,currency,0.2897468993292441
MXN,0.03886628276172917,0.10271299178020472,base_carry,currency,0.2897468993292441
COP,0.0807594044315892,0.21342509378653537,base_carry,currency,0.2897468993292441
KRW,0.08183917833047427,0.2162786418935303,base_carry,currency,0.2897468993292441
BRL,0.16297909872975797,0.43070933566763453,base_carry,currency,0.2897468993292441
2024-06-30 00:00:00,-0.06808085791480126,-0.0792304781401816,base_carry,month,0.04755069649792283
2024-08-31 00:00:00,-0.0564632356420376,-0.06571023477493206,base_carry,month,0.04755069649792283
2026-08-31 00:00:00,-0.04119995277148462,-0.04794728000523545,base_carry,month,0.04755069649792283
2025-12-31 00:00:00,-0.03976099140032181,-0.04627265954723306,base_carry,month,0.04755069649792283
2024-04-30 00:00:00,-0.0121292587554836,-0.014115670690953791,base_carry,month,0.04755069649792283
2024-09-30 00:00:00,-0.011517511996804902,-0.013403738002745379,base_carry,month,0.04755069649792283
2025-05-31 00:00:00,-0.00857282220679334,-0.009976795581880204,base_carry,month,0.04755069649792283
2026-05-31 00:00:00,-0.0016661012395041766,-0.0019389590830518324,base_carry,month,0.04755069649792283
2025-02-28 00:00:00,-0.0010488537912838854,-0.0012206248559111898,base_carry,month,0.04755069649792283
2024-05-31 00:00:00,0.0028348462074567916,0.0032991097255525488,base_carry,month,0.04755069649792283
2026-09-30 00:00:00,0.005769793551847681,0.006714714177884092,base_carry,month,0.04755069649792283
2026-04-30 00:00:00,0.006206411573049087,0.007222837248655303,base_carry,month,0.04755069649792283
2024-07-31 00:00:00,0.008890469921620337,0.010346464547529468,base_carry,month,0.04755069649792283
2024-11-30 00:00:00,0.009725345221651244,0.011318067597709236,base_carry,month,0.04755069649792283
2024-02-29 00:00:00,0.010372730167393204,0.012071474948363957,base_carry,month,0.04755069649792283
2025-04-30 00:00:00,0.010772123870831696,0.012536277464942264,base_carry,month,0.04755069649792283
2026-02-28 00:00:00,0.01412252339638271,0.016435372812745347,base_carry,month,0.04755069649792283
2025-07-31 00:00:00,0.018448044324914554,0.021469285455294935,base_carry,month,0.04755069649792283
2026-07-31 00:00:00,0.018536801070058433,0.021572577916220092,base_carry,month,0.04755069649792283
2025-10-31 00:00:00,0.01947673570889095,0.0226664459010862,base_carry,month,0.04755069649792283
2025-01-31 00:00:00,0.019927319568713346,0.023190821999587382,base_carry,month,0.04755069649792283
2025-03-31 00:00:00,0.021374459829615798,0.024874960806279493,base_carry,month,0.04755069649792283
2024-10-31 00:00:00,0.023285437898568854,0.02709890026233083,base_carry,month,0.04755069649792283
2025-08-31 00:00:00,0.027669125590933836,0.03220050565511182,base_carry,month,0.04755069649792283
2026-01-31 00:00:00,0.02861570525751697,0.033302106925692326,base_carry,month,0.04755069649792283
2024-01-31 00:00:00,0.030167590737172536,0.0351081451034983,base_carry,month,0.04755069649792283
2025-06-30 00:00:00,0.03315421605503673,0.03858389084477673,base_carry,month,0.04755069649792283
2024-12-31 00:00:00,0.039143077933743574,0.04555355022773068,base_carry,month,0.04755069649792283
2025-09-30 00:00:00,0.03970455040438413,0.046206975194364786,base_carry,month,0.04755069649792283
2025-11-30 00:00:00,0.04371531976527829,0.050874589321250635,base_carry,month,0.04755069649792283
2024-03-31 00:00:00,0.0513721391684053,0.05978536807644729,base_carry,month,0.04755069649792283
2026-06-30 00:00:00,0.061649390619970726,0.07174572773427375,base_carry,month,0.04755069649792283
2026-03-31 00:00:00,0.07390237735639661,0.08600538937054795,base_carry,month,0.04755069649792283
