bucket,n_days,ann_mean,ann_vol,sharpe,hit_rate,strategy,conditioner
q1,238,0.0,0.0,,0.0,A1_theory_dollar_neutral,VIX tercile
q2,238,0.0,0.0,,0.0,A1_theory_dollar_neutral,VIX tercile
q3,238,0.0,0.0,,0.0,A1_theory_dollar_neutral,VIX tercile
-1.0,370,0.0,0.0,,0.0,A1_theory_dollar_neutral,dollar month
1.0,344,0.0,0.0,,0.0,A1_theory_dollar_neutral,dollar month
False,619,0.0,0.0,,0.0,A1_theory_dollar_neutral,large Brent week
True,95,0.0,0.0,,0.0,A1_theory_dollar_neutral,large Brent week
False,698,0.0,0.0,,0.0,A1_theory_dollar_neutral,geo shock day
True,16,0.0,0.0,,0.0,A1_theory_dollar_neutral,geo shock day
q1,239,0.0,0.0,,0.0,A1_theory_dollar_neutral,half-spread tercile
q2,237,0.0,0.0,,0.0,A1_theory_dollar_neutral,half-spread tercile
q3,238,0.0,0.0,,0.0,A1_theory_dollar_neutral,half-spread tercile
q1,238,-0.040837562322251726,0.10240353352921834,-0.398790558439077,0.4369747899159664,A1_theory_with_dollar,VIX tercile
q2,238,0.19692622618253752,0.1069988427565602,1.8404519255463052,0.5588235294117647,A1_theory_with_dollar,VIX tercile
q3,238,-0.021421770260424286,0.10462274534082758,-0.20475251524550409,0.47478991596638653,A1_theory_with_dollar,VIX tercile
-1.0,370,0.01986328483303185,0.10713107857265163,0.18541104129332028,0.5054054054054054,A1_theory_with_dollar,dollar month
1.0,344,0.07180612002484087,0.1022888460792163,0.7019936462009898,0.4738372093023256,A1_theory_with_dollar,dollar month
False,619,0.08008657828289477,0.10338948193563788,0.7746104998644867,0.4927302100161551,A1_theory_with_dollar,large Brent week
True,95,-0.18445127663520866,0.11283801255643632,-1.6346554893720302,0.47368421052631576,A1_theory_with_dollar,large Brent week
False,698,0.04347042600885433,0.10506715321431219,0.4137394483334381,0.49140401146131807,A1_theory_with_dollar,geo shock day
True,16,0.10677270766166976,0.09354227355562633,1.1414380215825708,0.4375,A1_theory_with_dollar,geo shock day
q1,239,0.031564838381798306,0.10886136319204219,0.28995446553535087,0.4811715481171548,A1_theory_with_dollar,half-spread tercile
q2,237,0.14224204440893334,0.10338164768979519,1.3758926036441386,0.48523206751054854,A1_theory_with_dollar,half-spread tercile
q3,238,-0.03867495891344518,0.10203167156045864,-0.37904856719443647,0.5042016806722689,A1_theory_with_dollar,half-spread tercile
q1,238,0.024908320142731172,0.041589737504814095,0.5989054424747929,0.2857142857142857,A1+S_theory_dollar_neutral,VIX tercile
q2,238,-0.11530439521041724,0.05574970744812492,-2.068251126119504,0.47058823529411764,A1+S_theory_dollar_neutral,VIX tercile
q3,238,-0.04324188637029312,0.08307094788451815,-0.520541627024724,0.453781512605042,A1+S_theory_dollar_neutral,VIX tercile
-1.0,370,-0.04948636895094847,0.07501803969057648,-0.6596595852819224,0.43513513513513513,A1+S_theory_dollar_neutral,dollar month
1.0,344,-0.03923220439066312,0.04564462183249486,-0.859514282638515,0.3691860465116279,A1+S_theory_dollar_neutral,dollar month
False,619,-0.07356266031075363,0.05711609388861938,-1.287949775665792,0.3780290791599354,A1+S_theory_dollar_neutral,large Brent week
True,95,0.14452054642228893,0.08989957333323371,1.6075776676557725,0.5684210526315789,A1+S_theory_dollar_neutral,large Brent week
False,698,-0.043256815285807826,0.06233039711322893,-0.6939922941165901,0.3997134670487106,A1+S_theory_dollar_neutral,geo shock day
True,16,-0.10078610954657433,0.07448039103866372,-1.3531898549546415,0.5625,A1+S_theory_dollar_neutral,geo shock day
q1,239,-0.033892754284065935,0.04066565011319208,-0.8334492179450246,0.28870292887029286,A1+S_theory_dollar_neutral,half-spread tercile
q2,237,-0.035367655870032766,0.05461289587169692,-0.6476063080984142,0.4472573839662447,A1+S_theory_dollar_neutral,half-spread tercile
q3,238,-0.06438374834936775,0.08452625214857079,-0.7617012077644375,0.47478991596638653,A1+S_theory_dollar_neutral,half-spread tercile
q1,238,-0.09279145808836643,0.09812275677803152,-0.9456670515105351,0.42436974789915966,A1+S_theory_with_dollar,VIX tercile
q2,238,0.12807952367747608,0.09996541728435682,1.2812383237809855,0.5588235294117647,A1+S_theory_with_dollar,VIX tercile
q3,238,-0.0976758436198607,0.09849076495067668,-0.9917259112443276,0.453781512605042,A1+S_theory_with_dollar,VIX tercile
-1.0,370,-0.04016267799064917,0.10135781133044822,-0.39624650003254536,0.5027027027027027,A1+S_theory_with_dollar,dollar month
1.0,344,3.459210820186652e-05,0.09641681477922696,0.00035877671629243037,0.45348837209302323,A1+S_theory_with_dollar,dollar month
False,619,-0.001647255055585835,0.09894005071235518,-0.016649021743225505,0.4798061389337641,A1+S_theory_with_dollar,large Brent week
True,95,-0.14556463465169597,0.09915458014454856,-1.4680575969308767,0.47368421052631576,A1+S_theory_with_dollar,large Brent week
False,698,-0.02286166567611739,0.09931928878504707,-0.23018354194617743,0.4785100286532951,A1+S_theory_with_dollar,geo shock day
True,16,0.06932196691319907,0.08353357526305537,0.829869506900638,0.5,A1+S_theory_with_dollar,geo shock day
q1,239,-0.012201520795992266,0.10558066714781472,-0.11556586187232488,0.47280334728033474,A1+S_theory_with_dollar,half-spread tercile
q2,237,0.08849125786023608,0.09517257180176887,0.9297979048475329,0.4978902953586498,A1+S_theory_with_dollar,half-spread tercile
q3,238,-0.13825443619307798,0.09559048497265354,-1.4463200624270263,0.46638655462184875,A1+S_theory_with_dollar,half-spread tercile
q1,238,0.050004064072403265,0.0375503094133413,1.3316551808395287,0.2605042016806723,A2_theory_dollar_neutral,VIX tercile
q2,238,-0.09285919980548421,0.0642223012444385,-1.4459027161304905,0.39915966386554624,A2_theory_dollar_neutral,VIX tercile
q3,238,-0.11690207995510764,0.06198713039817213,-1.8859088847022163,0.48739495798319327,A2_theory_dollar_neutral,VIX tercile
-1.0,370,-0.17298180700273189,0.05894320302449005,-2.9347201734330666,0.4081081081081081,A2_theory_dollar_neutral,dollar month
1.0,344,0.07552631179424975,0.051564659298279074,1.4646913762653404,0.3546511627906977,A2_theory_dollar_neutral,dollar month
False,619,-0.04876559864569186,0.05540201736568663,-0.880213410349475,0.3651050080775444,A2_theory_dollar_neutral,large Brent week
True,95,-0.08248749233795395,0.060182349119322694,-1.370625998237576,0.49473684210526314,A2_theory_dollar_neutral,large Brent week
False,698,-0.056268113596682524,0.05633012369131378,-0.9988991663684059,0.37822349570200575,A2_theory_dollar_neutral,geo shock day
True,16,0.07830787229346944,0.04078222230765971,1.9201472568786837,0.5625,A2_theory_dollar_neutral,geo shock day
q1,239,-0.11688159524800595,0.048101389485425035,-2.4299006015911804,0.21338912133891214,A2_theory_dollar_neutral,half-spread tercile
q2,237,0.03432736098670701,0.05733946126693864,0.5986690531830968,0.4472573839662447,A2_theory_dollar_neutral,half-spread tercile
q3,238,-0.07656764967800432,0.061608152463825415,-1.2428168451076782,0.48739495798319327,A2_theory_dollar_neutral,half-spread tercile
q1,238,0.04451687901603992,0.09883012410921105,0.45043835993615744,0.4411764705882353,A2_theory_with_dollar,VIX tercile
q2,238,0.1774679649904774,0.105261201940274,1.685976995504707,0.5588235294117647,A2_theory_with_dollar,VIX tercile
q3,238,0.02516627057926434,0.10250675521258698,0.24550841090494427,0.5042016806722689,A2_theory_with_dollar,VIX tercile
-1.0,370,-0.005331489562693029,0.10405150223644229,-0.05123894848320379,0.4945945945945946,A2_theory_with_dollar,dollar month
1.0,344,0.1767285360744548,0.09993587983089185,1.7684192741736895,0.5087209302325582,A2_theory_with_dollar,dollar month
False,619,0.06850490646729697,0.10135739687473068,0.6758747617794816,0.49434571890145396,A2_theory_with_dollar,large Brent week
True,95,0.17281503334904433,0.10776446119107325,1.60363659261129,0.5473684210526316,A2_theory_with_dollar,large Brent week
False,698,0.08380482594121115,0.10236540169057337,0.8186831151655469,0.505730659025788,A2_theory_with_dollar,geo shock day
True,16,0.020387297778165593,0.09668553761457548,0.21086191669572082,0.3125,A2_theory_with_dollar,geo shock day
q1,239,0.06799785167839428,0.10633288859040524,0.6394809036019168,0.4811715481171548,A2_theory_with_dollar,half-spread tercile
q2,237,0.1387240912108653,0.10100670957812989,1.373414615625713,0.5021097046413502,A2_theory_with_dollar,half-spread tercile
q3,238,0.040726340770187885,0.09937655559644466,0.4098183975662458,0.5210084033613446,A2_theory_with_dollar,half-spread tercile
q1,238,-0.03582931120086557,0.05652544054915751,-0.6338616886976143,0.3949579831932773,A2+S_theory_dollar_neutral,VIX tercile
q2,238,-0.1825368804080783,0.06363803908691819,-2.8683611724548204,0.3949579831932773,A2+S_theory_dollar_neutral,VIX tercile
q3,238,-0.11537500365148415,0.07774405947187771,-1.4840362650887642,0.44537815126050423,A2+S_theory_dollar_neutral,VIX tercile
-1.0,370,-0.20374635090410698,0.07271356425855177,-2.8020404855913057,0.4027027027027027,A2+S_theory_dollar_neutral,dollar month
1.0,344,-0.011756554178669413,0.058718620795176334,-0.20021850001686692,0.42151162790697677,A2+S_theory_dollar_neutral,dollar month
False,619,-0.13455763252267283,0.06206631644812757,-2.1679654959889634,0.40064620355411956,A2+S_theory_dollar_neutral,large Brent week
True,95,0.04063968483739592,0.09044733799569624,0.44931874987110937,0.4842105263157895,A2+S_theory_dollar_neutral,large Brent week
False,698,-0.10608376181747224,0.0666243505152072,-1.5922671065027245,0.41260744985673353,A2+S_theory_dollar_neutral,geo shock day
True,16,-0.3364961702116407,0.06457778717092302,-5.210710756022195,0.375,A2+S_theory_dollar_neutral,geo shock day
q1,239,-0.22324116273086722,0.06078227871349342,-3.6728001558340493,0.35564853556485354,A2+S_theory_dollar_neutral,half-spread tercile
q2,237,0.014137616423107223,0.05602846874034646,0.25232915946044115,0.4388185654008439,A2+S_theory_dollar_neutral,half-spread tercile
q3,238,-0.12364025912428998,0.07989269257100347,-1.5475790731975456,0.4411764705882353,A2+S_theory_dollar_neutral,half-spread tercile
q1,238,-0.055083958578234525,0.09403992868998835,-0.5857507480660059,0.40336134453781514,A2+S_theory_with_dollar,VIX tercile
q2,238,0.16485898649839645,0.10218889567813487,1.6132769162870109,0.5546218487394958,A2+S_theory_with_dollar,VIX tercile
q3,238,-0.04143090157729303,0.1002250273237911,-0.4133788005209982,0.4957983193277311,A2+S_theory_with_dollar,VIX tercile
-1.0,370,-0.00816721596567254,0.10167557259564362,-0.08032623527140552,0.4837837837837838,A2+S_theory_with_dollar,dollar month
1.0,344,0.0560691045840164,0.09602222292837469,0.5839180022507885,0.48546511627906974,A2+S_theory_with_dollar,dollar month
False,619,0.013047177240187627,0.09851268749366006,0.13244159277481188,0.4765751211631664,A2+S_theory_with_dollar,large Brent week
True,95,0.08620736166238592,0.10215129023139521,0.843918480785776,0.5368421052631579,A2+S_theory_with_dollar,large Brent week
False,698,0.022244838551339942,0.09915686491215134,0.22433987370463865,0.48567335243553006,A2+S_theory_with_dollar,geo shock day
True,16,0.04618779754796999,0.09207454054673933,0.5016348414415809,0.4375,A2+S_theory_with_dollar,geo shock day
q1,239,-0.08243830101830464,0.09899647339743534,-0.8327397753589103,0.4309623430962343,A2+S_theory_with_dollar,half-spread tercile
q2,237,0.14335257626435083,0.09874709917717775,1.4517143030919764,0.4936708860759494,A2+S_theory_with_dollar,half-spread tercile
q3,238,0.008378552261875866,0.09898408921141025,0.08464544482478341,0.5294117647058824,A2+S_theory_with_dollar,half-spread tercile
q1,238,0.0,0.0,,0.0,A3_theory_dollar_neutral,VIX tercile
q2,238,0.0,0.0,,0.0,A3_theory_dollar_neutral,VIX tercile
q3,238,0.0,0.0,,0.0,A3_theory_dollar_neutral,VIX tercile
-1.0,370,0.0,0.0,,0.0,A3_theory_dollar_neutral,dollar month
1.0,344,0.0,0.0,,0.0,A3_theory_dollar_neutral,dollar month
False,619,0.0,0.0,,0.0,A3_theory_dollar_neutral,large Brent week
True,95,0.0,0.0,,0.0,A3_theory_dollar_neutral,large Brent week
False,698,0.0,0.0,,0.0,A3_theory_dollar_neutral,geo shock day
True,16,0.0,0.0,,0.0,A3_theory_dollar_neutral,geo shock day
q1,239,0.0,0.0,,0.0,A3_theory_dollar_neutral,half-spread tercile
q2,237,0.0,0.0,,0.0,A3_theory_dollar_neutral,half-spread tercile
q3,238,0.0,0.0,,0.0,A3_theory_dollar_neutral,half-spread tercile
q1,238,-0.040837562322251726,0.10240353352921834,-0.398790558439077,0.4369747899159664,A3_theory_with_dollar,VIX tercile
q2,238,0.19692622618253752,0.1069988427565602,1.8404519255463052,0.5588235294117647,A3_theory_with_dollar,VIX tercile
q3,238,-0.021421770260424286,0.10462274534082758,-0.20475251524550409,0.47478991596638653,A3_theory_with_dollar,VIX tercile
-1.0,370,0.01986328483303185,0.10713107857265163,0.18541104129332028,0.5054054054054054,A3_theory_with_dollar,dollar month
1.0,344,0.07180612002484087,0.1022888460792163,0.7019936462009898,0.4738372093023256,A3_theory_with_dollar,dollar month
False,619,0.08008657828289477,0.10338948193563788,0.7746104998644867,0.4927302100161551,A3_theory_with_dollar,large Brent week
True,95,-0.18445127663520866,0.11283801255643632,-1.6346554893720302,0.47368421052631576,A3_theory_with_dollar,large Brent week
False,698,0.04347042600885433,0.10506715321431219,0.4137394483334381,0.49140401146131807,A3_theory_with_dollar,geo shock day
True,16,0.10677270766166976,0.09354227355562633,1.1414380215825708,0.4375,A3_theory_with_dollar,geo shock day
q1,239,0.031564838381798306,0.10886136319204219,0.28995446553535087,0.4811715481171548,A3_theory_with_dollar,half-spread tercile
q2,237,0.14224204440893334,0.10338164768979519,1.3758926036441386,0.48523206751054854,A3_theory_with_dollar,half-spread tercile
q3,238,-0.03867495891344518,0.10203167156045864,-0.37904856719443647,0.5042016806722689,A3_theory_with_dollar,half-spread tercile
q1,238,0.024908320142731172,0.041589737504814095,0.5989054424747929,0.2857142857142857,A3+S_theory_dollar_neutral,VIX tercile
q2,238,-0.11530439521041724,0.05574970744812492,-2.068251126119504,0.47058823529411764,A3+S_theory_dollar_neutral,VIX tercile
q3,238,-0.04324188637029312,0.08307094788451815,-0.520541627024724,0.453781512605042,A3+S_theory_dollar_neutral,VIX tercile
-1.0,370,-0.04948636895094847,0.07501803969057648,-0.6596595852819224,0.43513513513513513,A3+S_theory_dollar_neutral,dollar month
1.0,344,-0.03923220439066312,0.04564462183249486,-0.859514282638515,0.3691860465116279,A3+S_theory_dollar_neutral,dollar month
False,619,-0.07356266031075363,0.05711609388861938,-1.287949775665792,0.3780290791599354,A3+S_theory_dollar_neutral,large Brent week
True,95,0.14452054642228893,0.08989957333323371,1.6075776676557725,0.5684210526315789,A3+S_theory_dollar_neutral,large Brent week
False,698,-0.043256815285807826,0.06233039711322893,-0.6939922941165901,0.3997134670487106,A3+S_theory_dollar_neutral,geo shock day
True,16,-0.10078610954657433,0.07448039103866372,-1.3531898549546415,0.5625,A3+S_theory_dollar_neutral,geo shock day
q1,239,-0.033892754284065935,0.04066565011319208,-0.8334492179450246,0.28870292887029286,A3+S_theory_dollar_neutral,half-spread tercile
q2,237,-0.035367655870032766,0.05461289587169692,-0.6476063080984142,0.4472573839662447,A3+S_theory_dollar_neutral,half-spread tercile
q3,238,-0.06438374834936775,0.08452625214857079,-0.7617012077644375,0.47478991596638653,A3+S_theory_dollar_neutral,half-spread tercile
q1,238,-0.09279145808836643,0.09812275677803152,-0.9456670515105351,0.42436974789915966,A3+S_theory_with_dollar,VIX tercile
q2,238,0.12807952367747608,0.09996541728435682,1.2812383237809855,0.5588235294117647,A3+S_theory_with_dollar,VIX tercile
q3,238,-0.0976758436198607,0.09849076495067668,-0.9917259112443276,0.453781512605042,A3+S_theory_with_dollar,VIX tercile
-1.0,370,-0.04016267799064917,0.10135781133044822,-0.39624650003254536,0.5027027027027027,A3+S_theory_with_dollar,dollar month
1.0,344,3.459210820186652e-05,0.09641681477922696,0.00035877671629243037,0.45348837209302323,A3+S_theory_with_dollar,dollar month
False,619,-0.001647255055585835,0.09894005071235518,-0.016649021743225505,0.4798061389337641,A3+S_theory_with_dollar,large Brent week
True,95,-0.14556463465169597,0.09915458014454856,-1.4680575969308767,0.47368421052631576,A3+S_theory_with_dollar,large Brent week
False,698,-0.02286166567611739,0.09931928878504707,-0.23018354194617743,0.4785100286532951,A3+S_theory_with_dollar,geo shock day
True,16,0.06932196691319907,0.08353357526305537,0.829869506900638,0.5,A3+S_theory_with_dollar,geo shock day
q1,239,-0.012201520795992266,0.10558066714781472,-0.11556586187232488,0.47280334728033474,A3+S_theory_with_dollar,half-spread tercile
q2,237,0.08849125786023608,0.09517257180176887,0.9297979048475329,0.4978902953586498,A3+S_theory_with_dollar,half-spread tercile
q3,238,-0.13825443619307798,0.09559048497265354,-1.4463200624270263,0.46638655462184875,A3+S_theory_with_dollar,half-spread tercile
q1,238,0.0,0.0,,0.0,A1_theory_dollar_neutral_D12,VIX tercile
q2,238,0.0,0.0,,0.0,A1_theory_dollar_neutral_D12,VIX tercile
q3,238,0.0,0.0,,0.0,A1_theory_dollar_neutral_D12,VIX tercile
-1.0,370,0.0,0.0,,0.0,A1_theory_dollar_neutral_D12,dollar month
1.0,344,0.0,0.0,,0.0,A1_theory_dollar_neutral_D12,dollar month
False,619,0.0,0.0,,0.0,A1_theory_dollar_neutral_D12,large Brent week
True,95,0.0,0.0,,0.0,A1_theory_dollar_neutral_D12,large Brent week
False,698,0.0,0.0,,0.0,A1_theory_dollar_neutral_D12,geo shock day
True,16,0.0,0.0,,0.0,A1_theory_dollar_neutral_D12,geo shock day
q1,239,0.0,0.0,,0.0,A1_theory_dollar_neutral_D12,half-spread tercile
q2,237,0.0,0.0,,0.0,A1_theory_dollar_neutral_D12,half-spread tercile
q3,238,0.0,0.0,,0.0,A1_theory_dollar_neutral_D12,half-spread tercile
q1,238,-0.23631932361307398,0.10172845348638487,-2.3230405605714086,0.3739495798319328,A1_theory_with_dollar_D12,VIX tercile
q2,238,0.0848974888654581,0.10804717859760979,0.7857446160777048,0.5378151260504201,A1_theory_with_dollar_D12,VIX tercile
q3,238,0.0029961553578381843,0.10485893181492853,0.02857320121404888,0.46218487394957986,A1_theory_with_dollar_D12,VIX tercile
-1.0,370,0.02928862638472956,0.10747137859847788,0.2725248970161101,0.4810810810810811,A1_theory_with_dollar_D12,dollar month
1.0,344,-0.13419216121254945,0.10240635289248297,-1.3103890278510222,0.4331395348837209,A1_theory_with_dollar_D12,dollar month
False,619,-0.04221327885864822,0.1039257138256776,-0.406187047504487,0.45395799676898224,A1_theory_with_dollar_D12,large Brent week
True,95,-0.09679254822382995,0.11309183236237699,-0.855875673794729,0.4842105263157895,A1_theory_with_dollar_D12,large Brent week
False,698,-0.04938001482700662,0.10537522800886702,-0.4686112263771467,0.4584527220630373,A1_theory_with_dollar_D12,geo shock day
True,16,-0.05362883409477893,0.09609274937206935,-0.5580944914702053,0.4375,A1_theory_with_dollar_D12,geo shock day
q1,239,-0.02648260399986963,0.10950570479641991,-0.24183766543581417,0.4769874476987448,A1_theory_with_dollar_D12,half-spread tercile
q2,237,-0.027602897931004,0.10377773496882953,-0.26598092489968833,0.42616033755274263,A1_theory_with_dollar_D12,half-spread tercile
q3,238,-0.09434488457626176,0.10228294733956565,-0.9223911417320565,0.47058823529411764,A1_theory_with_dollar_D12,half-spread tercile
q1,238,-0.021793811268200704,0.09686090182003809,-0.22500111870414274,0.44537815126050423,A1_theory_with_dollar_weekly,VIX tercile
q2,238,0.1277834410610161,0.10953902117217641,1.1665563531023584,0.542016806722689,A1_theory_with_dollar_weekly,VIX tercile
q3,238,0.12613184013995649,0.1036007826430471,1.2174796070270952,0.5378151260504201,A1_theory_with_dollar_weekly,VIX tercile
-1.0,370,0.06639951430017345,0.1080928224586803,0.6142823620463369,0.5243243243243243,A1_theory_with_dollar_weekly,dollar month
1.0,344,0.08917758590969631,0.09828197049225174,0.90736465155353,0.49127906976744184,A1_theory_with_dollar_weekly,dollar month
False,619,0.11006254204061951,0.10211888736854856,1.0777883002524518,0.5169628432956381,A1_theory_with_dollar_weekly,large Brent week
True,95,-0.13561898609625012,0.11111351438927891,-1.2205444750952428,0.45263157894736844,A1_theory_with_dollar_weekly,large Brent week
False,698,0.08385770172181671,0.1036731286878194,0.8088663165006729,0.5114613180515759,A1_theory_with_dollar_weekly,geo shock day
True,16,-0.2054853723642723,0.0924862980563466,-2.221792597202689,0.375,A1_theory_with_dollar_weekly,geo shock day
q1,239,0.178342639566465,0.10232969541012295,1.7428239070945435,0.5104602510460251,A1_theory_with_dollar_weekly,half-spread tercile
q2,237,0.028405838867953902,0.10636295862747219,0.26706514405492515,0.4810126582278481,A1_theory_with_dollar_weekly,half-spread tercile
q3,238,0.024743004940796204,0.101639061022871,0.2434399205560202,0.5336134453781513,A1_theory_with_dollar_weekly,half-spread tercile
q1,238,-0.020354579193191898,0.10199418519040819,-0.1995660748227253,0.4411764705882353,A1_theory_with_dollar_cost0.5x,VIX tercile
q2,238,0.21696621591265478,0.10644628299231966,2.0382695366479764,0.5630252100840336,A1_theory_with_dollar_cost0.5x,VIX tercile
q3,238,0.008402012531887763,0.10434943537320257,0.08051804498834347,0.4831932773109244,A1_theory_with_dollar_cost0.5x,VIX tercile
-1.0,370,0.04948464741182876,0.10685485383195692,0.4631015404283812,0.5162162162162162,A1_theory_with_dollar_cost0.5x,dollar month
1.0,344,0.08861607261466516,0.10171833659007906,0.8711907369443574,0.4738372093023256,A1_theory_with_dollar_cost0.5x,dollar month
False,619,0.10356405885664988,0.10300131800292549,1.0054634335233303,0.4975767366720517,A1_theory_with_dollar_cost0.5x,large Brent week
True,95,-0.16118846221520855,0.11221952212273603,-1.4363673910401662,0.4842105263157895,A1_theory_with_dollar_cost0.5x,large Brent week
False,698,0.06653909122981311,0.1046270592471287,0.6359644599457588,0.497134670487106,A1_theory_with_dollar_cost0.5x,geo shock day
True,16,0.14681017771324445,0.09411570436450327,1.5598903360979943,0.4375,A1_theory_with_dollar_cost0.5x,geo shock day
q1,239,0.05653640388260812,0.1083436662514142,0.5218247253274038,0.4895397489539749,A1_theory_with_dollar_cost0.5x,half-spread tercile
q2,237,0.16064182960555456,0.10289043099984797,1.5612902778664803,0.48945147679324896,A1_theory_with_dollar_cost0.5x,half-spread tercile
q3,238,-0.011727166481673592,0.10181629974319054,-0.11517965700239371,0.5084033613445378,A1_theory_with_dollar_cost0.5x,half-spread tercile
q1,238,0.06634970460155667,0.09879931756251398,0.6715603532339661,0.4495798319327731,A2_theory_with_dollar_cost0.5x,VIX tercile
q2,238,0.20853226191019938,0.10471210984874534,1.9914818086601476,0.5798319327731093,A2_theory_with_dollar_cost0.5x,VIX tercile
q3,238,0.06719898732327675,0.10216920687786456,0.6577225112808011,0.5168067226890757,A2_theory_with_dollar_cost0.5x,VIX tercile
-1.0,370,0.030219895767633884,0.103860003932772,0.29096759698945374,0.5054054054054054,A2_theory_with_dollar_cost0.5x,dollar month
1.0,344,0.20416833017067815,0.0995157896108166,2.051617446529175,0.5261627906976745,A2_theory_with_dollar_cost0.5x,dollar month
False,619,0.09893512340898891,0.10095949372230349,0.9799486879472399,0.5072697899838449,A2_theory_with_dollar_cost0.5x,large Brent week
True,95,0.2123623749744598,0.10794339488720367,1.9673494167602346,0.5684210526315789,A2_theory_with_dollar_cost0.5x,large Brent week
False,698,0.11538062468508255,0.10206680130164886,1.1304422516787405,0.5200573065902578,A2_theory_with_dollar_cost0.5x,geo shock day
True,16,0.05497443640938714,0.09567942051229769,0.5745690778125194,0.3125,A2_theory_with_dollar_cost0.5x,geo shock day
q1,239,0.0959299042845788,0.10599259060377743,0.9050623608510988,0.49372384937238495,A2_theory_with_dollar_cost0.5x,half-spread tercile
q2,237,0.16523905392769558,0.10054975496000147,1.6433561075651295,0.5189873417721519,A2_theory_with_dollar_cost0.5x,half-spread tercile
q3,238,0.08120321053722535,0.09925940034920161,0.8180908835994041,0.5336134453781513,A2_theory_with_dollar_cost0.5x,half-spread tercile
q1,238,-0.011971516424310274,0.0966761066958594,-0.12383118056224963,0.44537815126050423,A1_theory_with_dollar_weekly_cost0.5x,VIX tercile
q2,238,0.13677128493472898,0.10892194577966927,1.2556816163695261,0.542016806722689,A1_theory_with_dollar_weekly_cost0.5x,VIX tercile
q3,238,0.14095485256969956,0.10373762568486877,1.358763048981748,0.5378151260504201,A1_theory_with_dollar_weekly_cost0.5x,VIX tercile
-1.0,370,0.07877584756798676,0.10781597961931019,0.7306509466049295,0.5243243243243243,A1_theory_with_dollar_weekly_cost0.5x,dollar month
1.0,344,0.0991352797003286,0.09811613814276132,1.0103870940791044,0.49127906976744184,A1_theory_with_dollar_weekly_cost0.5x,dollar month
False,619,0.12014603115937147,0.1017924207296429,1.180304292777113,0.5169628432956381,A1_theory_with_dollar_weekly_cost0.5x,large Brent week
True,95,-0.11706098390087159,0.11155194829248664,-1.0493853822610109,0.45263157894736844,A1_theory_with_dollar_weekly_cost0.5x,large Brent week
False,698,0.09507684746444126,0.10343679901405692,0.9191781684149029,0.5114613180515759,A1_theory_with_dollar_weekly_cost0.5x,geo shock day
True,16,-0.19462748206949076,0.09277466250908056,-2.097851684994716,0.375,A1_theory_with_dollar_weekly_cost0.5x,geo shock day
q1,239,0.19062298306074618,0.10219713214021976,1.8652478701574677,0.5104602510460251,A1_theory_with_dollar_weekly_cost0.5x,half-spread tercile
q2,237,0.035581744421786396,0.10590061195229962,0.3359918679017015,0.4810126582278481,A1_theory_with_dollar_weekly_cost0.5x,half-spread tercile
q3,238,0.03889845982179171,0.10155608709223535,0.38302440489326184,0.5336134453781513,A1_theory_with_dollar_weekly_cost0.5x,half-spread tercile
q1,238,0.05959982520410697,0.10469310003833375,0.569281310633502,0.5252100840336135,base_carry,VIX tercile
q2,238,0.10073255366052261,0.09746169783969309,1.0335604231542272,0.5462184873949579,base_carry,VIX tercile
q3,238,0.22947162955179315,0.10970928835498923,2.091633561684274,0.5756302521008403,base_carry,VIX tercile
-1.0,370,0.04020187637365182,0.10420938716195996,0.3857797984280528,0.5297297297297298,base_carry,dollar month
1.0,344,0.22644959228156233,0.10364426899075159,2.184873263969559,0.5697674418604651,base_carry,dollar month
False,619,0.08932653977766503,0.10458828119899069,0.854077901975571,0.5379644588045234,base_carry,large Brent week
True,95,0.39452869348141023,0.09923732077565041,3.975608071617897,0.6210526315789474,base_carry,large Brent week
False,698,0.1229078223967438,0.10392826157718425,1.1826217482283587,0.5472779369627507,base_carry,geo shock day
True,16,0.4364808731363406,0.11009784736432666,3.9644814461446676,0.625,base_carry,geo shock day
q1,238,0.254906359146145,0.10730678438651493,2.3754915460702097,0.592436974789916,base_carry,half-spread tercile
q2,238,0.06885838895767368,0.10182558389656392,0.6762385868331594,0.5210084033613446,base_carry,half-spread tercile
q3,238,0.06603926031260406,0.10286681709403861,0.6419879819187213,0.5336134453781513,base_carry,half-spread tercile
q1,238,0.14719152188592208,0.08354418871247958,1.7618403404752327,0.47058823529411764,pm_timed,VIX tercile
q2,238,0.05995388432970067,0.0867727764097103,0.6909296534044235,0.5168067226890757,pm_timed,VIX tercile
q3,238,0.13942839124933354,0.09555754882090774,1.459103890480152,0.5210084033613446,pm_timed,VIX tercile
-1.0,370,0.013651004103743555,0.09619812890631488,0.14190508962017287,0.5216216216216216,pm_timed,dollar month
1.0,344,0.22509794266940258,0.07937057499476281,2.8360376963913323,0.48255813953488375,pm_timed,dollar month
False,619,0.10311093829238757,0.09127995984675172,1.1296120031768055,0.49434571890145396,pm_timed,large Brent week
True,95,0.19640939993338635,0.06958355870599031,2.82264091670376,0.5578947368421052,pm_timed,large Brent week
False,698,0.11439594724813304,0.08850894389460995,1.2924789542664465,0.501432664756447,pm_timed,geo shock day
True,16,0.1647620385914208,0.0989400019808223,1.6652722386578982,0.5625,pm_timed,geo shock day
q1,238,0.21952640398871706,0.10037975026421707,2.186959057089554,0.592436974789916,pm_timed,half-spread tercile
q2,238,0.11290510287189126,0.08223743866180311,1.3729160916137872,0.5210084033613446,pm_timed,half-spread tercile
q3,238,0.014142290604347995,0.08207185935238512,0.17231595233667632,0.3949579831932773,pm_timed,half-spread tercile
q1,238,0.059213807805728436,0.10220378224375846,0.5793700243353235,0.5168067226890757,vix_timed,VIX tercile
q2,238,0.07109139285724807,0.08821197467930812,0.805915445331528,0.5378151260504201,vix_timed,VIX tercile
q3,238,0.18644952216203817,0.0907748154668937,2.053978531413681,0.5798319327731093,vix_timed,VIX tercile
-1.0,370,0.02012944132156478,0.09181724713204974,0.21923377089072402,0.527027027027027,vix_timed,dollar month
1.0,344,0.19749921727725153,0.09581539430460695,2.06124724226862,0.563953488372093,vix_timed,dollar month
False,619,0.07050294498851502,0.09405111367663478,0.749623712388109,0.5331179321486268,vix_timed,large Brent week
True,95,0.3341715903627653,0.0918316919223461,3.638957133070624,0.6210526315789474,vix_timed,large Brent week
False,698,0.09820165302518774,0.09367212756037907,1.0483551039436896,0.5429799426934098,vix_timed,geo shock day
True,16,0.42767938879827827,0.10311006264416575,4.147794869199195,0.625,vix_timed,geo shock day
q1,238,0.24471347327432807,0.09646547939413123,2.5367983947345207,0.592436974789916,vix_timed,half-spread tercile
q2,238,0.031854259036482986,0.0951576294684254,0.33475254915900016,0.5126050420168067,vix_timed,half-spread tercile
q3,238,0.04018699051420363,0.08961023771386893,0.448464277513951,0.5294117647058824,vix_timed,half-spread tercile
