strategy,market,beta,downside_beta,n_down,mean_return_down_days_bp
A1_theory_dollar_neutral,msci_world,0.0,0.0,21,0.0
A1_theory_dollar_neutral,em_carry,0.0,0.0,20,0.0
A1_theory_with_dollar,msci_world,-0.05734221126683095,-0.12839110500059223,21,25.275300890866717
A1_theory_with_dollar,em_carry,-0.08322468919465843,0.007921611427278619,20,37.21122591777512
A1+S_theory_dollar_neutral,msci_world,-0.11662461121397515,-0.7079545096174515,21,30.98981118998424
A1+S_theory_dollar_neutral,em_carry,0.021873376897963172,-0.19065512666521675,20,-22.31137734728965
A1+S_theory_with_dollar,msci_world,-0.04099310942504998,-0.09193873689964215,21,9.940352927808561
A1+S_theory_with_dollar,em_carry,-0.07804693756735863,0.0407525433888999,20,18.521756195855197
A2_theory_dollar_neutral,msci_world,-0.03067268299075408,0.19515224706468856,21,-12.18118037596414
A2_theory_dollar_neutral,em_carry,0.04039841813338435,-0.09137681799242978,20,-17.562174213619524
A2_theory_with_dollar,msci_world,-0.24343780838552442,-0.8110840620265494,21,70.82548187407438
A2_theory_with_dollar,em_carry,0.03651338583489134,0.05275301214066764,20,2.791908487693016
A2+S_theory_dollar_neutral,msci_world,-0.16279566376766494,-0.5718782623114524,21,8.419803406705517
A2+S_theory_dollar_neutral,em_carry,0.07727402492896279,-0.3967585719422395,20,-64.65059504112446
A2+S_theory_with_dollar,msci_world,-0.09384801700343448,-0.3192873499865051,21,21.100998378492534
A2+S_theory_with_dollar,em_carry,-0.050770980007280093,-0.24197478156201693,20,-5.03501132158873
A3_theory_dollar_neutral,msci_world,0.0,0.0,21,0.0
A3_theory_dollar_neutral,em_carry,0.0,0.0,20,0.0
A3_theory_with_dollar,msci_world,-0.05734221126683095,-0.12839110500059223,21,25.275300890866717
A3_theory_with_dollar,em_carry,-0.08322468919465843,0.007921611427278619,20,37.21122591777512
A3+S_theory_dollar_neutral,msci_world,-0.11662461121397515,-0.7079545096174515,21,30.98981118998424
A3+S_theory_dollar_neutral,em_carry,0.021873376897963172,-0.19065512666521675,20,-22.31137734728965
A3+S_theory_with_dollar,msci_world,-0.04099310942504998,-0.09193873689964215,21,9.940352927808561
A3+S_theory_with_dollar,em_carry,-0.07804693756735863,0.0407525433888999,20,18.521756195855197
A1_theory_dollar_neutral_D12,msci_world,0.0,0.0,21,0.0
A1_theory_dollar_neutral_D12,em_carry,0.0,0.0,20,0.0
A1_theory_with_dollar_D12,msci_world,0.10772610636612064,0.07343489375972194,21,-46.715577537140284
A1_theory_with_dollar_D12,em_carry,-0.1101819276315772,0.17027350142064296,20,23.693486194261308
A1_theory_with_dollar_weekly,msci_world,-0.040979638100492405,0.05154915066014778,21,40.20324537127722
A1_theory_with_dollar_weekly,em_carry,-0.1580469457341459,-0.4219112851678132,20,74.9182446230837
A1_theory_with_dollar_cost0.5x,msci_world,-0.06012258445492164,-0.13598211855166695,21,30.610086714034935
A1_theory_with_dollar_cost0.5x,em_carry,-0.08603700579376179,0.02338294932622634,20,42.04459945568282
A2_theory_with_dollar_cost0.5x,msci_world,-0.247364614997549,-0.8350950785045325,21,77.92645470235139
A2_theory_with_dollar_cost0.5x,em_carry,0.033767076356888096,0.07413197855154963,20,10.015714054807772
A1_theory_with_dollar_weekly_cost0.5x,msci_world,-0.04302458272656486,0.046116701264511346,21,43.05943328294712
A1_theory_with_dollar_weekly_cost0.5x,em_carry,-0.15725259491508323,-0.4160774271878815,20,77.29810382359747
base_carry,msci_world,-0.024450996937285512,0.0003388247361597545,21,12.375333024889693
pm_timed,msci_world,-0.03797025631338046,0.0352349535735666,21,8.161661386067705
pm_timed,em_carry,0.683978431823497,0.21696497331788428,20,-162.0214771475248
vix_timed,msci_world,-0.017583910980003233,-0.04560279739484279,21,5.869569383252302
vix_timed,em_carry,0.8934019543330334,0.9268631655889139,20,-207.36775533309444
