strategy,period,gross_mean,gross_median,gross_p95,gross_max,net_usd_mean,abs_net_usd_mean,abs_net_usd_median,abs_net_usd_p95,abs_net_usd_max,share_days_long_usd,realised_vol,target_vol,share_days_gross_cap,share_days_pair_cap,cap_days_measured
A1_theory_with_dollar,2024-2025,1.6942305920635792,1.7274104429708526,2.2493883300081823,3.1655441127783126,0.3817263006169474,1.6942305920635792,1.7274104429708526,2.2493883300081823,3.1655441127783126,0.6022944550669216,0.10367188206259173,0.1,0.007952286282306162,0.13916500994035785,503.0
A1_theory_with_dollar,2026,1.8425622749643709,1.8844642621422247,2.3833295498429603,2.472543683779349,0.3507845499547008,1.8425622749643709,1.8844642621422247,2.3833295498429603,2.472543683779349,0.6020942408376964,0.10797534698577804,0.1,0.0,0.3036649214659686,191.0
A1_theory_with_dollar,2024-2026,1.7339103559768163,1.7845092580602042,2.278875570432413,3.1655441127783126,0.3734491656358702,1.7339103559768163,1.7845092580602042,2.278875570432413,3.1655441127783126,0.6022408963585434,0.10476553957876522,0.1,0.005763688760806916,0.1844380403458213,694.0
A2_theory_with_dollar,2024-2025,1.7853195323607542,1.8115587233276935,2.651971428871006,3.157978765248598,0.4296002827119855,1.6426106860306022,1.7217013161647452,2.252246294116037,3.000000000000001,0.6233269598470363,0.10210812218651166,0.1,0.03777335984095427,0.27037773359840955,503.0
A2_theory_with_dollar,2026,2.0937370189012183,2.0297187084323847,3.0,3.147670868985193,0.3671331522244637,1.6312592917289703,1.7630874141236956,2.4141767966484755,2.594625433356854,0.6492146596858639,0.10262013765766684,0.1,0.13089005235602094,0.45549738219895286,191.0
A2_theory_with_dollar,2024-2026,1.8678233697966489,1.8574095924728133,2.997413650802703,3.157978765248598,0.41288988786168207,1.639574108563359,1.7258859193355438,2.2682287264173437,3.000000000000001,0.6302521008403361,0.10217897990189918,0.1,0.06340057636887608,0.32132564841498557,694.0
A1_theory_with_dollar_weekly,2024-2025,1.666704445768222,1.6987822813971447,2.243758590562699,2.3839812144051864,0.2179573407915839,1.666704445768222,1.6987822813971447,2.243758590562699,2.3839812144051864,0.5525812619502868,0.10142556329130446,0.1,0.0,0.13,100.0
A1_theory_with_dollar_weekly,2026,1.8388813020090666,1.8709521443328974,2.4042632548326437,2.472543683779349,0.6612545027575847,1.8388813020090666,1.8709521443328974,2.4042632548326437,2.472543683779349,0.6858638743455497,0.10892119998842904,0.1,0.0,0.3333333333333333,39.0
A1_theory_with_dollar_weekly,2024-2026,1.7127629605329298,1.7490569989065556,2.2583425980196443,2.472543683779349,0.3365424359393516,1.7127629605329298,1.7490569989065556,2.2583425980196443,2.472543683779349,0.5882352941176471,0.1034125990880642,0.1,0.0,0.18705035971223022,139.0
base_carry,2024-2025,2.1528666396973897,2.0833895763574173,2.9217357903846923,3.039548779721237,-0.00013728643807583342,0.0038875596341608845,0.0,2.220446049250313e-16,0.1918553516005682,0.022944550669216062,0.10286831671596008,0.1,,,
base_carry,2026,2.0642052664035844,2.0488335144960397,2.292721952204396,2.292721952204396,3.327406744046503e-05,0.0016708781294893455,1.1102230246251565e-16,3.3306690738754696e-16,0.08406313471964877,0.031413612565445025,0.1072286495985996,0.1,,,
base_carry,2024-2026,2.1291491014633324,2.0833895763574173,2.9217357903846923,3.039548779721237,-9.166030844892446e-05,0.0032945818086815236,0.0,3.3306690738754696e-16,0.1918553516005682,0.025210084033613446,0.10403015953600699,0.1,,,
pm_timed,2024-2025,1.6975954882213924,1.9034612686258634,2.9217357903846923,3.039548779721237,-0.00013728643807583426,0.02190843675236833,1.1102230246251565e-16,0.06675970457164876,0.667597045716489,0.04206500956022945,0.08493239574133042,0.1,,,
pm_timed,2026,1.8573341400420122,1.953762982931475,2.2712133065399702,2.292721952204396,0.0015923551260235455,0.019948506960842785,1.1102230246251565e-16,0.04535726236094925,0.4362040393561003,0.05235602094240838,0.0982547121194116,0.1,,,
pm_timed,2024-2026,1.740326696201418,1.9172900739953684,2.7660284711698138,3.039548779721237,0.00032540479265663277,0.02138414180813671,1.1102230246251565e-16,0.06675970457164859,0.667597045716489,0.04481792717086835,0.08868033598188599,0.1,,,
vix_timed,2024-2025,1.910921809833765,1.9863951095314774,2.9217357903846923,2.972789075149588,-0.0001372864380758419,0.024783649191062945,1.1102230246251565e-16,0.06675970457164887,0.667597045716489,0.0497131931166348,0.09329188462305343,0.1,,,
vix_timed,2026,1.7382062186815195,1.9090483445867936,2.292721952204396,2.292721952204396,3.327406744045834e-05,0.023261964368367416,1.1102230246251565e-16,0.04535726236094928,0.45357262360949124,0.04712041884816754,0.09552544044491865,0.1,,,
vix_timed,2024-2026,1.8647191797076037,1.9640051007239738,2.7660284711698138,2.972789075149588,-9.166030844893234e-05,0.024376587844935706,1.1102230246251565e-16,0.06675970457164887,0.667597045716489,0.049019607843137254,0.09386523922995221,0.1,,,
b2_oil_tilt,2024-2025,2.0040322282141196,2.1099069696185597,3.1985490358152306,4.977188169927698,0.00032266372464422104,0.03361172606718804,1.1102230246251565e-16,0.1127361683389287,1.064371164256831,0.18546845124282982,0.09632987919100723,0.1,,,
b2_oil_tilt,2026,2.199091606989335,2.1705421436411525,3.2067475779176107,3.625428837044874,0.0017472156338869784,0.03194096052536395,1.1102230246251565e-16,0.08127653617132397,0.7838016498333852,0.2198952879581152,0.11580520994822585,0.1,,,
b2_oil_tilt,2024-2026,2.056211977998526,2.1099069696185597,3.205544356002816,4.977188169927698,0.0007037413362203653,0.033164784584711296,1.1102230246251565e-16,0.10945612446121968,1.064371164256831,0.19467787114845939,0.10188632855373604,0.1,,,
