month,net,gross,usd_position_month_end
2026-01,0.030285485623150546,0.031850573037464365,2.010697907082344
2026-02,0.01297876585589877,0.014441315422572593,-1.4784450437840337
2026-03,-0.04067991379531852,-0.04053855924620796,-1.4246551218661054
2026-04,0.02585782612777305,0.027318237788681803,1.6868287384064624
2026-05,0.014780809536496907,0.014838888724072198,1.691970950050702
2026-06,0.061345166412028355,0.06144067981019414,2.0321715977714514
2026-07,0.026986950085366036,0.028166399450787232,-2.1261468562200623
2026-08,0.010569320738722625,0.010675480810393177,-2.0469111651182703
2026-09,0.05754997895611375,0.05865340470572647,2.019808614719577
