offset,sharpe_2024-2025,sharpe_2026,sharpe_2024-2026
0,1.1631487157605889,2.459080735815598,1.5097042458330223
1,0.34130943301510036,2.390844195939006,0.8781521936204089
2,-0.15788542804737196,0.032640861661052484,-0.10722674650680279
3,0.2674526203797558,0.6488572288233542,0.3702247886668522
4,0.535215933092195,0.5790781023085391,0.5476863364477367
5,0.6382800892820011,-1.0549559423784995,0.16032001945610336
6,0.8112833738830749,0.9263834228143701,0.8440281941427955
7,0.5844990160122103,0.18048964651198243,0.470074883111874
8,0.024859363337058238,-0.26783660508110047,-0.06007316202284701
9,0.830784784112654,-1.4525934739726964,0.15448107099680192
10,0.5689959993555871,-1.287022359839875,0.012744821945178252
11,0.12214749498669113,-2.06966740119586,-0.5359535502889806
12,0.18582757986343665,-0.15441830866087933,0.08179629019986528
13,0.6422967981277358,-0.9286276968319879,0.16298165506568424
14,0.4607094460691716,1.0673178411552433,0.6429552617060631
15,0.41270378094866145,1.629483005066539,0.7782923831651423
16,0.5366545626256298,0.7553951089597104,0.6007732010105652
17,0.5684139117098129,-0.3220517392048049,0.30581165711735414
18,1.1089663699033343,0.059107895351335815,0.8035603835203083
19,0.728550636456506,1.1213895274388266,0.8393205939344125
