episode,start,end,n_days,cum_return,worst_day,strategy
Yen carry unwind (Aug 2024),2024-07-31,2024-08-09,8,0.0,0.0,A1_theory_dollar_neutral
Liberation Day tariffs (Apr 2025),2025-04-02,2025-04-11,8,0.0,0.0,A1_theory_dollar_neutral
Israel-Iran war (Jun 2025),2025-06-12,2025-06-24,9,0.0,0.0,A1_theory_dollar_neutral
Iran war (Feb-Apr 2026),2026-02-26,2026-04-10,32,0.0,0.0,A1_theory_dollar_neutral
Yen carry unwind (Aug 2024),2024-07-31,2024-08-09,8,0.0251909971302555,-0.0032224765290848,A1_theory_with_dollar
Liberation Day tariffs (Apr 2025),2025-04-02,2025-04-11,8,0.0091002697224995,-0.0249321028297678,A1_theory_with_dollar
Israel-Iran war (Jun 2025),2025-06-12,2025-06-24,9,0.0101777214333407,-0.0064607083500217,A1_theory_with_dollar
Iran war (Feb-Apr 2026),2026-02-26,2026-04-10,32,-0.0562837921258989,-0.0186244580642486,A1_theory_with_dollar
Yen carry unwind (Aug 2024),2024-07-31,2024-08-09,8,0.0119918949862005,-0.0108459143723559,A1+S_theory_dollar_neutral
Liberation Day tariffs (Apr 2025),2025-04-02,2025-04-11,8,0.0264540701072424,-0.0122025656748623,A1+S_theory_dollar_neutral
Israel-Iran war (Jun 2025),2025-06-12,2025-06-24,9,-0.0051527512027277,-0.0046830950843383,A1+S_theory_dollar_neutral
Iran war (Feb-Apr 2026),2026-02-26,2026-04-10,32,0.0150271107333972,-0.0069902944651906,A1+S_theory_dollar_neutral
Yen carry unwind (Aug 2024),2024-07-31,2024-08-09,8,0.0238697538086862,-0.0050099587465466,A1+S_theory_with_dollar
Liberation Day tariffs (Apr 2025),2025-04-02,2025-04-11,8,0.0169538934799295,-0.0208878420753291,A1+S_theory_with_dollar
Israel-Iran war (Jun 2025),2025-06-12,2025-06-24,9,0.0116209336783958,-0.0049474955472985,A1+S_theory_with_dollar
Iran war (Feb-Apr 2026),2026-02-26,2026-04-10,32,-0.0691214693302391,-0.0154212304819735,A1+S_theory_with_dollar
Yen carry unwind (Aug 2024),2024-07-31,2024-08-09,8,-0.0070844841446366,-0.0058353628484525,A2_theory_dollar_neutral
Liberation Day tariffs (Apr 2025),2025-04-02,2025-04-11,8,-0.0066396543602273,-0.0125854157201346,A2_theory_dollar_neutral
Israel-Iran war (Jun 2025),2025-06-12,2025-06-24,9,0.002165180616805,-0.0058951400755012,A2_theory_dollar_neutral
Iran war (Feb-Apr 2026),2026-02-26,2026-04-10,32,-0.0114011331688224,-0.0133667215545741,A2_theory_dollar_neutral
Yen carry unwind (Aug 2024),2024-07-31,2024-08-09,8,0.0251139133005484,-0.0036710963543732,A2_theory_with_dollar
Liberation Day tariffs (Apr 2025),2025-04-02,2025-04-11,8,0.004797422299305,-0.0173965413444617,A2_theory_with_dollar
Israel-Iran war (Jun 2025),2025-06-12,2025-06-24,9,0.0167730337624212,-0.004942347113078,A2_theory_with_dollar
Iran war (Feb-Apr 2026),2026-02-26,2026-04-10,32,0.0310613352548323,-0.0207022923936914,A2_theory_with_dollar
Yen carry unwind (Aug 2024),2024-07-31,2024-08-09,8,-0.0101715973411449,-0.0096493146488352,A2+S_theory_dollar_neutral
Liberation Day tariffs (Apr 2025),2025-04-02,2025-04-11,8,0.0241761400833464,-0.0109904576117227,A2+S_theory_dollar_neutral
Israel-Iran war (Jun 2025),2025-06-12,2025-06-24,9,0.0008680815353878,-0.005854017251301,A2+S_theory_dollar_neutral
Iran war (Feb-Apr 2026),2026-02-26,2026-04-10,32,0.0071352855105397,-0.0072552766053049,A2+S_theory_dollar_neutral
Yen carry unwind (Aug 2024),2024-07-31,2024-08-09,8,0.0238828528448067,-0.0037951101013031,A2+S_theory_with_dollar
Liberation Day tariffs (Apr 2025),2025-04-02,2025-04-11,8,-0.0355811061314531,-0.0174020497243286,A2+S_theory_with_dollar
Israel-Iran war (Jun 2025),2025-06-12,2025-06-24,9,0.0006922451663533,-0.0073085844757216,A2+S_theory_with_dollar
Iran war (Feb-Apr 2026),2026-02-26,2026-04-10,32,0.0614606735658054,-0.0147775045262407,A2+S_theory_with_dollar
Yen carry unwind (Aug 2024),2024-07-31,2024-08-09,8,0.0,0.0,A3_theory_dollar_neutral
Liberation Day tariffs (Apr 2025),2025-04-02,2025-04-11,8,0.0,0.0,A3_theory_dollar_neutral
Israel-Iran war (Jun 2025),2025-06-12,2025-06-24,9,0.0,0.0,A3_theory_dollar_neutral
Iran war (Feb-Apr 2026),2026-02-26,2026-04-10,32,0.0,0.0,A3_theory_dollar_neutral
Yen carry unwind (Aug 2024),2024-07-31,2024-08-09,8,0.0251909971302555,-0.0032224765290848,A3_theory_with_dollar
Liberation Day tariffs (Apr 2025),2025-04-02,2025-04-11,8,0.0091002697224995,-0.0249321028297678,A3_theory_with_dollar
Israel-Iran war (Jun 2025),2025-06-12,2025-06-24,9,0.0101777214333407,-0.0064607083500217,A3_theory_with_dollar
Iran war (Feb-Apr 2026),2026-02-26,2026-04-10,32,-0.0562837921258989,-0.0186244580642486,A3_theory_with_dollar
Yen carry unwind (Aug 2024),2024-07-31,2024-08-09,8,0.0119918949862005,-0.0108459143723559,A3+S_theory_dollar_neutral
Liberation Day tariffs (Apr 2025),2025-04-02,2025-04-11,8,0.0264540701072424,-0.0122025656748623,A3+S_theory_dollar_neutral
Israel-Iran war (Jun 2025),2025-06-12,2025-06-24,9,-0.0051527512027277,-0.0046830950843383,A3+S_theory_dollar_neutral
Iran war (Feb-Apr 2026),2026-02-26,2026-04-10,32,0.0150271107333972,-0.0069902944651906,A3+S_theory_dollar_neutral
Yen carry unwind (Aug 2024),2024-07-31,2024-08-09,8,0.0238697538086862,-0.0050099587465466,A3+S_theory_with_dollar
Liberation Day tariffs (Apr 2025),2025-04-02,2025-04-11,8,0.0169538934799295,-0.0208878420753291,A3+S_theory_with_dollar
Israel-Iran war (Jun 2025),2025-06-12,2025-06-24,9,0.0116209336783958,-0.0049474955472985,A3+S_theory_with_dollar
Iran war (Feb-Apr 2026),2026-02-26,2026-04-10,32,-0.0691214693302391,-0.0154212304819735,A3+S_theory_with_dollar
Yen carry unwind (Aug 2024),2024-07-31,2024-08-09,8,0.0,0.0,A1_theory_dollar_neutral_D12
Liberation Day tariffs (Apr 2025),2025-04-02,2025-04-11,8,0.0,0.0,A1_theory_dollar_neutral_D12
Israel-Iran war (Jun 2025),2025-06-12,2025-06-24,9,0.0,0.0,A1_theory_dollar_neutral_D12
Iran war (Feb-Apr 2026),2026-02-26,2026-04-10,32,0.0,0.0,A1_theory_dollar_neutral_D12
Yen carry unwind (Aug 2024),2024-07-31,2024-08-09,8,0.0251517042843765,-0.0035141702861118,A1_theory_with_dollar_D12
Liberation Day tariffs (Apr 2025),2025-04-02,2025-04-11,8,0.0301792519205343,-0.0253106158467844,A1_theory_with_dollar_D12
Israel-Iran war (Jun 2025),2025-06-12,2025-06-24,9,0.0156273839797225,-0.0049005117642417,A1_theory_with_dollar_D12
Iran war (Feb-Apr 2026),2026-02-26,2026-04-10,32,-0.0721327641991845,-0.0164284013222834,A1_theory_with_dollar_D12
Yen carry unwind (Aug 2024),2024-07-31,2024-08-09,8,-0.0006591828488674,-0.0154587856865578,base_carry
Liberation Day tariffs (Apr 2025),2025-04-02,2025-04-11,8,-0.0361891594472981,-0.0265017484005008,base_carry
Israel-Iran war (Jun 2025),2025-06-12,2025-06-24,9,0.0063824547392445,-0.00540191756485,base_carry
Iran war (Feb-Apr 2026),2026-02-26,2026-04-10,32,0.0744683626470112,-0.0170666958177881,base_carry
Yen carry unwind (Aug 2024),2024-07-31,2024-08-09,8,-0.0006591828488674,-0.0154587856865578,pm_timed
Liberation Day tariffs (Apr 2025),2025-04-02,2025-04-11,8,-0.0361891594472981,-0.0265017484005008,pm_timed
Israel-Iran war (Jun 2025),2025-06-12,2025-06-24,9,-0.0024098977117666,-0.0040466641699328,pm_timed
Iran war (Feb-Apr 2026),2026-02-26,2026-04-10,32,0.0549978356778098,-0.0170666958177881,pm_timed
Yen carry unwind (Aug 2024),2024-07-31,2024-08-09,8,-0.0111920309067936,-0.008622154130263,vix_timed
Liberation Day tariffs (Apr 2025),2025-04-02,2025-04-11,8,-0.0307907158544549,-0.0195580891562439,vix_timed
Israel-Iran war (Jun 2025),2025-06-12,2025-06-24,9,0.0063824547392445,-0.00540191756485,vix_timed
Iran war (Feb-Apr 2026),2026-02-26,2026-04-10,32,0.0579086265250219,-0.0121179619422221,vix_timed
