peak,trough,recovery,depth,strategy,days_to_trough,duration_days,tag
2024-02-13 00:00:00,2024-07-29 00:00:00,2024-11-05 00:00:00,-0.1476444105635392,A1_theory_with_dollar,167.0,266.0,"US fiscal news, US monetary news"
2026-03-05 00:00:00,2026-08-06 00:00:00,,-0.0971159224808094,A1_theory_with_dollar,154.0,203.0,"US fiscal news, US monetary news, geopolitical shock"
2024-11-05 00:00:00,2025-02-28 00:00:00,2025-09-18 00:00:00,-0.0796341968567263,A1_theory_with_dollar,115.0,317.0,"US fiscal news, US monetary news, geopolitical shock"
2025-12-10 00:00:00,2025-12-24 00:00:00,2026-01-16 00:00:00,-0.0302099196016802,A1_theory_with_dollar,14.0,37.0,other
2026-01-26 00:00:00,2026-01-29 00:00:00,2026-02-02 00:00:00,-0.0183162955898046,A1_theory_with_dollar,3.0,7.0,US fiscal news
2025-10-14 00:00:00,2025-10-29 00:00:00,2025-10-30 00:00:00,-0.0158792966741176,A1_theory_with_dollar,15.0,16.0,other
2024-02-05 00:00:00,2024-02-12 00:00:00,2024-02-13 00:00:00,-0.0131841555605117,A1_theory_with_dollar,7.0,8.0,other
2026-02-13 00:00:00,2026-02-27 00:00:00,2026-03-02 00:00:00,-0.0114446645305021,A1_theory_with_dollar,14.0,17.0,geopolitical shock
2025-09-25 00:00:00,2025-10-03 00:00:00,2025-10-08 00:00:00,-0.0106920568737393,A1_theory_with_dollar,8.0,13.0,"US fiscal news, geopolitical shock"
2025-11-05 00:00:00,2025-11-10 00:00:00,2025-11-13 00:00:00,-0.0089281981223532,A1_theory_with_dollar,5.0,8.0,US fiscal news
2025-04-04 00:00:00,2026-06-12 00:00:00,,-0.1360633399711722,A1+S_theory_dollar_neutral,434.0,538.0,"US fiscal news, US monetary news, geopolitical shock"
2024-12-17 00:00:00,2025-02-26 00:00:00,2025-04-04 00:00:00,-0.0459966063421299,A1+S_theory_dollar_neutral,71.0,108.0,"US fiscal news, US monetary news, geopolitical shock"
2024-06-19 00:00:00,2024-07-01 00:00:00,2024-07-17 00:00:00,-0.0273804222059182,A1+S_theory_dollar_neutral,12.0,28.0,US monetary news
2024-09-11 00:00:00,2024-11-21 00:00:00,2024-12-16 00:00:00,-0.0250477719637491,A1+S_theory_dollar_neutral,71.0,96.0,"US fiscal news, US monetary news, geopolitical shock"
2024-07-31 00:00:00,2024-08-02 00:00:00,2024-08-07 00:00:00,-0.0206897276673158,A1+S_theory_dollar_neutral,2.0,7.0,US monetary news
2024-06-07 00:00:00,2024-06-12 00:00:00,2024-06-14 00:00:00,-0.010317285457731,A1+S_theory_dollar_neutral,5.0,7.0,other
2024-08-20 00:00:00,2024-08-22 00:00:00,2024-08-26 00:00:00,-0.002554973621449,A1+S_theory_dollar_neutral,2.0,6.0,other
2024-09-02 00:00:00,2024-09-05 00:00:00,2024-09-09 00:00:00,-0.0024072431977729,A1+S_theory_dollar_neutral,3.0,7.0,other
2024-09-09 00:00:00,2024-09-10 00:00:00,2024-09-11 00:00:00,-0.0021825795999218,A1+S_theory_dollar_neutral,1.0,2.0,other
2024-06-14 00:00:00,2024-06-17 00:00:00,2024-06-18 00:00:00,-0.0016833510282838,A1+S_theory_dollar_neutral,3.0,4.0,other
2024-02-13 00:00:00,2024-07-29 00:00:00,2025-11-19 00:00:00,-0.1523323978748572,A1+S_theory_with_dollar,167.0,645.0,"US fiscal news, US monetary news"
2026-02-13 00:00:00,2026-07-31 00:00:00,,-0.1219220451744647,A1+S_theory_with_dollar,168.0,223.0,"US fiscal news, US monetary news, geopolitical shock"
2026-01-26 00:00:00,2026-01-30 00:00:00,2026-02-09 00:00:00,-0.0213186296796284,A1+S_theory_with_dollar,4.0,14.0,US fiscal news
2025-12-10 00:00:00,2026-01-12 00:00:00,2026-01-20 00:00:00,-0.0190111409586319,A1+S_theory_with_dollar,33.0,41.0,other
2024-02-05 00:00:00,2024-02-12 00:00:00,2024-02-13 00:00:00,-0.0131841555605117,A1+S_theory_with_dollar,7.0,8.0,other
2024-01-29 00:00:00,2024-01-31 00:00:00,2024-02-02 00:00:00,-0.0070034307772057,A1+S_theory_with_dollar,2.0,4.0,US monetary news
2025-12-01 00:00:00,2025-12-02 00:00:00,2025-12-03 00:00:00,-0.0037789442799268,A1+S_theory_with_dollar,1.0,2.0,other
2025-12-05 00:00:00,2025-12-08 00:00:00,2025-12-09 00:00:00,-0.0020409291640961,A1+S_theory_with_dollar,3.0,4.0,other
2026-01-20 00:00:00,2026-01-21 00:00:00,2026-01-22 00:00:00,-0.0014059654938676,A1+S_theory_with_dollar,1.0,2.0,other
2025-11-26 00:00:00,2025-11-27 00:00:00,2025-11-28 00:00:00,-6.213384488962248e-05,A1+S_theory_with_dollar,1.0,2.0,other
2025-01-10 00:00:00,2026-08-21 00:00:00,,-0.2049460094252152,A2_theory_dollar_neutral,588.0,622.0,"US fiscal news, US monetary news, geopolitical shock"
2024-08-05 00:00:00,2024-10-02 00:00:00,2024-12-20 00:00:00,-0.0463074109558264,A2_theory_dollar_neutral,58.0,137.0,geopolitical shock
2024-07-26 00:00:00,2024-08-01 00:00:00,2024-08-05 00:00:00,-0.0117580721633381,A2_theory_dollar_neutral,6.0,10.0,other
2024-12-27 00:00:00,2025-01-02 00:00:00,2025-01-10 00:00:00,-0.0076046387732435,A2_theory_dollar_neutral,6.0,14.0,geopolitical shock
2024-07-22 00:00:00,2024-07-24 00:00:00,2024-07-25 00:00:00,-0.0043018595555675,A2_theory_dollar_neutral,2.0,3.0,other
2024-07-10 00:00:00,2024-07-11 00:00:00,2024-07-15 00:00:00,-0.0027236700428916,A2_theory_dollar_neutral,1.0,5.0,other
2024-07-16 00:00:00,2024-07-17 00:00:00,2024-07-19 00:00:00,-0.001999255415888,A2_theory_dollar_neutral,1.0,3.0,other
2024-07-05 00:00:00,2024-07-09 00:00:00,2024-07-10 00:00:00,-0.0007096516798017,A2_theory_dollar_neutral,4.0,5.0,other
2024-02-13 00:00:00,2024-07-29 00:00:00,2025-01-10 00:00:00,-0.155685644933927,A2_theory_with_dollar,167.0,332.0,"US fiscal news, US monetary news"
2026-03-31 00:00:00,2026-07-31 00:00:00,,-0.0780882329534193,A2_theory_with_dollar,122.0,177.0,"US fiscal news, US monetary news, geopolitical shock"
2025-01-13 00:00:00,2025-02-27 00:00:00,2025-04-03 00:00:00,-0.0649638199970402,A2_theory_with_dollar,45.0,80.0,US monetary news
2025-04-04 00:00:00,2025-04-21 00:00:00,2025-11-03 00:00:00,-0.0611536871707457,A2_theory_with_dollar,17.0,213.0,geopolitical shock
2026-01-26 00:00:00,2026-02-05 00:00:00,2026-02-19 00:00:00,-0.0269633667116913,A2_theory_with_dollar,10.0,24.0,"US fiscal news, US monetary news"
2024-02-05 00:00:00,2024-02-12 00:00:00,2024-02-13 00:00:00,-0.0130230499228881,A2_theory_with_dollar,7.0,8.0,other
2026-03-03 00:00:00,2026-03-10 00:00:00,2026-03-12 00:00:00,-0.0126747479250406,A2_theory_with_dollar,7.0,9.0,other
2025-12-24 00:00:00,2026-01-01 00:00:00,2026-01-08 00:00:00,-0.0124492900598368,A2_theory_with_dollar,8.0,15.0,other
2025-11-05 00:00:00,2025-11-11 00:00:00,2025-11-13 00:00:00,-0.0105975544083242,A2_theory_with_dollar,6.0,8.0,US fiscal news
2026-03-13 00:00:00,2026-03-17 00:00:00,2026-03-23 00:00:00,-0.0103768052541288,A2_theory_with_dollar,4.0,10.0,other
2025-04-04 00:00:00,2026-08-21 00:00:00,,-0.1430987526804399,A2+S_theory_dollar_neutral,504.0,538.0,"US fiscal news, US monetary news, geopolitical shock"
2024-02-07 00:00:00,2024-05-28 00:00:00,2025-04-04 00:00:00,-0.0931400607797303,A2+S_theory_dollar_neutral,111.0,422.0,US fiscal news
2024-02-02 00:00:00,2024-02-05 00:00:00,2024-02-06 00:00:00,-0.0006,A2+S_theory_dollar_neutral,3.0,4.0,other
2024-02-05 00:00:00,2024-07-29 00:00:00,2026-01-22 00:00:00,-0.1795435312171249,A2+S_theory_with_dollar,175.0,717.0,"US fiscal news, US monetary news"
2026-05-21 00:00:00,2026-07-31 00:00:00,2026-09-23 00:00:00,-0.061460498834129,A2+S_theory_with_dollar,71.0,125.0,US monetary news
2026-01-29 00:00:00,2026-02-05 00:00:00,2026-02-18 00:00:00,-0.0240783195969112,A2+S_theory_with_dollar,7.0,20.0,"US fiscal news, US monetary news"
2026-04-08 00:00:00,2026-05-11 00:00:00,2026-05-15 00:00:00,-0.020080875742291,A2+S_theory_with_dollar,33.0,37.0,US fiscal news
2026-03-05 00:00:00,2026-03-10 00:00:00,2026-03-13 00:00:00,-0.0173556825202577,A2+S_theory_with_dollar,5.0,8.0,other
2026-03-31 00:00:00,2026-04-01 00:00:00,2026-04-08 00:00:00,-0.0147775045262408,A2+S_theory_with_dollar,1.0,8.0,other
2026-02-19 00:00:00,2026-02-27 00:00:00,2026-03-02 00:00:00,-0.011860779930008,A2+S_theory_with_dollar,8.0,11.0,geopolitical shock
2026-03-13 00:00:00,2026-03-17 00:00:00,2026-03-23 00:00:00,-0.010261366355567,A2+S_theory_with_dollar,4.0,10.0,other
2024-01-29 00:00:00,2024-02-01 00:00:00,2024-02-02 00:00:00,-0.0099783411372837,A2+S_theory_with_dollar,3.0,4.0,US monetary news
2026-03-03 00:00:00,2026-03-04 00:00:00,2026-03-05 00:00:00,-0.0057134285468986,A2+S_theory_with_dollar,1.0,2.0,other
2024-02-13 00:00:00,2024-07-29 00:00:00,2024-11-05 00:00:00,-0.1476444105635392,A3_theory_with_dollar,167.0,266.0,"US fiscal news, US monetary news"
2026-03-05 00:00:00,2026-08-06 00:00:00,,-0.0971159224808094,A3_theory_with_dollar,154.0,203.0,"US fiscal news, US monetary news, geopolitical shock"
2024-11-05 00:00:00,2025-02-28 00:00:00,2025-09-18 00:00:00,-0.0796341968567263,A3_theory_with_dollar,115.0,317.0,"US fiscal news, US monetary news, geopolitical shock"
2025-12-10 00:00:00,2025-12-24 00:00:00,2026-01-16 00:00:00,-0.0302099196016802,A3_theory_with_dollar,14.0,37.0,other
2026-01-26 00:00:00,2026-01-29 00:00:00,2026-02-02 00:00:00,-0.0183162955898046,A3_theory_with_dollar,3.0,7.0,US fiscal news
2025-10-14 00:00:00,2025-10-29 00:00:00,2025-10-30 00:00:00,-0.0158792966741176,A3_theory_with_dollar,15.0,16.0,other
2024-02-05 00:00:00,2024-02-12 00:00:00,2024-02-13 00:00:00,-0.0131841555605117,A3_theory_with_dollar,7.0,8.0,other
2026-02-13 00:00:00,2026-02-27 00:00:00,2026-03-02 00:00:00,-0.0114446645305021,A3_theory_with_dollar,14.0,17.0,geopolitical shock
2025-09-25 00:00:00,2025-10-03 00:00:00,2025-10-08 00:00:00,-0.0106920568737393,A3_theory_with_dollar,8.0,13.0,"US fiscal news, geopolitical shock"
2025-11-05 00:00:00,2025-11-10 00:00:00,2025-11-13 00:00:00,-0.0089281981223532,A3_theory_with_dollar,5.0,8.0,US fiscal news
2025-04-04 00:00:00,2026-06-12 00:00:00,,-0.1360633399711722,A3+S_theory_dollar_neutral,434.0,538.0,"US fiscal news, US monetary news, geopolitical shock"
2024-12-17 00:00:00,2025-02-26 00:00:00,2025-04-04 00:00:00,-0.0459966063421299,A3+S_theory_dollar_neutral,71.0,108.0,"US fiscal news, US monetary news, geopolitical shock"
2024-06-19 00:00:00,2024-07-01 00:00:00,2024-07-17 00:00:00,-0.0273804222059182,A3+S_theory_dollar_neutral,12.0,28.0,US monetary news
2024-09-11 00:00:00,2024-11-21 00:00:00,2024-12-16 00:00:00,-0.0250477719637491,A3+S_theory_dollar_neutral,71.0,96.0,"US fiscal news, US monetary news, geopolitical shock"
2024-07-31 00:00:00,2024-08-02 00:00:00,2024-08-07 00:00:00,-0.0206897276673158,A3+S_theory_dollar_neutral,2.0,7.0,US monetary news
2024-06-07 00:00:00,2024-06-12 00:00:00,2024-06-14 00:00:00,-0.010317285457731,A3+S_theory_dollar_neutral,5.0,7.0,other
2024-08-20 00:00:00,2024-08-22 00:00:00,2024-08-26 00:00:00,-0.002554973621449,A3+S_theory_dollar_neutral,2.0,6.0,other
2024-09-02 00:00:00,2024-09-05 00:00:00,2024-09-09 00:00:00,-0.0024072431977729,A3+S_theory_dollar_neutral,3.0,7.0,other
2024-09-09 00:00:00,2024-09-10 00:00:00,2024-09-11 00:00:00,-0.0021825795999218,A3+S_theory_dollar_neutral,1.0,2.0,other
2024-06-14 00:00:00,2024-06-17 00:00:00,2024-06-18 00:00:00,-0.0016833510282838,A3+S_theory_dollar_neutral,3.0,4.0,other
2024-02-13 00:00:00,2024-07-29 00:00:00,2025-11-19 00:00:00,-0.1523323978748572,A3+S_theory_with_dollar,167.0,645.0,"US fiscal news, US monetary news"
2026-02-13 00:00:00,2026-07-31 00:00:00,,-0.1219220451744647,A3+S_theory_with_dollar,168.0,223.0,"US fiscal news, US monetary news, geopolitical shock"
2026-01-26 00:00:00,2026-01-30 00:00:00,2026-02-09 00:00:00,-0.0213186296796284,A3+S_theory_with_dollar,4.0,14.0,US fiscal news
2025-12-10 00:00:00,2026-01-12 00:00:00,2026-01-20 00:00:00,-0.0190111409586319,A3+S_theory_with_dollar,33.0,41.0,other
2024-02-05 00:00:00,2024-02-12 00:00:00,2024-02-13 00:00:00,-0.0131841555605117,A3+S_theory_with_dollar,7.0,8.0,other
2024-01-29 00:00:00,2024-01-31 00:00:00,2024-02-02 00:00:00,-0.0070034307772057,A3+S_theory_with_dollar,2.0,4.0,US monetary news
2025-12-01 00:00:00,2025-12-02 00:00:00,2025-12-03 00:00:00,-0.0037789442799268,A3+S_theory_with_dollar,1.0,2.0,other
2025-12-05 00:00:00,2025-12-08 00:00:00,2025-12-09 00:00:00,-0.0020409291640961,A3+S_theory_with_dollar,3.0,4.0,other
2026-01-20 00:00:00,2026-01-21 00:00:00,2026-01-22 00:00:00,-0.0014059654938676,A3+S_theory_with_dollar,1.0,2.0,other
2025-11-26 00:00:00,2025-11-27 00:00:00,2025-11-28 00:00:00,-6.213384488962248e-05,A3+S_theory_with_dollar,1.0,2.0,other
2024-01-31 00:00:00,2024-07-29 00:00:00,2025-12-03 00:00:00,-0.1494782122250028,A1_theory_with_dollar_D12,180.0,672.0,"US fiscal news, US monetary news"
2026-01-26 00:00:00,2026-04-03 00:00:00,,-0.1278014205022984,A1_theory_with_dollar_D12,67.0,241.0,"US fiscal news, US monetary news, geopolitical shock"
2025-12-25 00:00:00,2026-01-12 00:00:00,2026-01-20 00:00:00,-0.0259763030431422,A1_theory_with_dollar_D12,18.0,26.0,other
2025-12-16 00:00:00,2025-12-19 00:00:00,2025-12-22 00:00:00,-0.0066449192652066,A1_theory_with_dollar_D12,3.0,6.0,other
2025-12-05 00:00:00,2025-12-08 00:00:00,2025-12-09 00:00:00,-0.0018130801405534,A1_theory_with_dollar_D12,3.0,4.0,other
2026-01-20 00:00:00,2026-01-21 00:00:00,2026-01-22 00:00:00,-0.0015060523552848,A1_theory_with_dollar_D12,1.0,2.0,other
2024-01-29 00:00:00,2024-01-30 00:00:00,2024-01-31 00:00:00,-0.0004573175187256,A1_theory_with_dollar_D12,1.0,2.0,other
2024-04-29 00:00:00,2024-11-29 00:00:00,2025-09-12 00:00:00,-0.1199526663468718,base_carry,214.0,501.0,"US fiscal news, US monetary news, geopolitical shock"
2026-06-03 00:00:00,2026-09-14 00:00:00,,-0.1057681420939827,base_carry,103.0,113.0,US monetary news
2025-12-05 00:00:00,2025-12-29 00:00:00,2026-01-23 00:00:00,-0.0684868342499049,base_carry,24.0,49.0,other
2024-04-15 00:00:00,2024-04-19 00:00:00,2024-04-29 00:00:00,-0.037637650959246,base_carry,4.0,14.0,US fiscal news
2024-01-16 00:00:00,2024-03-11 00:00:00,2024-03-26 00:00:00,-0.0318738285258609,base_carry,55.0,70.0,US monetary news
2026-05-25 00:00:00,2026-05-28 00:00:00,2026-06-02 00:00:00,-0.0214563467030842,base_carry,3.0,8.0,other
2026-05-13 00:00:00,2026-05-18 00:00:00,2026-05-25 00:00:00,-0.0214376342759472,base_carry,5.0,12.0,other
2025-10-09 00:00:00,2025-10-16 00:00:00,2025-10-21 00:00:00,-0.0205443731481081,base_carry,7.0,12.0,other
2024-03-27 00:00:00,2024-04-03 00:00:00,2024-04-12 00:00:00,-0.0191595311576623,base_carry,7.0,16.0,other
2026-03-18 00:00:00,2026-03-23 00:00:00,2026-03-26 00:00:00,-0.0182913177894904,base_carry,5.0,8.0,other
2026-06-03 00:00:00,2026-09-14 00:00:00,,-0.1057681420939828,pm_timed,103.0,113.0,US monetary news
2024-07-10 00:00:00,2024-08-05 00:00:00,2025-01-29 00:00:00,-0.0716580105685597,pm_timed,26.0,203.0,"US fiscal news, US monetary news"
2025-12-05 00:00:00,2025-12-29 00:00:00,2026-02-04 00:00:00,-0.0684868342499046,pm_timed,24.0,61.0,other
2025-04-03 00:00:00,2025-05-06 00:00:00,2025-09-18 00:00:00,-0.0545498275791705,pm_timed,33.0,168.0,"US fiscal news, geopolitical shock"
2024-04-15 00:00:00,2024-04-19 00:00:00,2024-04-29 00:00:00,-0.037637650959246,pm_timed,4.0,14.0,US fiscal news
2024-04-29 00:00:00,2024-07-03 00:00:00,2024-07-10 00:00:00,-0.0327693730654233,pm_timed,65.0,72.0,US monetary news
2024-01-16 00:00:00,2024-03-11 00:00:00,2024-03-26 00:00:00,-0.0318738285258609,pm_timed,55.0,70.0,US monetary news
2026-05-25 00:00:00,2026-05-28 00:00:00,2026-06-02 00:00:00,-0.0214563467030843,pm_timed,3.0,8.0,other
2026-05-13 00:00:00,2026-05-18 00:00:00,2026-05-25 00:00:00,-0.0214376342759473,pm_timed,5.0,12.0,other
2024-03-27 00:00:00,2024-04-03 00:00:00,2024-04-12 00:00:00,-0.0191595311576623,pm_timed,7.0,16.0,other
2024-03-27 00:00:00,2024-11-29 00:00:00,2025-11-06 00:00:00,-0.1294284285632251,vix_timed,247.0,589.0,"US fiscal news, US monetary news, geopolitical shock"
2026-06-03 00:00:00,2026-09-14 00:00:00,,-0.1145279428052225,vix_timed,103.0,113.0,US monetary news
2025-12-05 00:00:00,2025-12-29 00:00:00,2026-02-06 00:00:00,-0.0684868342499048,vix_timed,24.0,63.0,other
2024-01-16 00:00:00,2024-03-11 00:00:00,2024-03-27 00:00:00,-0.0393584366421521,vix_timed,55.0,71.0,US monetary news
2026-05-25 00:00:00,2026-05-28 00:00:00,2026-06-02 00:00:00,-0.0214563467030841,vix_timed,3.0,8.0,other
2026-05-13 00:00:00,2026-05-18 00:00:00,2026-05-25 00:00:00,-0.0214376342759473,vix_timed,5.0,12.0,other
2025-11-12 00:00:00,2025-11-14 00:00:00,2025-12-04 00:00:00,-0.0173749324457838,vix_timed,2.0,22.0,US monetary news
2026-03-18 00:00:00,2026-03-23 00:00:00,2026-03-26 00:00:00,-0.0141771133490411,vix_timed,5.0,8.0,other
2026-05-05 00:00:00,2026-05-06 00:00:00,2026-05-08 00:00:00,-0.0085011950012353,vix_timed,1.0,3.0,other
2026-02-09 00:00:00,2026-02-16 00:00:00,2026-02-27 00:00:00,-0.0077958082513177,vix_timed,7.0,18.0,other
