test,variant,dollar_neutral,sharpe,ann_mean,ann_vol,max_drawdown,seed,halflife,event
actual,A1,False,0.8297203580928885,0.0851213376840666,0.1025903930810109,-0.1476444105635392,,,
placebo_a_shuffle,A1,False,-0.2772572636858363,-0.0286918071166995,0.1034844199761365,-0.2652617052627305,0.0,,
placebo_a_shuffle,A1,False,-0.7995009391292444,-0.0823855251922135,0.1030461893915241,-0.3192744889504508,1.0,,
placebo_a_shuffle,A1,False,-0.330407367291007,-0.0340456430640879,0.103041416246939,-0.2351945478584201,2.0,,
placebo_a_shuffle,A1,False,0.2543821766560251,0.0261194698451423,0.1026780656903532,-0.1448268045691767,3.0,,
placebo_a_shuffle,A1,False,1.0142221352095064,0.1035966446362092,0.1021439397147543,-0.1505351302997616,4.0,,
placebo_a_shuffle,A1,False,-0.4360083516987448,-0.0449732442424817,0.1031476669363332,-0.2382987051023249,5.0,,
placebo_a_shuffle,A1,False,-0.1530102604378894,-0.0157496578732004,0.1029320375517796,-0.2153552662066918,6.0,,
placebo_a_shuffle,A1,False,0.1545666364713905,0.0158548956169229,0.1025764419726994,-0.1767436429011906,7.0,,
placebo_a_shuffle,A1,False,-0.045490791567576,-0.0046696365178912,0.1026501486779926,-0.2403985086621115,8.0,,
placebo_a_shuffle,A1,False,0.1046086709659237,0.0107730833223343,0.1029846113410968,-0.1995968382972048,9.0,,
placebo_a_shuffle,A1,False,0.2450129850208923,0.025211882784973,0.1029001903014375,-0.1412338535339402,10.0,,
placebo_a_shuffle,A1,False,0.2497660738288503,0.0256520835922482,0.1027044353903169,-0.1693812639470537,11.0,,
placebo_a_shuffle,A1,False,0.6356275486348006,0.0651460055887546,0.1024908466108416,-0.1843556024852394,12.0,,
placebo_a_shuffle,A1,False,0.6976771794224517,0.0716878720740922,0.1027522100313452,-0.1281766994137623,13.0,,
placebo_a_shuffle,A1,False,-0.2640661379461667,-0.0271960658951853,0.1029895999036787,-0.2418282833959647,14.0,,
placebo_a_shuffle,A1,False,0.1602781878564596,0.0165079758908888,0.1029957732344271,-0.1213932338499653,15.0,,
placebo_a_shuffle,A1,False,-0.2319720859331811,-0.0239085045174276,0.1030662996422529,-0.1868985346839543,16.0,,
placebo_a_shuffle,A1,False,0.027041118097318,0.0027854837291402,0.1030091921168215,-0.2276972880000565,17.0,,
placebo_a_shuffle,A1,False,0.7858204412510791,0.0804266287153291,0.1023473359731958,-0.1359686808843574,18.0,,
placebo_a_shuffle,A1,False,0.7052948844237503,0.072325664267644,0.1025467019043198,-0.1529665172287764,19.0,,
placebo_a_shuffle,A1,False,0.1545431767144069,0.0158505238684682,0.1025637249437401,-0.16984566168,20.0,,
placebo_a_shuffle,A1,False,-0.1754404940553335,-0.0180516064773218,0.1028930440176963,-0.1758868893190848,21.0,,
placebo_a_shuffle,A1,False,0.2963255478957919,0.0303868510307003,0.1025454985116112,-0.1615988881844765,22.0,,
placebo_a_shuffle,A1,False,0.4524334250583315,0.0463453403572391,0.1024357127267154,-0.1342243020003359,23.0,,
placebo_a_shuffle,A1,False,-0.5381969676750464,-0.0555301154642997,0.1031780533884907,-0.2281610468395303,24.0,,
placebo_a_shuffle,A1,False,0.4860683998808666,0.0499595270898746,0.1027829151249485,-0.1594878972900182,25.0,,
placebo_a_shuffle,A1,False,0.3733877357648421,0.0383527850898435,0.1027157065330019,-0.1475396444790857,26.0,,
placebo_a_shuffle,A1,False,-0.2029599044728555,-0.0209191081738188,0.1030701518516759,-0.1827498388000715,27.0,,
placebo_a_shuffle,A1,False,1.101046775434693,0.1124509804198215,0.1021309747493932,-0.1127070703313054,28.0,,
placebo_a_shuffle,A1,False,-0.4680026391091186,-0.0482956591951104,0.1031952710502769,-0.2555273731957187,29.0,,
placebo_a_shuffle,A1,False,-0.6380197438030291,-0.0656899230443251,0.1029590756122511,-0.2492301504559432,30.0,,
placebo_a_shuffle,A1,False,-0.1090554516751767,-0.0111982226592031,0.10268374929625,-0.2594240432418202,31.0,,
placebo_a_shuffle,A1,False,-0.0330106363083763,-0.0033957651853194,0.1028688194192065,-0.1829258655924918,32.0,,
placebo_a_shuffle,A1,False,-0.4891858837123393,-0.0503896791167822,0.1030072223964937,-0.2818075257119554,33.0,,
placebo_a_shuffle,A1,False,0.1750733116215799,0.0180232113552363,0.1029466523955026,-0.1607908531275396,34.0,,
placebo_a_shuffle,A1,False,0.6987157669961165,0.0716548105813099,0.1025521592125574,-0.0951186436992665,35.0,,
placebo_a_shuffle,A1,False,-0.3165846129565365,-0.0325965154813684,0.1029630441509915,-0.1846886678786731,36.0,,
placebo_a_shuffle,A1,False,-0.6125560629553786,-0.0632160161964319,0.1032003762911687,-0.3132694216726027,37.0,,
placebo_a_shuffle,A1,False,1.08581217109707,0.1109660013080361,0.1021963137472659,-0.0887074124802168,38.0,,
placebo_a_shuffle,A1,False,0.1127761077579334,0.011557787597968,0.1024843632906365,-0.2068277972353392,39.0,,
placebo_a_shuffle,A1,False,0.6233625357786038,0.063844567001748,0.1024196407985984,-0.1478034839826477,40.0,,
placebo_a_shuffle,A1,False,0.0968224670243848,0.0099375551857116,0.1026368723202321,-0.1566889461731678,41.0,,
placebo_a_shuffle,A1,False,0.991071438849018,0.1013909854849152,0.1023044167256658,-0.086341736554081,42.0,,
placebo_a_shuffle,A1,False,-0.1332012906422834,-0.0136829487905591,0.1027238454265822,-0.3010616370771816,43.0,,
placebo_a_shuffle,A1,False,0.2169375517707446,0.0223465617518225,0.1030091912138749,-0.1640781608843941,44.0,,
placebo_a_shuffle,A1,False,-0.097877421505616,-0.0100997503160596,0.1031877440240914,-0.2403944267003231,45.0,,
placebo_a_shuffle,A1,False,1.0481216422201611,0.1070744672438067,0.1021584355581081,-0.1038382759134064,46.0,,
placebo_a_shuffle,A1,False,-0.3131392794088991,-0.0322833173396027,0.1030957131936394,-0.3183571773417118,47.0,,
placebo_a_shuffle,A1,False,-0.1581477580193723,-0.0162838618737324,0.1029661253353828,-0.1897435135972794,48.0,,
placebo_a_shuffle,A1,False,-0.2722461786707819,-0.0280328272129892,0.102968671038312,-0.2279323901692903,49.0,,
placebo_b_random_contracts,A1,False,-0.4324201897921864,-0.0426716798545473,0.098681053433362,-0.1751461605666681,,,
placebo_c_reversed,A1,False,-1.3552539362129947,-0.1377807698130999,0.1016641723971691,-0.3912208940441233,,,
halflife,A1,False,-0.7821731165917164,-0.0811400138065672,0.1037366435708391,-0.2363223787656623,,1.0,
halflife,A1,False,0.8297203580928885,0.0851213376840666,0.1025903930810109,-0.1476444105635392,,5.0,
halflife,A1,False,1.1741552959913064,0.1200394140201374,0.1022346996431946,-0.1137904799574338,,10.0,
halflife,A1,False,0.4894732702271424,0.0500329836603409,0.1022180100603305,-0.1478702815169538,,20.0,
equal_weights,A1,False,0.7001097365642989,0.0718656016312883,0.1026490532526512,-0.148634335845188,,,
leave_one_event_out,A1,False,0.7938373218475381,0.080585529137265,0.1015139083530542,-0.1241911943662522,,,presidential-election-winner-2024
leave_one_event_out,A1,False,0.8046889969180254,0.0825488062210113,0.1025847334028113,-0.1476444105635392,,,PRES-2024
leave_one_event_out,A1,False,1.077953081848826,0.1103855169302678,0.1024028956259791,-0.1476444105635392,,,who-will-be-inaugurated-as-president
leave_one_event_out,A1,False,0.8231420842399311,0.0844974164188262,0.1026522857191162,-0.1569793462676356,,,presidential-election-popular-vote-winner-2024
leave_one_event_out,A1,False,0.8229216280712354,0.0844289471300853,0.1025965830160157,-0.1476444105635392,,,fed-decision-in-january
leave_one_event_out,A1,False,0.7403043719440907,0.0760222171638188,0.1026904879194205,-0.1476444105635392,,,fed-decision-in-march-885
leave_one_event_out,A1,False,0.808962678983293,0.0829820884004388,0.102578389036106,-0.1476444105635392,,,fed-decision-in-december
leave_one_event_out,A1,False,0.8204689289278584,0.0841681598728163,0.1025854324341111,-0.1476444105635392,,,fed-decision-in-september-762
leave_one_event_out,A1,False,0.8935451981606682,0.0916217046004299,0.1025372916658609,-0.1476444105635392,,,fed-decision-in-september
leave_one_event_out,A1,False,0.8614084028377167,0.0883799963822706,0.102599412881419,-0.1476444105635392,,,fed-decision-in-october
actual,A1,True,,0.0,0.0,0.0,,,
placebo_a_shuffle,A1,True,,0.0,0.0,0.0,0.0,,
placebo_a_shuffle,A1,True,,0.0,0.0,0.0,1.0,,
placebo_a_shuffle,A1,True,,0.0,0.0,0.0,2.0,,
placebo_a_shuffle,A1,True,,0.0,0.0,0.0,3.0,,
placebo_a_shuffle,A1,True,,0.0,0.0,0.0,4.0,,
placebo_a_shuffle,A1,True,,0.0,0.0,0.0,5.0,,
placebo_a_shuffle,A1,True,,0.0,0.0,0.0,6.0,,
placebo_a_shuffle,A1,True,,0.0,0.0,0.0,7.0,,
placebo_a_shuffle,A1,True,,0.0,0.0,0.0,8.0,,
placebo_a_shuffle,A1,True,,0.0,0.0,0.0,9.0,,
placebo_a_shuffle,A1,True,,0.0,0.0,0.0,10.0,,
placebo_a_shuffle,A1,True,,0.0,0.0,0.0,11.0,,
placebo_a_shuffle,A1,True,,0.0,0.0,0.0,12.0,,
placebo_a_shuffle,A1,True,,0.0,0.0,0.0,13.0,,
placebo_a_shuffle,A1,True,,0.0,0.0,0.0,14.0,,
placebo_a_shuffle,A1,True,,0.0,0.0,0.0,15.0,,
placebo_a_shuffle,A1,True,,0.0,0.0,0.0,16.0,,
placebo_a_shuffle,A1,True,,0.0,0.0,0.0,17.0,,
placebo_a_shuffle,A1,True,,0.0,0.0,0.0,18.0,,
placebo_a_shuffle,A1,True,,0.0,0.0,0.0,19.0,,
placebo_a_shuffle,A1,True,,0.0,0.0,0.0,20.0,,
placebo_a_shuffle,A1,True,,0.0,0.0,0.0,21.0,,
placebo_a_shuffle,A1,True,,0.0,0.0,0.0,22.0,,
placebo_a_shuffle,A1,True,,0.0,0.0,0.0,23.0,,
placebo_a_shuffle,A1,True,,0.0,0.0,0.0,24.0,,
placebo_a_shuffle,A1,True,,0.0,0.0,0.0,25.0,,
placebo_a_shuffle,A1,True,,0.0,0.0,0.0,26.0,,
placebo_a_shuffle,A1,True,,0.0,0.0,0.0,27.0,,
placebo_a_shuffle,A1,True,,0.0,0.0,0.0,28.0,,
placebo_a_shuffle,A1,True,,0.0,0.0,0.0,29.0,,
placebo_a_shuffle,A1,True,,0.0,0.0,0.0,30.0,,
placebo_a_shuffle,A1,True,,0.0,0.0,0.0,31.0,,
placebo_a_shuffle,A1,True,,0.0,0.0,0.0,32.0,,
placebo_a_shuffle,A1,True,,0.0,0.0,0.0,33.0,,
placebo_a_shuffle,A1,True,,0.0,0.0,0.0,34.0,,
placebo_a_shuffle,A1,True,,0.0,0.0,0.0,35.0,,
placebo_a_shuffle,A1,True,,0.0,0.0,0.0,36.0,,
placebo_a_shuffle,A1,True,,0.0,0.0,0.0,37.0,,
placebo_a_shuffle,A1,True,,0.0,0.0,0.0,38.0,,
placebo_a_shuffle,A1,True,,0.0,0.0,0.0,39.0,,
placebo_a_shuffle,A1,True,,0.0,0.0,0.0,40.0,,
placebo_a_shuffle,A1,True,,0.0,0.0,0.0,41.0,,
placebo_a_shuffle,A1,True,,0.0,0.0,0.0,42.0,,
placebo_a_shuffle,A1,True,,0.0,0.0,0.0,43.0,,
placebo_a_shuffle,A1,True,,0.0,0.0,0.0,44.0,,
placebo_a_shuffle,A1,True,,0.0,0.0,0.0,45.0,,
placebo_a_shuffle,A1,True,,0.0,0.0,0.0,46.0,,
placebo_a_shuffle,A1,True,,0.0,0.0,0.0,47.0,,
placebo_a_shuffle,A1,True,,0.0,0.0,0.0,48.0,,
placebo_a_shuffle,A1,True,,0.0,0.0,0.0,49.0,,
placebo_b_random_contracts,A1,True,,0.0,0.0,0.0,,,
placebo_c_reversed,A1,True,,0.0,0.0,0.0,,,
halflife,A1,True,,0.0,0.0,0.0,,1.0,
halflife,A1,True,,0.0,0.0,0.0,,5.0,
halflife,A1,True,,0.0,0.0,0.0,,10.0,
halflife,A1,True,,0.0,0.0,0.0,,20.0,
equal_weights,A1,True,,0.0,0.0,0.0,,,
leave_one_event_out,A1,True,,0.0,0.0,0.0,,,presidential-election-winner-2024
leave_one_event_out,A1,True,,0.0,0.0,0.0,,,PRES-2024
leave_one_event_out,A1,True,,0.0,0.0,0.0,,,who-will-be-inaugurated-as-president
leave_one_event_out,A1,True,,0.0,0.0,0.0,,,presidential-election-popular-vote-winner-2024
leave_one_event_out,A1,True,,0.0,0.0,0.0,,,fed-decision-in-january
leave_one_event_out,A1,True,,0.0,0.0,0.0,,,fed-decision-in-march-885
leave_one_event_out,A1,True,,0.0,0.0,0.0,,,fed-decision-in-december
leave_one_event_out,A1,True,,0.0,0.0,0.0,,,fed-decision-in-september-762
leave_one_event_out,A1,True,,0.0,0.0,0.0,,,fed-decision-in-september
leave_one_event_out,A1,True,,0.0,0.0,0.0,,,fed-decision-in-october
actual,A2,False,1.0349892784349246,0.1025956958636028,0.0991273030564573,-0.155685644933927,,,
placebo_a_shuffle,A2,False,0.0585800187864502,0.005769340956852,0.0984864989184073,-0.1966224680947035,0.0,,
placebo_a_shuffle,A2,False,0.9440556038565636,0.0934122909540309,0.0989478697784667,-0.1332157365381542,1.0,,
placebo_a_shuffle,A2,False,0.4271841227961683,0.0409313314928399,0.095816602978876,-0.1635995284288812,2.0,,
placebo_a_shuffle,A2,False,0.5000626150297944,0.0496860382999719,0.0993596337870839,-0.1144925008195876,3.0,,
placebo_a_shuffle,A2,False,-0.2811189920618283,-0.0275346230370217,0.0979465059798091,-0.2194854115460566,4.0,,
placebo_a_shuffle,A2,False,0.1673774066927177,0.0164025704672145,0.0979975182512382,-0.1471166160214599,5.0,,
placebo_a_shuffle,A2,False,0.1544642688148724,0.0155216399391103,0.1004869285188101,-0.0943391631369267,6.0,,
placebo_a_shuffle,A2,False,-0.174983010050868,-0.0174460480691979,0.0997013828035437,-0.1442815624496657,7.0,,
placebo_a_shuffle,A2,False,0.1543826218708198,0.0149135165139138,0.0966010055613173,-0.1666725301892705,8.0,,
placebo_a_shuffle,A2,False,-0.1215321863550036,-0.0122065965196529,0.1004392077996246,-0.1923091927198643,9.0,,
placebo_a_shuffle,A2,False,0.5574781882791328,0.0552332113706639,0.0990769011809451,-0.1332506790821349,10.0,,
placebo_a_shuffle,A2,False,-0.0815684150745114,-0.008091182772572,0.0991950470679235,-0.1642415964965684,11.0,,
placebo_a_shuffle,A2,False,-0.2141126016523567,-0.0213831116796735,0.0998685341948821,-0.1425122313003236,12.0,,
placebo_a_shuffle,A2,False,0.0123874280426803,0.0012018641091787,0.097022893294539,-0.1734628080938106,13.0,,
placebo_a_shuffle,A2,False,-0.0989573627434728,-0.0098360854058934,0.0993972063644369,-0.1885587725392252,14.0,,
placebo_a_shuffle,A2,False,0.6670341009577855,0.0647550594636667,0.0970790839189268,-0.0809224198280845,15.0,,
placebo_a_shuffle,A2,False,-0.3918159605579078,-0.0389068415276442,0.0992987663704274,-0.1998779314328811,16.0,,
placebo_a_shuffle,A2,False,-0.2427956946532572,-0.0239137855986163,0.0984934499467473,-0.1973475368579413,17.0,,
placebo_a_shuffle,A2,False,0.4693241617158261,0.0467101641068274,0.0995264423124037,-0.1138963276302624,18.0,,
placebo_a_shuffle,A2,False,-0.3157537732269708,-0.0315118619281463,0.0997988451764118,-0.2400109392019712,19.0,,
placebo_a_shuffle,A2,False,0.4162468732770204,0.0404097891626859,0.0970813038054761,-0.1463433596315412,20.0,,
placebo_a_shuffle,A2,False,0.0215107147580024,0.002125891917916,0.0988294411335238,-0.2053357596774407,21.0,,
placebo_a_shuffle,A2,False,-0.1356311539738223,-0.0135568592672602,0.0999538739446009,-0.1335160974281316,22.0,,
placebo_a_shuffle,A2,False,0.3982466276973407,0.0393562570340746,0.0988238300011031,-0.2148941243760435,23.0,,
placebo_a_shuffle,A2,False,-0.2782964295002548,-0.027667111373359,0.0994159767807358,-0.2360785800292452,24.0,,
placebo_a_shuffle,A2,False,-0.3226362188145543,-0.0324783717301928,0.1006656098609339,-0.2362896637401884,25.0,,
placebo_a_shuffle,A2,False,-0.6658467974001054,-0.0668002000781974,0.1003236785684461,-0.2636122098746292,26.0,,
placebo_a_shuffle,A2,False,0.7943667852187872,0.0795702284400863,0.100168121226482,-0.0839949398619125,27.0,,
placebo_a_shuffle,A2,False,-0.4511414619216845,-0.0457090045184254,0.1013185627490835,-0.2683990810843009,28.0,,
placebo_a_shuffle,A2,False,1.1587758876297451,0.1145742829476553,0.0988752736148271,-0.1257332700572578,29.0,,
placebo_a_shuffle,A2,False,0.0493797574626312,0.0049431614515971,0.1001050168247169,-0.1849715052126364,30.0,,
placebo_a_shuffle,A2,False,1.0374441886840151,0.103001887325542,0.0992842684445499,-0.1337681491468807,31.0,,
placebo_a_shuffle,A2,False,0.2670641366747884,0.0260824563377133,0.0976636423836821,-0.1457957524365686,32.0,,
placebo_a_shuffle,A2,False,-0.1919356693185564,-0.0191523601920884,0.0997853096304949,-0.2329729127642055,33.0,,
placebo_a_shuffle,A2,False,-0.0487223236710456,-0.0048907162899995,0.1003793727700626,-0.2331348047450028,34.0,,
placebo_a_shuffle,A2,False,-0.1868048198219105,-0.0182651253490738,0.0977765207904526,-0.199991192250189,35.0,,
placebo_a_shuffle,A2,False,-0.7122229165112185,-0.0707396158503902,0.0993222967282547,-0.2778557793736496,36.0,,
placebo_a_shuffle,A2,False,0.1329626013323613,0.0133302232452209,0.100255433570376,-0.2351490326483744,37.0,,
placebo_a_shuffle,A2,False,0.4250871210534092,0.0423982188872945,0.0997400692409299,-0.118578019092323,38.0,,
placebo_a_shuffle,A2,False,0.852475814126558,0.084495801323464,0.0991181215035853,-0.1250731912155843,39.0,,
placebo_a_shuffle,A2,False,-0.3150590812343322,-0.0313054964288684,0.0993638917063441,-0.1971327228142395,40.0,,
placebo_a_shuffle,A2,False,-0.1625922382760071,-0.0160324721658876,0.098605396763601,-0.1760682018043262,41.0,,
placebo_a_shuffle,A2,False,-0.8192775095941405,-0.0812580889911887,0.0991826188801923,-0.2866054283368491,42.0,,
placebo_a_shuffle,A2,False,-0.1178510400514689,-0.0117994846064519,0.1001220235417416,-0.2017952574053945,43.0,,
placebo_a_shuffle,A2,False,0.2019685447901309,0.0199593442948908,0.0988240238876352,-0.1702989389194349,44.0,,
placebo_a_shuffle,A2,False,1.037186529764971,0.1015098865309834,0.0978704250565092,-0.0832718805656511,45.0,,
placebo_a_shuffle,A2,False,0.1053309041618688,0.0103819080697575,0.0985646914584824,-0.1710319926575213,46.0,,
placebo_a_shuffle,A2,False,0.1919812875761761,0.0189017082992713,0.0984559929663529,-0.156422334304199,47.0,,
placebo_a_shuffle,A2,False,-0.1713372545295381,-0.0170492552736267,0.0995069946722388,-0.2264654111303806,48.0,,
placebo_a_shuffle,A2,False,-0.6179201941311321,-0.0614427872597988,0.0994348264442053,-0.2685089659601443,49.0,,
placebo_b_random_contracts,A2,False,-0.5425188966231066,-0.0537815658982332,0.0991330739500413,-0.2060532717652865,,,
placebo_c_reversed,A2,False,-1.7710572141236651,-0.1743546850816528,0.0984466699840214,-0.4539336138427621,,,
halflife,A2,False,-0.2402327690849406,-0.0236930735200327,0.0986254856499423,-0.1659515430261496,,1.0,
halflife,A2,False,1.0349892784349246,0.1025956958636028,0.0991273030564573,-0.155685644933927,,5.0,
halflife,A2,False,0.5898369155284527,0.0583842131054304,0.0989836539022353,-0.1250675346792528,,10.0,
halflife,A2,False,0.9580877428348616,0.0964799269604536,0.1007005127473832,-0.1510193941845846,,20.0,
equal_weights,A2,False,0.9610295277613896,0.0970328439334764,0.1009675989451683,-0.1440861281357383,,,
leave_one_event_out,A2,False,1.4449999390362622,0.1430003549232924,0.0989621875130776,-0.1183687623701639,,,presidential-election-winner-2024
leave_one_event_out,A2,False,1.00763303464708,0.0998711372817396,0.0991145921657076,-0.155685644933927,,,PRES-2024
leave_one_event_out,A2,False,1.073059036901577,0.1061560937373721,0.098928474656804,-0.155685644933927,,,who-will-be-inaugurated-as-president
leave_one_event_out,A2,False,0.92987240745608,0.0922323571827628,0.0991881858663703,-0.1798388893383649,,,presidential-election-popular-vote-winner-2024
leave_one_event_out,A2,False,1.0454138523754346,0.1036422482849736,0.0991399224809134,-0.155685644933927,,,fed-decision-in-january
leave_one_event_out,A2,False,0.9092660085325718,0.0907545560761904,0.0998107871893898,-0.155685644933927,,,fed-decision-in-march-885
leave_one_event_out,A2,False,0.9606826337980304,0.0953753406248309,0.0992787183502707,-0.155685644933927,,,fed-decision-in-december
leave_one_event_out,A2,False,1.00761607470577,0.1002871015045406,0.0995290805913602,-0.155685644933927,,,fed-decision-in-september-762
leave_one_event_out,A2,False,1.058247650569246,0.1049120154542593,0.0991374896016312,-0.155685644933927,,,fed-decision-in-september
leave_one_event_out,A2,False,1.0350081563880025,0.1025944023455519,0.0991242452654561,-0.155685644933927,,,fed-decision-in-october
actual,A2,True,-1.0623993907009883,-0.0604700133522568,0.0569183434041295,-0.2049460094252152,,,
placebo_a_shuffle,A2,True,-1.9928392684041176,-0.1158194001584261,0.0581177830017246,-0.3055800473684683,0.0,,
placebo_a_shuffle,A2,True,-1.7488421606537403,-0.0966864365607163,0.0552859707616916,-0.291524509783286,1.0,,
placebo_a_shuffle,A2,True,-1.115855405700528,-0.0629941851456997,0.0564537168739638,-0.1734219759907187,2.0,,
placebo_a_shuffle,A2,True,-1.7002610487552872,-0.0993051749900453,0.0584058401283401,-0.2670628046534682,3.0,,
placebo_a_shuffle,A2,True,-2.1929771015807624,-0.1278168585871583,0.0582846298281109,-0.3233572136838046,4.0,,
placebo_a_shuffle,A2,True,-0.6478165628741901,-0.0352726058505964,0.0544484470945005,-0.1556117769853968,5.0,,
placebo_a_shuffle,A2,True,-1.706187019268966,-0.0966373390101421,0.0566393589441018,-0.2545852378428639,6.0,,
placebo_a_shuffle,A2,True,-1.294956855377865,-0.0734719831897749,0.0567370124221906,-0.2389154862976372,7.0,,
placebo_a_shuffle,A2,True,-1.7389316357163638,-0.098194261082791,0.0564681549670808,-0.2648349661250433,8.0,,
placebo_a_shuffle,A2,True,-1.6056266873448943,-0.090645623690856,0.0564549807282725,-0.2474386514975918,9.0,,
placebo_a_shuffle,A2,True,-1.1252448362675245,-0.0610117994517134,0.0542209104056781,-0.1763895257328713,10.0,,
placebo_a_shuffle,A2,True,-2.0319777444469347,-0.1129173632322436,0.0555701771541684,-0.2932768366328722,11.0,,
placebo_a_shuffle,A2,True,-0.6240841055414128,-0.0338684461340211,0.0542690413572368,-0.140576110660801,12.0,,
placebo_a_shuffle,A2,True,-0.97307698640047,-0.0534301825891753,0.054908484463105,-0.1712232058400381,13.0,,
placebo_a_shuffle,A2,True,-1.4899826723002918,-0.0880888157685291,0.0591206981169346,-0.2472476101582058,14.0,,
placebo_a_shuffle,A2,True,-2.025458770875068,-0.1167091332757425,0.0576210856295634,-0.2913420245922037,15.0,,
placebo_a_shuffle,A2,True,-2.5130566478633702,-0.1455735047087274,0.0579268695882743,-0.3543530712425644,16.0,,
placebo_a_shuffle,A2,True,-1.7322101195708244,-0.1024694718390561,0.0591553361115591,-0.2765147867403016,17.0,,
placebo_a_shuffle,A2,True,-1.4456850618203023,-0.0779460711777185,0.0539163564985408,-0.2230929612230189,18.0,,
placebo_a_shuffle,A2,True,-1.7077166392516607,-0.1009290193016061,0.0591017367763274,-0.260977720759979,19.0,,
placebo_a_shuffle,A2,True,-2.065274898000711,-0.1139539119481569,0.0551761472811537,-0.2932621414703008,20.0,,
placebo_a_shuffle,A2,True,-2.07868205007738,-0.1159727908906949,0.0557915006224149,-0.2866894609740414,21.0,,
placebo_a_shuffle,A2,True,-1.8407931438293448,-0.1047580935605317,0.0569092154171145,-0.2784369772787669,22.0,,
placebo_a_shuffle,A2,True,-2.10746325899171,-0.1145700614101309,0.0543639662145026,-0.292304509528665,23.0,,
placebo_a_shuffle,A2,True,-1.4383513335283686,-0.0836572132301299,0.0581618769212063,-0.2285088182431145,24.0,,
placebo_a_shuffle,A2,True,-1.9858000404912417,-0.1102230874854314,0.0555056326105043,-0.2847895667447021,25.0,,
placebo_a_shuffle,A2,True,-1.4875214002222743,-0.0801514729953293,0.0538825679975781,-0.2294481517741777,26.0,,
placebo_a_shuffle,A2,True,-1.406093687588699,-0.082648286150155,0.0587786481652499,-0.2280405637891631,27.0,,
placebo_a_shuffle,A2,True,-3.1792088467089767,-0.1689322861734013,0.0531365802999306,-0.3981399050989748,28.0,,
placebo_a_shuffle,A2,True,-1.6141321986525896,-0.0903507055990925,0.0559747867457904,-0.2584750938643834,29.0,,
placebo_a_shuffle,A2,True,-0.9657816699998856,-0.0541557599103537,0.0560745369192605,-0.2072035427314683,30.0,,
placebo_a_shuffle,A2,True,-0.969819987972844,-0.0561276642863585,0.0578743117098244,-0.1767560743059204,31.0,,
placebo_a_shuffle,A2,True,-1.253892555775196,-0.0736829130859078,0.0587633388096436,-0.226996942819152,32.0,,
placebo_a_shuffle,A2,True,-1.3556881015504,-0.0759345389122173,0.0560118059791013,-0.2374678025778532,33.0,,
placebo_a_shuffle,A2,True,-0.9172704333345127,-0.0543923540847534,0.059298056612403,-0.1814055973771384,34.0,,
placebo_a_shuffle,A2,True,-2.546839105693611,-0.145037210554694,0.0569479282104844,-0.3582899229744798,35.0,,
placebo_a_shuffle,A2,True,-2.399682446460897,-0.1404631579348811,0.0585340606804201,-0.3502518808746295,36.0,,
placebo_a_shuffle,A2,True,-0.8579116184839205,-0.046503934690483,0.0542059737722908,-0.1546929054125503,37.0,,
placebo_a_shuffle,A2,True,-1.7617740138058355,-0.0960289326658805,0.0545069526019605,-0.2717511607632166,38.0,,
placebo_a_shuffle,A2,True,-1.3529420621296524,-0.0765233419786431,0.0565606940020687,-0.2118717232239937,39.0,,
placebo_a_shuffle,A2,True,-1.3909492726179296,-0.0749578464769453,0.0538897053634931,-0.211449459655704,40.0,,
placebo_a_shuffle,A2,True,-1.719961894739159,-0.0953093360141318,0.0554136323052587,-0.2574665234069596,41.0,,
placebo_a_shuffle,A2,True,-1.436029589367192,-0.0820894936778388,0.0571642076776515,-0.2317710551540756,42.0,,
placebo_a_shuffle,A2,True,-1.5572359088949723,-0.0879345401977632,0.0564683486268707,-0.2502349375977318,43.0,,
placebo_a_shuffle,A2,True,-2.09007067905136,-0.1181009212689329,0.0565057069374019,-0.2940238347583576,44.0,,
placebo_a_shuffle,A2,True,-1.2870197685253155,-0.0707864958855001,0.055000317490545,-0.1935784406297598,45.0,,
placebo_a_shuffle,A2,True,-1.4825876932807194,-0.0815708722434667,0.0550192562727699,-0.2250405474035013,46.0,,
placebo_a_shuffle,A2,True,-1.8047664300886803,-0.1002296857918212,0.0555360982567125,-0.2548030612685531,47.0,,
placebo_a_shuffle,A2,True,-1.4782839279114692,-0.0835099040899321,0.0564911127782574,-0.2415019281460394,48.0,,
placebo_a_shuffle,A2,True,-1.3582431211569337,-0.0778328466548131,0.0573040609905803,-0.2371393263997882,49.0,,
placebo_b_random_contracts,A2,True,-1.0650336844822557,-0.056796872256409,0.0533287097712967,-0.1805772783095841,,,
placebo_c_reversed,A2,True,-0.305889642253896,-0.0173111729688458,0.0565928706879102,-0.0828900416391037,,,
halflife,A2,True,-1.879959094117332,-0.1027578648393606,0.0546596280530278,-0.2859469283402059,,1.0,
halflife,A2,True,-1.0623993907009883,-0.0604700133522568,0.0569183434041295,-0.2049460094252152,,5.0,
halflife,A2,True,-0.7926940402533688,-0.045184724972046,0.0570014692649936,-0.1725149136377328,,10.0,
halflife,A2,True,-0.1858863535751221,-0.0105929855400314,0.0569863539538983,-0.1093716743892122,,20.0,
equal_weights,A2,True,-0.8184226390366084,-0.0469948089085582,0.0574211986167407,-0.1774332790196631,,,
leave_one_event_out,A2,True,-1.0623993907006657,-0.0604700133522404,0.0569183434041314,-0.2049460094252165,,,presidential-election-winner-2024
leave_one_event_out,A2,True,-1.0623993906990976,-0.060470013352173,0.0569183434041519,-0.2049460094252155,,,PRES-2024
leave_one_event_out,A2,True,-1.0623993907007625,-0.060470013352246,0.0569183434041314,-0.2049460094252154,,,who-will-be-inaugurated-as-president
leave_one_event_out,A2,True,-1.0623993907000235,-0.0604700133522125,0.0569183434041395,-0.2049460094252166,,,presidential-election-popular-vote-winner-2024
leave_one_event_out,A2,True,-1.0623993907009908,-0.0604700133522569,0.0569183434041295,-0.2049460094252161,,,fed-decision-in-january
leave_one_event_out,A2,True,-1.062399390700988,-0.0604700133522568,0.0569183434041295,-0.2049460094252153,,,fed-decision-in-march-885
leave_one_event_out,A2,True,-1.0623993907009894,-0.0604700133522569,0.0569183434041295,-0.2049460094252153,,,fed-decision-in-december
leave_one_event_out,A2,True,-1.0623993907009883,-0.0604700133522568,0.0569183434041295,-0.2049460094252153,,,fed-decision-in-september-762
leave_one_event_out,A2,True,-1.062399390700992,-0.060470013352257,0.0569183434041295,-0.204946009425216,,,fed-decision-in-september
leave_one_event_out,A2,True,-1.062399390700988,-0.0604700133522568,0.0569183434041295,-0.2049460094252146,,,fed-decision-in-october
actual,A1+S,False,0.2880534620662525,0.0280339412222619,0.0973220075925145,-0.1523323978748572,,,
placebo_a_shuffle,A1+S,False,-0.1902704207513192,-0.0187259721931069,0.09841767374647,-0.2256773433173113,0.0,,
placebo_a_shuffle,A1+S,False,-0.9016641320447324,-0.0877523317883682,0.0973226378533761,-0.3549226741040552,1.0,,
placebo_a_shuffle,A1+S,False,-0.5982563195216053,-0.0582595992413079,0.0973823382056292,-0.2620658342132466,2.0,,
placebo_a_shuffle,A1+S,False,0.1197829627773439,0.0117133691645733,0.0977882738327863,-0.1592967450641541,3.0,,
placebo_a_shuffle,A1+S,False,0.9259191774805494,0.0885107653908668,0.0955923233296743,-0.0872469701764809,4.0,,
placebo_a_shuffle,A1+S,False,-0.8513534425464847,-0.0830112272973511,0.097505011607231,-0.3038206622672114,5.0,,
placebo_a_shuffle,A1+S,False,-0.2086265316817241,-0.0201019569247439,0.0963537895333994,-0.1740710840973266,6.0,,
placebo_a_shuffle,A1+S,False,0.1827082056288175,0.0178566457654075,0.0977331352138851,-0.1221423741406652,7.0,,
placebo_a_shuffle,A1+S,False,-0.0436860959308511,-0.0042910839268732,0.0982253926664773,-0.1678507271704769,8.0,,
placebo_a_shuffle,A1+S,False,-0.5126925230866751,-0.0500423496011984,0.0976069424611803,-0.2311542705879082,9.0,,
placebo_a_shuffle,A1+S,False,-0.2818709102707231,-0.0276463607174588,0.0980816384738171,-0.1815698409156153,10.0,,
placebo_a_shuffle,A1+S,False,-0.6603487984157634,-0.0661771948610725,0.1002155149215651,-0.2801385183857899,11.0,,
placebo_a_shuffle,A1+S,False,0.302675213328175,0.0294221177497824,0.0972068952269362,-0.1591990047081191,12.0,,
placebo_a_shuffle,A1+S,False,-0.2804518199477231,-0.0273299097464522,0.0974495717358745,-0.2471964929251914,13.0,,
placebo_a_shuffle,A1+S,False,-0.5102262436102979,-0.0493197286938107,0.0966624694661536,-0.2213880957029883,14.0,,
placebo_a_shuffle,A1+S,False,-0.4006507920197602,-0.0398279696628373,0.0994081890168158,-0.1978232664332069,15.0,,
placebo_a_shuffle,A1+S,False,-0.4823852908865443,-0.0467854129342006,0.096987644146895,-0.2150428029315561,16.0,,
placebo_a_shuffle,A1+S,False,-0.2564963594627213,-0.0245303856101444,0.0956363889979873,-0.2076105690615755,17.0,,
placebo_a_shuffle,A1+S,False,0.2098547187913537,0.0202073633798028,0.0962921562888173,-0.2068396769772921,18.0,,
placebo_a_shuffle,A1+S,False,0.6710918501256211,0.0662497328445957,0.0987193225967421,-0.1709107030133257,19.0,,
placebo_a_shuffle,A1+S,False,-0.6876271299296453,-0.0659535658471431,0.0959147232220042,-0.2817232050198615,20.0,,
placebo_a_shuffle,A1+S,False,-0.4181384615937092,-0.0419946910473352,0.100432500007952,-0.2201637743304197,21.0,,
placebo_a_shuffle,A1+S,False,0.3869172308219372,0.0370448622349575,0.0957436352892898,-0.1625994934172028,22.0,,
placebo_a_shuffle,A1+S,False,-0.0546139598690032,-0.0055260623290981,0.1011840625062338,-0.1895393347526912,23.0,,
placebo_a_shuffle,A1+S,False,-1.0550753174223804,-0.1034658751109192,0.0980649185914929,-0.3156627262793788,24.0,,
placebo_a_shuffle,A1+S,False,0.1360918992271739,0.0132322921534652,0.0972305642628806,-0.2118830931708775,25.0,,
placebo_a_shuffle,A1+S,False,-0.0705688589676447,-0.0069935316999622,0.0991022357775221,-0.1781343651503325,26.0,,
placebo_a_shuffle,A1+S,False,-0.6746689426923332,-0.0656201308862082,0.097262711729911,-0.2402653163079816,27.0,,
placebo_a_shuffle,A1+S,False,0.0208391306838753,0.0019951994292862,0.0957429299500522,-0.1802691426949043,28.0,,
placebo_a_shuffle,A1+S,False,-0.5958384909182425,-0.0575999112742421,0.0966703429741091,-0.2606218767713673,29.0,,
placebo_a_shuffle,A1+S,False,-1.1478930467330728,-0.1098820124308694,0.0957249569056942,-0.3125539163978256,30.0,,
placebo_a_shuffle,A1+S,False,-0.5310215206776016,-0.051919388919858,0.0977726643801688,-0.2965688734314023,31.0,,
placebo_a_shuffle,A1+S,False,-0.489280436923272,-0.0470157327882369,0.0960915851937277,-0.2394437825120396,32.0,,
placebo_a_shuffle,A1+S,False,-0.6996833045067659,-0.069246744325968,0.0989686960942748,-0.3198045998454292,33.0,,
placebo_a_shuffle,A1+S,False,-0.4029093889144666,-0.0391857961759125,0.0972570936643805,-0.236895216176618,34.0,,
placebo_a_shuffle,A1+S,False,0.0267728286816874,0.0025711002363087,0.0960339404878563,-0.137477482616906,35.0,,
placebo_a_shuffle,A1+S,False,-0.8604276395154768,-0.0835016139919297,0.0970466430378167,-0.2805375158759319,36.0,,
placebo_a_shuffle,A1+S,False,-0.4434787985243015,-0.0440446908371223,0.0993163393237362,-0.2725180381242688,37.0,,
placebo_a_shuffle,A1+S,False,0.2693977259958161,0.0268214542821214,0.0995608043199964,-0.1395329119341545,38.0,,
placebo_a_shuffle,A1+S,False,0.0998049613367619,0.0095227563307386,0.0954136568282105,-0.1811956821209871,39.0,,
placebo_a_shuffle,A1+S,False,0.1360232607223225,0.0129462093678033,0.0951764374641163,-0.138656745841036,40.0,,
placebo_a_shuffle,A1+S,False,-0.5390034026934101,-0.0514435677733134,0.0954420093013308,-0.2297862168005213,41.0,,
placebo_a_shuffle,A1+S,False,0.791186110300933,0.0779317104070566,0.0984998464867068,-0.0932434086557254,42.0,,
placebo_a_shuffle,A1+S,False,-0.6192604501695731,-0.0602411420189846,0.0972791690515496,-0.3471948699509265,43.0,,
placebo_a_shuffle,A1+S,False,0.160149577010772,0.0156256609525602,0.0975691678006071,-0.1683276554149221,44.0,,
placebo_a_shuffle,A1+S,False,-0.6460707853510688,-0.0631105282001644,0.0976836124324531,-0.2953692943518816,45.0,,
placebo_a_shuffle,A1+S,False,0.398842274927442,0.0384385851151276,0.0963754033398803,-0.116930979019083,46.0,,
placebo_a_shuffle,A1+S,False,-0.561196665798513,-0.0543333478656314,0.0968169470292947,-0.3351313507192592,47.0,,
placebo_a_shuffle,A1+S,False,-0.7011959357337898,-0.0682992298184445,0.0974039157071989,-0.2595690318956694,48.0,,
placebo_a_shuffle,A1+S,False,-0.891286593866159,-0.088045210449215,0.0987843989297526,-0.3164179620026129,49.0,,
placebo_b_random_contracts,A1+S,False,-0.4231322441536259,-0.040924718397566,0.0967185057698121,-0.1739790575573584,,,
placebo_c_reversed,A1+S,False,-1.1246359284662004,-0.1089594568077643,0.0968842040787059,-0.3392760277841352,,,
halflife,A1+S,False,-1.0664492260889742,-0.1021875154286771,0.0958203287402935,-0.2698931267625143,,1.0,
halflife,A1+S,False,0.2880534620662525,0.0280339412222619,0.0973220075925145,-0.1523323978748572,,5.0,
halflife,A1+S,False,0.2464037801534658,0.0229337112108246,0.0930736987741867,-0.1405979578904422,,10.0,
halflife,A1+S,False,0.6159474875173097,0.0582768706715991,0.0946133750889948,-0.1134649689507263,,20.0,
equal_weights,A1+S,False,0.4517955979724646,0.0435084841212203,0.0963012572864245,-0.1516491174533841,,,
leave_one_event_out,A1+S,False,0.3988005081149424,0.0382056837202023,0.0958014920813257,-0.1244175928995464,,,presidential-election-winner-2024
leave_one_event_out,A1+S,False,0.2586859458942591,0.025232345341528,0.0975404568435349,-0.1523323978748572,,,PRES-2024
leave_one_event_out,A1+S,False,0.4465741638971959,0.0435682619808463,0.0975610895189987,-0.1523323978748572,,,who-will-be-inaugurated-as-president
leave_one_event_out,A1+S,False,0.2742131181614244,0.0266956558190542,0.0973536787665241,-0.1523323978748572,,,us-x-iran-permanent-peace-deal-by
leave_one_event_out,A1+S,False,0.282572403720609,0.0275187319002563,0.0973864805547864,-0.15656190570391,,,presidential-election-popular-vote-winner-2024
leave_one_event_out,A1+S,False,0.3131966983414556,0.0303974468712052,0.0970554511978446,-0.1523323978748572,,,fed-decision-in-january
leave_one_event_out,A1+S,False,0.2175486087298622,0.0211722497670478,0.0973219267668964,-0.1523323978748572,,,fed-decision-in-march-885
leave_one_event_out,A1+S,False,0.2310594326434661,0.0224817843737488,0.0972987084601696,-0.1523323978748572,,,fed-decision-in-december
leave_one_event_out,A1+S,False,0.3424144347350241,0.0333518496225022,0.0974019966427858,-0.1523323978748572,,,us-strikes-iran-by
leave_one_event_out,A1+S,False,0.2531712159523225,0.0246576029688703,0.0973949699460063,-0.1523323978748572,,,fed-decision-in-september-762
actual,A1+S,True,-0.0137559830053275,-0.0008398494623698,0.0610533948787633,-0.1360633399711722,,,
placebo_a_shuffle,A1+S,True,-1.7436792850539968,-0.1081095221481872,0.0620008066132639,-0.3031474749310131,0.0,,
placebo_a_shuffle,A1+S,True,-1.300286730004487,-0.0830897241578577,0.0639010783087596,-0.244074402853947,1.0,,
placebo_a_shuffle,A1+S,True,-1.7307055306714594,-0.1092046163494171,0.0630983228597236,-0.2958927045697032,2.0,,
placebo_a_shuffle,A1+S,True,-1.1906023167256028,-0.0765239487111216,0.0642733074143329,-0.2630119605546548,3.0,,
placebo_a_shuffle,A1+S,True,-1.508439857018567,-0.0966608023241356,0.064079984279377,-0.2854987674568593,4.0,,
placebo_a_shuffle,A1+S,True,-1.211181654587047,-0.0742479711602748,0.0613020936034485,-0.2368742044627811,5.0,,
placebo_a_shuffle,A1+S,True,-1.9883770822265856,-0.1326337165814461,0.0667045088011791,-0.3532385458289317,6.0,,
placebo_a_shuffle,A1+S,True,-1.3031727494748089,-0.0771817266362534,0.0592260133335035,-0.2505676705983602,7.0,,
placebo_a_shuffle,A1+S,True,-0.6831540229097314,-0.0449501826947246,0.065798020925457,-0.181955004220775,8.0,,
placebo_a_shuffle,A1+S,True,-1.5194684574010402,-0.0977227260267139,0.0643137575845851,-0.2791801077358451,9.0,,
placebo_a_shuffle,A1+S,True,-1.633939584591348,-0.1053563536654823,0.0644799567003771,-0.2996453220488256,10.0,,
placebo_a_shuffle,A1+S,True,-1.9953166762090369,-0.1250180854692922,0.0626557613435166,-0.3207293403636228,11.0,,
placebo_a_shuffle,A1+S,True,-1.705460312299912,-0.1046137159825454,0.0613404576043565,-0.3101483272463541,12.0,,
placebo_a_shuffle,A1+S,True,-1.2816248811606357,-0.0790305802002232,0.06166436167239,-0.2379961296100725,13.0,,
placebo_a_shuffle,A1+S,True,-1.4726165516439202,-0.0953078518733122,0.0647200737808614,-0.2704506359240487,14.0,,
placebo_a_shuffle,A1+S,True,-1.109205873242714,-0.0747237105174589,0.0673668543595135,-0.2887279530771217,15.0,,
placebo_a_shuffle,A1+S,True,-0.8103879123967906,-0.0523757225687008,0.0646304341013617,-0.1978370526110794,16.0,,
placebo_a_shuffle,A1+S,True,-1.9941955356399867,-0.1249206145695855,0.0626421092300236,-0.3231470517618662,17.0,,
placebo_a_shuffle,A1+S,True,-2.358217491863022,-0.1546113366817626,0.065562797839998,-0.3889612506462863,18.0,,
placebo_a_shuffle,A1+S,True,-1.6505229971887088,-0.1008095094045616,0.0610773128131311,-0.3053344094771741,19.0,,
placebo_a_shuffle,A1+S,True,-2.7705081529741764,-0.1879932634880793,0.0678551562052853,-0.4560021755742778,20.0,,
placebo_a_shuffle,A1+S,True,-1.8242759199431644,-0.1143910984617114,0.0627049325220909,-0.3196584032274703,21.0,,
placebo_a_shuffle,A1+S,True,-1.7100847864583255,-0.1026018368806721,0.0599980993300138,-0.2815004573700043,22.0,,
placebo_a_shuffle,A1+S,True,-1.893544480405332,-0.1277232187359171,0.0674519241864213,-0.3280108572668824,23.0,,
placebo_a_shuffle,A1+S,True,-2.181152191643841,-0.1362733462771885,0.0624776880766331,-0.356235135308937,24.0,,
placebo_a_shuffle,A1+S,True,-2.432381361057861,-0.1651015158210843,0.0678764927508244,-0.3862132537644004,25.0,,
placebo_a_shuffle,A1+S,True,-1.973103272973832,-0.1333067060907864,0.067561950718306,-0.3583718547849934,26.0,,
placebo_a_shuffle,A1+S,True,-1.7373159592628082,-0.1168160921337693,0.0672394054236039,-0.3463495943699646,27.0,,
placebo_a_shuffle,A1+S,True,-2.162447171726721,-0.1296658332580394,0.0599625438037872,-0.3257353862586848,28.0,,
placebo_a_shuffle,A1+S,True,-1.1813880477004148,-0.0790021986573744,0.0668723530859763,-0.2821916591453377,29.0,,
placebo_a_shuffle,A1+S,True,-0.982962453417252,-0.0643245211086764,0.0654394487653657,-0.2398656324782937,30.0,,
placebo_a_shuffle,A1+S,True,-2.478693820115621,-0.1470503536665252,0.0593257434513093,-0.3538847874975975,31.0,,
placebo_a_shuffle,A1+S,True,-2.308693258205212,-0.146192185037154,0.0633224810258269,-0.3844155430820927,32.0,,
placebo_a_shuffle,A1+S,True,-1.3582328444144467,-0.0874552439987779,0.0643889921808518,-0.3017888276631536,33.0,,
placebo_a_shuffle,A1+S,True,-2.1782872836115503,-0.1348390478003005,0.0619014070433999,-0.3586652789535718,34.0,,
placebo_a_shuffle,A1+S,True,-1.4392200516291054,-0.0949491195611594,0.065972621388705,-0.2703887607298048,35.0,,
placebo_a_shuffle,A1+S,True,-1.6699151985693843,-0.104622835788715,0.0626515860675711,-0.2874407200464737,36.0,,
placebo_a_shuffle,A1+S,True,-1.3689266721319575,-0.0875725831349743,0.063971712231006,-0.2581411826062442,37.0,,
placebo_a_shuffle,A1+S,True,-1.2443498721697897,-0.0858969312779836,0.0690295657186865,-0.2793482085769048,38.0,,
placebo_a_shuffle,A1+S,True,-1.9684269466805733,-0.1271933733503423,0.0646167608936836,-0.3300207890273415,39.0,,
placebo_a_shuffle,A1+S,True,-1.5000825729383476,-0.0928417066122866,0.0618910640568466,-0.2492516975537976,40.0,,
placebo_a_shuffle,A1+S,True,-2.0439175562125382,-0.1273894241242973,0.0623261069102782,-0.3236178522688355,41.0,,
placebo_a_shuffle,A1+S,True,-2.2750877496586543,-0.1455594632130901,0.0639797138527643,-0.3723730122304269,42.0,,
placebo_a_shuffle,A1+S,True,-2.462111621547709,-0.1680048380798921,0.0682360769550661,-0.4002582868124325,43.0,,
placebo_a_shuffle,A1+S,True,-1.236561865995034,-0.0769749303456298,0.0622491542577935,-0.2552664035068451,44.0,,
placebo_a_shuffle,A1+S,True,-2.3201973593774783,-0.1443625527956357,0.0622199453042947,-0.3586480940429568,45.0,,
placebo_a_shuffle,A1+S,True,-1.9384900150785411,-0.1250756035437754,0.0645221809608897,-0.3275861562392809,46.0,,
placebo_a_shuffle,A1+S,True,-1.7678328778514778,-0.1085064362382251,0.0613782205307198,-0.3354700758846561,47.0,,
placebo_a_shuffle,A1+S,True,-2.2074123698922,-0.1380512092340396,0.0625398367414156,-0.3375628947129769,48.0,,
placebo_a_shuffle,A1+S,True,-1.7651969798316811,-0.1166670659097237,0.0660929444377637,-0.3210678683480278,49.0,,
placebo_b_random_contracts,A1+S,True,-0.4991362861829823,-0.0302295660442545,0.0605637515866206,-0.136126305674378,,,
placebo_c_reversed,A1+S,True,-1.425969371634104,-0.0862144121732699,0.0604602131632544,-0.2342036577733856,,,
halflife,A1+S,True,-0.7385633077735824,-0.0418672853347135,0.0566874699758961,-0.1703981660812452,,1.0,
halflife,A1+S,True,-0.0137559830053275,-0.0008398494623698,0.0610533948787633,-0.1360633399711722,,5.0,
halflife,A1+S,True,0.4084559513603951,0.0244464366948885,0.0598508520036682,-0.0813645365832664,,10.0,
halflife,A1+S,True,0.4539658080896075,0.0270075106567921,0.0594923894608846,-0.0834110725335661,,20.0,
equal_weights,A1+S,True,0.0031492503145927,0.0001929414744729,0.0612658427242037,-0.110068786440203,,,
leave_one_event_out,A1+S,True,-0.013755983005333,-0.0008398494623701,0.0610533948787633,-0.136063339971172,,,presidential-election-winner-2024
leave_one_event_out,A1+S,True,-0.0137559830053298,-0.0008398494623699,0.0610533948787634,-0.1360633399711722,,,PRES-2024
leave_one_event_out,A1+S,True,-0.0137559830053306,-0.00083984946237,0.0610533948787633,-0.136063339971172,,,who-will-be-inaugurated-as-president
leave_one_event_out,A1+S,True,0.0086855431341853,0.0005262666978829,0.0605911098192099,-0.1323573295188009,,,us-x-iran-permanent-peace-deal-by
leave_one_event_out,A1+S,True,-0.0137559830053303,-0.0008398494623699,0.0610533948787633,-0.1360633399711722,,,presidential-election-popular-vote-winner-2024
leave_one_event_out,A1+S,True,-0.0137559830053277,-0.0008398494623698,0.0610533948787633,-0.1360633399711721,,,fed-decision-in-january
leave_one_event_out,A1+S,True,-0.0137559830053311,-0.00083984946237,0.0610533948787633,-0.1360633399711726,,,fed-decision-in-march-885
leave_one_event_out,A1+S,True,-0.0137559830053244,-0.0008398494623696,0.0610533948787633,-0.1360633399711714,,,fed-decision-in-december
leave_one_event_out,A1+S,True,0.0617150647330139,0.0037475701349605,0.0607237495605476,-0.1246226586359284,,,us-strikes-iran-by
leave_one_event_out,A1+S,True,-0.0137559830053274,-0.0008398494623698,0.0610533948787633,-0.1360633399711722,,,fed-decision-in-september-762
