regressor,coef,se,t,p,horizon,model,n_obs,passes_gate,prediction
MONETARY,0.0001490749728254,0.0001413658383928,1.0545332204739073,0.2916802584997735,1,A1_predictive,6165,False,
FISCAL_POLITICAL,0.000102249529344,0.0001169155569387,0.874558801422421,0.3818481411960901,1,A1_predictive,6165,False,
MONETARY,0.0014084334097299,0.0005724321174808,2.4604374330499845,0.0139096257210331,5,A1_predictive,5121,False,
FISCAL_POLITICAL,0.0009520674588165,0.0004596113933921,2.071461831678773,0.0383657254426614,5,A1_predictive,5121,False,
MONETARY,0.0017612584171717,0.002172121919268,0.81084694259025,0.417541519246946,20,A1_predictive,2205,False,
FISCAL_POLITICAL,0.0029207729335605,0.0021522097393938,1.3571042264603608,0.1748876884709205,20,A1_predictive,2205,False,
MONETARY,0.0012426940460293,0.0002526277486564,4.919071846376518,8.921527703265042e-07,0,A1_contemporaneous,6165,True,
FISCAL_POLITICAL,0.000139149277909,0.0003084773982304,0.4510841919286784,0.6519447641854885,0,A1_contemporaneous,6165,False,
_fiscal_raw,9.99496137627852e-05,0.000116644948844,0.856870483919692,0.3915498318130137,1,A1_fiscal_regime,6165,False,b0 > 0
_fiscal_x_regime,0.1118011103110279,0.0035132184519117,31.82298847661727,0.0,1,A1_fiscal_regime,6165,True,b2 < 0
MONETARY,0.0001550307081509,0.0001411838075536,1.0980771154796516,0.2722137984710695,1,A1+S_predictive,6165,False,
FISCAL_POLITICAL,0.0001171604281003,0.0001167846700846,1.0032175285969207,0.3157953806039921,1,A1+S_predictive,6165,False,
SPILL_GLOBAL_GEOPOLITICS,-0.0003965504659635,0.0001402447512802,-2.8275601214559254,0.0047055765412549,1,A1+S_predictive,6165,False,
SPILL_GLOBAL_GEO_OIL,-0.0001176248124036,0.0001121399951273,-1.0489104468936274,0.294260547578876,1,A1+S_predictive,6165,False,
SPILL_CN_TRADE_TARIFFS,0.0001158541339235,0.0002635915973488,0.439521346995836,0.6602992582118234,1,A1+S_predictive,6165,False,
MONETARY,0.0014470594714079,0.000564700998919,2.5625233073396947,0.010419880679366,5,A1+S_predictive,5121,False,
FISCAL_POLITICAL,0.0010182261934661,0.0004598944770613,2.214043099566065,0.0268698231014905,5,A1+S_predictive,5121,False,
SPILL_GLOBAL_GEOPOLITICS,-0.0017877836339877,0.0006422868004719,-2.7834662531972287,0.00539792371869,5,A1+S_predictive,5121,False,
SPILL_GLOBAL_GEO_OIL,-0.000818254336057,0.0004926506198037,-1.660922169108306,0.0967904630574445,5,A1+S_predictive,5121,False,
SPILL_CN_TRADE_TARIFFS,-0.0001327450199262,0.0010803428768603,-0.1228730459278206,0.9022124650156708,5,A1+S_predictive,5121,False,
MONETARY,0.0018297330878329,0.0021490299916151,0.851422779101259,0.3946275876027432,20,A1+S_predictive,2205,False,
FISCAL_POLITICAL,0.0032992870120731,0.0021508471530225,1.533947685420976,0.1251869007608073,20,A1+S_predictive,2205,False,
SPILL_GLOBAL_GEOPOLITICS,-0.0061755289319885,0.0043554602312532,-1.4178820616189292,0.1563674016712692,20,A1+S_predictive,2205,False,
SPILL_GLOBAL_GEO_OIL,-0.0041624667150141,0.0022471160185558,-1.8523595046459465,0.064108628559302,20,A1+S_predictive,2205,False,
SPILL_CN_TRADE_TARIFFS,-0.0039187550217504,0.0034790977232719,-1.126371069009535,0.2601318399548118,20,A1+S_predictive,2205,False,
MONETARY,0.0012524599922223,0.0002523842217267,4.962513043221951,7.145922422679973e-07,0,A1+S_contemporaneous,6165,True,
FISCAL_POLITICAL,0.0001321271077606,0.0003085956927811,0.4281560334490325,0.668552514432661,0,A1+S_contemporaneous,6165,False,
SPILL_GLOBAL_GEOPOLITICS,9.0630682424532e-05,0.0003444649510274,0.2631056720116061,0.792477944653635,0,A1+S_contemporaneous,6165,False,
SPILL_GLOBAL_GEO_OIL,0.0004845693259285,0.0002164894768511,2.2383042953250096,0.0252368554632014,0,A1+S_contemporaneous,6165,False,
SPILL_CN_TRADE_TARIFFS,-8.759123443624953e-05,0.0006934067122444,-0.1263201421179407,0.8994826415178381,0,A1+S_contemporaneous,6165,False,
_fiscal_raw,9.99496137627852e-05,0.000116644948844,0.856870483919692,0.3915498318130137,1,A1+S_fiscal_regime,6165,False,b0 > 0
_fiscal_x_regime,0.1118011103110279,0.0035132184519117,31.82298847661727,0.0,1,A1+S_fiscal_regime,6165,True,b2 < 0
MONETARY,0.0001743174166534,0.0001155523879706,1.508557457918583,0.1314632555867225,1,A2_predictive,6165,False,
INFLATION,-5.56949664983742e-05,0.0002080002187853,-0.2677639803631995,0.7888899731751504,1,A2_predictive,6165,False,
FISCAL_POLITICAL,0.000104591753791,9.60774915940469e-05,1.0886186978425263,0.2763647042957746,1,A2_predictive,6165,False,
MONETARY,0.0010803443926416,0.0004791370100096,2.254771328601348,0.0241898523373964,5,A2_predictive,5121,False,
INFLATION,0.0003001049071475,0.0010763936961776,0.2788058943611496,0.7804050748032578,5,A2_predictive,5121,False,
FISCAL_POLITICAL,0.0008743315729116,0.0003702809299812,2.361265466617671,0.0182500171346509,5,A2_predictive,5121,False,
MONETARY,0.0027422962812633,0.0017073495951975,1.606171512253218,0.1083802006390908,20,A2_predictive,2205,False,
INFLATION,-0.0073032063459515,0.0023971397102642,-3.046633583633046,0.002341775464282,20,A2_predictive,2205,False,
FISCAL_POLITICAL,0.0035738398844624,0.0014535479636784,2.458701036199842,0.0140208356906301,20,A2_predictive,2205,False,
MONETARY,0.0009916078424343,0.0002409730803714,4.115015008754264,3.9221060800676e-05,0,A2_contemporaneous,6165,True,
INFLATION,0.0003158612621284,0.0002489849851454,1.268595622117476,0.2046333180967647,0,A2_contemporaneous,6165,False,
FISCAL_POLITICAL,3.664316845929294e-05,0.0002125724056232,0.1723797044675159,0.8631446961976321,0,A2_contemporaneous,6165,False,
_fiscal_raw,-0.0003844486518803,0.0004549152547834,-0.8450994945496708,0.39808814995743,1,A2_fiscal_regime,6165,False,b0 > 0
_fiscal_x_regime,0.0042240559093847,0.0019458481792151,2.170804461778994,0.0299840645953173,1,A2_fiscal_regime,6165,False,b2 < 0
_fiscal_x_debt,0.0004024851721335,0.0004071359270347,0.9885768987888224,0.3229090657548772,1,A2_fiscal_regime,6165,False,b1 < 0
MONETARY,0.0001552000171229,0.0001122720119259,1.3823571383516258,0.166912284264195,1,A2+S_predictive,6165,False,
INFLATION,-6.832916087758921e-05,0.0002166756100365,-0.3153523410690171,0.7525048514920394,1,A2+S_predictive,6165,False,
FISCAL_POLITICAL,0.0001074101909783,9.619957290361946e-05,1.116535008798822,0.2642368277513478,1,A2+S_predictive,6165,False,
TRADE_TARIFFS,0.0005588140519783,0.0002168793087775,2.5766130255957607,0.0100004684090377,1,A2+S_predictive,6165,False,
GEOPOLITICS,-8.555757352957565e-05,0.0001244503439723,-0.6874836243807636,0.491803949963959,1,A2+S_predictive,6165,False,
SPILL_GLOBAL_GEOPOLITICS,-0.0002938456892576,0.0001568444531136,-1.8734847386968876,0.061048881425701,1,A2+S_predictive,6165,False,
SPILL_GLOBAL_GEO_OIL,-0.0001139302046382,0.0001298022580043,-0.8777212845894049,0.3801292887452949,1,A2+S_predictive,6165,False,
SPILL_CN_TRADE_TARIFFS,0.0002936092809962,0.0002029134113499,1.44696833512869,0.1479567752964836,1,A2+S_predictive,6165,False,
MONETARY,0.0009477115808171,0.0004676445407189,2.026563978187719,0.0427589182642098,5,A2+S_predictive,5121,False,
INFLATION,0.0001280453311689,0.0010575159517775,0.1210812290384332,0.9036314630407024,5,A2+S_predictive,5121,False,
FISCAL_POLITICAL,0.000917753108527,0.0003563584178156,2.575365313811116,0.0100413191283375,5,A2+S_predictive,5121,False,
TRADE_TARIFFS,0.0022520916578044,0.0008292689763885,2.71575534829743,0.0066347431823106,5,A2+S_predictive,5121,False,
GEOPOLITICS,-0.0003394554828462,0.0004294183686053,-0.7905006112073599,0.4292721923565474,5,A2+S_predictive,5121,False,
SPILL_GLOBAL_GEOPOLITICS,-0.001160850149625,0.0007179214117467,-1.616959921561064,0.1059487297372516,5,A2+S_predictive,5121,False,
SPILL_GLOBAL_GEO_OIL,-0.0013096983600467,0.0005036347438726,-2.600492471936972,0.0093358484088315,5,A2+S_predictive,5121,False,
SPILL_CN_TRADE_TARIFFS,0.0001987154340218,0.0006563373114496,0.302764189320526,0.7620819141083319,5,A2+S_predictive,5121,False,
MONETARY,0.002613638671543,0.0016787413850467,1.556903698701839,0.1196379734761017,20,A2+S_predictive,2205,False,
INFLATION,-0.0073343544497693,0.0023345091818098,-3.141711545586312,0.0017021018130922,20,A2+S_predictive,2205,False,
FISCAL_POLITICAL,0.0038446012119059,0.0013425029895916,2.863756164204546,0.0042263842559897,20,A2+S_predictive,2205,False,
TRADE_TARIFFS,0.0070093091518749,0.0034322417005448,2.0421956736794784,0.0412517875791824,20,A2+S_predictive,2205,False,
GEOPOLITICS,0.0008403063765343,0.0007324321897464,1.147282148843387,0.2513904632868522,20,A2+S_predictive,2205,False,
SPILL_GLOBAL_GEOPOLITICS,-0.0053433641938591,0.0030225579749534,-1.767828520788371,0.0772289219816886,20,A2+S_predictive,2205,False,
SPILL_GLOBAL_GEO_OIL,-0.0016315556649736,0.0019425565226786,-0.8399012568879203,0.4010555162395239,20,A2+S_predictive,2205,False,
SPILL_CN_TRADE_TARIFFS,0.0005704006641405,0.0036158423431973,0.1577504243827562,0.8746680212482278,20,A2+S_predictive,2205,False,
MONETARY,0.001000895708232,0.0002408380836539,4.15588636583863,3.284271498849023e-05,0,A2+S_contemporaneous,6165,True,
INFLATION,0.0003214143623039,0.0002479759413743,1.2961513948593903,0.1949719843300954,0,A2+S_contemporaneous,6165,False,
FISCAL_POLITICAL,4.281624831019875e-05,0.0002129826748369,0.2010316019505794,0.8406805138325217,0,A2+S_contemporaneous,6165,False,
TRADE_TARIFFS,0.0002345015977348,0.0003769665453467,0.6220753555705841,0.5339153873415272,0,A2+S_contemporaneous,6165,False,
GEOPOLITICS,0.000399549998504,0.0002387108693469,1.673782176727375,0.0942242853708574,0,A2+S_contemporaneous,6165,False,
SPILL_GLOBAL_GEOPOLITICS,-5.5573290505658806e-05,0.0002667751927406,-0.2083150608373522,0.8349898732908085,0,A2+S_contemporaneous,6165,False,
SPILL_GLOBAL_GEO_OIL,0.0002197278559843,0.0002776096191317,0.7914994324461972,0.4286831417933325,0,A2+S_contemporaneous,6165,False,
SPILL_CN_TRADE_TARIFFS,-0.0003057976976236,0.0005407123255473,-0.5655460088026035,0.5717230776478326,0,A2+S_contemporaneous,6165,False,
_fiscal_raw,-0.0003844486518803,0.0004549152547834,-0.8450994945496708,0.39808814995743,1,A2+S_fiscal_regime,6165,False,b0 > 0
_fiscal_x_regime,0.0042240559093847,0.0019458481792151,2.170804461778994,0.0299840645953173,1,A2+S_fiscal_regime,6165,False,b2 < 0
_fiscal_x_debt,0.0004024851721335,0.0004071359270347,0.9885768987888224,0.3229090657548772,1,A2+S_fiscal_regime,6165,False,b1 < 0
MONETARY,0.0001490749728254,0.0001413658383928,1.0545332204739073,0.2916802584997735,1,A3_predictive,6165,False,
FISCAL_POLITICAL,0.000102249529344,0.0001169155569387,0.874558801422421,0.3818481411960901,1,A3_predictive,6165,False,
MONETARY,0.0014084334097299,0.0005724321174808,2.4604374330499845,0.0139096257210331,5,A3_predictive,5121,False,
FISCAL_POLITICAL,0.0009520674588165,0.0004596113933921,2.071461831678773,0.0383657254426614,5,A3_predictive,5121,False,
MONETARY,0.0017612584171717,0.002172121919268,0.81084694259025,0.417541519246946,20,A3_predictive,2205,False,
FISCAL_POLITICAL,0.0029207729335605,0.0021522097393938,1.3571042264603608,0.1748876884709205,20,A3_predictive,2205,False,
MONETARY,0.0012426940460293,0.0002526277486564,4.919071846376518,8.921527703265042e-07,0,A3_contemporaneous,6165,True,
FISCAL_POLITICAL,0.000139149277909,0.0003084773982304,0.4510841919286784,0.6519447641854885,0,A3_contemporaneous,6165,False,
_fiscal_raw,9.99496137627852e-05,0.000116644948844,0.856870483919692,0.3915498318130137,1,A3_fiscal_regime,6165,False,b0 > 0
_fiscal_x_regime,0.1118011103110279,0.0035132184519117,31.82298847661727,0.0,1,A3_fiscal_regime,6165,True,b2 < 0
MONETARY,0.0001550307081509,0.0001411838075536,1.0980771154796516,0.2722137984710695,1,A3+S_predictive,6165,False,
FISCAL_POLITICAL,0.0001171604281003,0.0001167846700846,1.0032175285969207,0.3157953806039921,1,A3+S_predictive,6165,False,
SPILL_GLOBAL_GEOPOLITICS,-0.0003965504659635,0.0001402447512802,-2.8275601214559254,0.0047055765412549,1,A3+S_predictive,6165,False,
SPILL_GLOBAL_GEO_OIL,-0.0001176248124036,0.0001121399951273,-1.0489104468936274,0.294260547578876,1,A3+S_predictive,6165,False,
SPILL_CN_TRADE_TARIFFS,0.0001158541339235,0.0002635915973488,0.439521346995836,0.6602992582118234,1,A3+S_predictive,6165,False,
MONETARY,0.0014470594714079,0.000564700998919,2.5625233073396947,0.010419880679366,5,A3+S_predictive,5121,False,
FISCAL_POLITICAL,0.0010182261934661,0.0004598944770613,2.214043099566065,0.0268698231014905,5,A3+S_predictive,5121,False,
SPILL_GLOBAL_GEOPOLITICS,-0.0017877836339877,0.0006422868004719,-2.7834662531972287,0.00539792371869,5,A3+S_predictive,5121,False,
SPILL_GLOBAL_GEO_OIL,-0.000818254336057,0.0004926506198037,-1.660922169108306,0.0967904630574445,5,A3+S_predictive,5121,False,
SPILL_CN_TRADE_TARIFFS,-0.0001327450199262,0.0010803428768603,-0.1228730459278206,0.9022124650156708,5,A3+S_predictive,5121,False,
MONETARY,0.0018297330878329,0.0021490299916151,0.851422779101259,0.3946275876027432,20,A3+S_predictive,2205,False,
FISCAL_POLITICAL,0.0032992870120731,0.0021508471530225,1.533947685420976,0.1251869007608073,20,A3+S_predictive,2205,False,
SPILL_GLOBAL_GEOPOLITICS,-0.0061755289319885,0.0043554602312532,-1.4178820616189292,0.1563674016712692,20,A3+S_predictive,2205,False,
SPILL_GLOBAL_GEO_OIL,-0.0041624667150141,0.0022471160185558,-1.8523595046459465,0.064108628559302,20,A3+S_predictive,2205,False,
SPILL_CN_TRADE_TARIFFS,-0.0039187550217504,0.0034790977232719,-1.126371069009535,0.2601318399548118,20,A3+S_predictive,2205,False,
MONETARY,0.0012524599922223,0.0002523842217267,4.962513043221951,7.145922422679973e-07,0,A3+S_contemporaneous,6165,True,
FISCAL_POLITICAL,0.0001321271077606,0.0003085956927811,0.4281560334490325,0.668552514432661,0,A3+S_contemporaneous,6165,False,
SPILL_GLOBAL_GEOPOLITICS,9.0630682424532e-05,0.0003444649510274,0.2631056720116061,0.792477944653635,0,A3+S_contemporaneous,6165,False,
SPILL_GLOBAL_GEO_OIL,0.0004845693259285,0.0002164894768511,2.2383042953250096,0.0252368554632014,0,A3+S_contemporaneous,6165,False,
SPILL_CN_TRADE_TARIFFS,-8.759123443624953e-05,0.0006934067122444,-0.1263201421179407,0.8994826415178381,0,A3+S_contemporaneous,6165,False,
_fiscal_raw,9.99496137627852e-05,0.000116644948844,0.856870483919692,0.3915498318130137,1,A3+S_fiscal_regime,6165,False,b0 > 0
_fiscal_x_regime,0.1118011103110279,0.0035132184519117,31.82298847661727,0.0,1,A3+S_fiscal_regime,6165,True,b2 < 0
