strategy,part,period,sharpe,sharpe_t,sharpe_ci90_low,sharpe_ci90_high,ann_mean,ann_vol,w_EUR,w_JPY,w_GBP,w_CHF,w_AUD,w_NZD,w_CAD,w_NOK,w_SEK
A1_theory_with_dollar,total,in-sample,0.8927870364213691,1.2861702196188558,-0.06784200217438892,1.9609765488141322,0.09215293269293533,0.10321938932079415,,,,,,,,,
A1_theory_with_dollar,total,out-of-sample,0.8519968903738689,0.7417446506098206,-2.2519541088116277,2.494316088742363,0.09078425428518698,0.10655467796995069,,,,,,,,,
A1_theory_with_dollar,total,full,0.8821680683094187,1.484910127059385,-0.2389908638637513,1.6654953464170017,0.09178680163427996,0.10404684201524048,,,,,,,,,
A1_theory_with_dollar,static,in-sample,0.20970820960362113,0.3021106299693921,-0.8783448829961381,1.2317991825391497,0.0049486544758771045,0.023597809953319317,,,,,,,,,
A1_theory_with_dollar,static,out-of-sample,0.6421940150444926,0.5590912134712935,-1.6035542044560032,2.2032306411607117,0.01464263281605332,0.022800948736712918,,,,,,,,,
A1_theory_with_dollar,static,full,0.3226743814670321,0.54314191818487,-0.7428119834526854,1.1129565616412727,0.0075418615668766285,0.023372979077507544,,,,,,,,,
A1_theory_with_dollar,timing,in-sample,0.8484562060484927,1.2223061719674533,-0.10212759584579499,1.8876117010686246,0.0872042782170582,0.10277994031441397,,,,,,,,,
A1_theory_with_dollar,timing,out-of-sample,0.7185681867445163,0.6255822229377596,-2.425409495947073,2.6173449842550753,0.07614162146913363,0.10596297313703013,,,,,,,,,
A1_theory_with_dollar,timing,full,0.813436833253811,1.3692182190820792,-0.29828241795010046,1.6880526837184897,0.0842449400674033,0.10356666507270999,,,,,,,,,
A1_theory_with_dollar,static_position,2024-2025 average,,,,,,,-0.0521,-0.0258,-0.0561,-0.0466,-0.0319,-0.0292,-0.0827,-0.0284,-0.0289
A2_theory_with_dollar,total,in-sample,1.3148346998869915,1.8941821125614935,0.4676440253569201,2.350212269672092,0.13379472944701953,0.10175783272111621,,,,,,,,,
A2_theory_with_dollar,total,out-of-sample,1.7524888962223761,1.5257089300591713,-1.1860813169134863,2.8771818611766093,0.1781880903312482,0.10167715796393703,,,,,,,,,
A2_theory_with_dollar,total,full,1.4327402269416851,2.411661166231259,0.37100178494786495,2.2514116928290817,0.14567026436142796,0.10167248857971584,,,,,,,,,
A2_theory_with_dollar,static,in-sample,0.17042960248256736,0.2455249351885765,-0.915133993563505,1.1864144383372435,0.004472007141007708,0.02623961492526003,,,,,,,,,
A2_theory_with_dollar,static,out-of-sample,0.6179601884705026,0.5379933533404011,-1.6033382088932602,2.150045629572808,0.015805199603668937,0.02557640427094176,,,,,,,,,
A2_theory_with_dollar,static,full,0.2880734901123371,0.48489993933345804,-0.7701829553078677,1.0706856460488217,0.007503715488862462,0.026047920917458646,,,,,,,,,
A2_theory_with_dollar,timing,in-sample,1.3240095081851952,1.907399559413278,0.44987856568134127,2.400678817657137,0.12932272230601177,0.09767507068984191,,,,,,,,,
A2_theory_with_dollar,timing,out-of-sample,1.6777337520317497,1.4606274386412494,-1.3170590230641475,3.021519931851812,0.16238289072757922,0.09678704414865122,,,,,,,,,
A2_theory_with_dollar,timing,full,1.4189133126318703,2.388387001338878,0.3536182813722649,2.3247717168451083,0.13816654887256555,0.0973749048955552,,,,,,,,,
A2_theory_with_dollar,static_position,2024-2025 average,,,,,,,-0.0411,-0.0248,-0.0972,-0.0546,-0.0334,-0.0323,-0.0904,-0.0295,-0.0264
