regressor,coef,se,t,p,horizon,model,n_obs,passes_gate,variant
MONETARY,-2.94759482158553e-05,0.0001560854091213878,-0.18884499442822245,0.8502225400061607,1,gate,4665,False,A1
FISCAL_POLITICAL,0.00019058195583635036,0.00011908196582820514,1.6004266851900601,0.10957183264360326,1,gate,4665,False,A1
MONETARY,-1.6780530112975752e-05,0.00015576268584976258,-0.10773138650909653,0.9142134183797879,1,gate,4665,False,A1+S
FISCAL_POLITICAL,0.00020673617070807594,0.00011842066225827092,1.7457778631333127,0.08091558708068325,1,gate,4665,False,A1+S
SPILL_GLOBAL_GEOPOLITICS,-0.00046327813241827737,0.00015271606496445656,-3.0335913417236204,0.0024299603160162775,1,gate,4665,False,A1+S
SPILL_GLOBAL_GEO_OIL,-7.926938254660395e-05,0.0001143890454048552,-0.692980540803074,0.48835636412682004,1,gate,4665,False,A1+S
SPILL_CN_TRADE_TARIFFS,0.00017146584294387173,0.0002504063214286742,0.6847504566401775,0.4935355242660402,1,gate,4665,False,A1+S
MONETARY,5.4022270808819385e-05,0.00013727157365128515,0.39354302840625754,0.6939364817102414,1,gate,4665,False,A2
INFLATION,-0.00018538753957720436,0.00022074161908929965,-0.8398395388329873,0.40104151018990164,1,gate,4665,False,A2
FISCAL_POLITICAL,0.00018167626566469044,0.0001078862337325162,1.683961515563912,0.0922561800587729,1,gate,4665,False,A2
MONETARY,5.958223099118354e-05,0.00013780121344258701,0.43237813008089115,0.6654866648122815,1,gate,4665,False,A2+S
INFLATION,-0.0001805551013825675,0.00021573543952328625,-0.8369283312076252,0.4026758723837167,1,gate,4665,False,A2+S
FISCAL_POLITICAL,0.00019564407486459537,0.00010775983203877537,1.8155566054909633,0.06950281144933568,1,gate,4665,False,A2+S
TRADE_TARIFFS,-0.00010643237577691749,0.0004339613732529666,-0.24525771724589757,0.8062677140183627,1,gate,4665,False,A2+S
SPILL_GLOBAL_GEOPOLITICS,-0.00035680920717817173,0.00017394637827931845,-2.05125976584127,0.04029757517253474,1,gate,4665,False,A2+S
SPILL_GLOBAL_GEO_OIL,-0.00013025063543962518,0.00014026918103643798,-0.9285762879430353,0.35315692314196645,1,gate,4665,False,A2+S
SPILL_CN_TRADE_TARIFFS,0.00026247772270047314,0.00021939722879958632,1.1963584231970392,0.23161772775292122,1,gate,4665,False,A2+S
MONETARY,-2.94759482158553e-05,0.0001560854091213878,-0.18884499442822245,0.8502225400061607,1,gate,4665,False,A3
FISCAL_POLITICAL,0.00019058195583635036,0.00011908196582820514,1.6004266851900601,0.10957183264360326,1,gate,4665,False,A3
MONETARY,-1.6780530112975752e-05,0.00015576268584976258,-0.10773138650909653,0.9142134183797879,1,gate,4665,False,A3+S
FISCAL_POLITICAL,0.00020673617070807594,0.00011842066225827092,1.7457778631333127,0.08091558708068325,1,gate,4665,False,A3+S
SPILL_GLOBAL_GEOPOLITICS,-0.00046327813241827737,0.00015271606496445656,-3.0335913417236204,0.0024299603160162775,1,gate,4665,False,A3+S
SPILL_GLOBAL_GEO_OIL,-7.926938254660395e-05,0.0001143890454048552,-0.692980540803074,0.48835636412682004,1,gate,4665,False,A3+S
SPILL_CN_TRADE_TARIFFS,0.00017146584294387173,0.0002504063214286742,0.6847504566401775,0.4935355242660402,1,gate,4665,False,A3+S
