zone,theme,quarter,n_contracts,n_events,volume_usd_m,days_covered,weekdays,share_days_covered
AU,FISCAL_POLITICAL,2025-01-01,1,1,0.0,6,64,0.094
AU,FISCAL_POLITICAL,2025-04-01,1,1,0.0,4,65,0.062
AU,TRADE_TARIFFS,2025-04-01,1,1,0.103,9,65,0.138
BR,INFLATION,2025-04-01,1,1,0.027,4,65,0.062
BR,TRADE_TARIFFS,2025-04-01,1,1,0.055,5,65,0.077
CA,MONETARY,2026-07-01,1,1,0.003,2,62,0.032
CA,TRADE_TARIFFS,2024-10-01,1,1,0.027,4,66,0.061
CA,TRADE_TARIFFS,2025-01-01,5,5,0.273,17,64,0.266
CA,TRADE_TARIFFS,2025-04-01,1,1,0.091,5,65,0.077
CH,GEOPOLITICS,2026-07-01,1,1,0.061,6,62,0.097
CN,GEOPOLITICS,2024-01-01,1,1,0.029,4,65,0.062
CN,GEOPOLITICS,2024-04-01,1,1,0.129,12,65,0.185
CN,GEOPOLITICS,2024-07-01,1,1,0.241,25,66,0.379
CN,GEOPOLITICS,2024-10-01,1,1,0.445,30,66,0.455
CN,GEOPOLITICS,2025-01-01,1,1,0.473,21,64,0.328
CN,GEOPOLITICS,2025-04-01,1,1,0.491,28,65,0.431
CN,GEOPOLITICS,2025-07-01,1,1,0.662,25,66,0.379
CN,GEOPOLITICS,2025-10-01,3,3,0.577,28,66,0.424
CN,GEOPOLITICS,2026-01-01,5,5,5.187,64,64,1.0
CN,GEOPOLITICS,2026-04-01,5,5,8.115,65,65,1.0
CN,GEOPOLITICS,2026-07-01,1,1,2.88,62,62,1.0
CN,TRADE_TARIFFS,2024-10-01,1,1,0.021,1,66,0.015
CN,TRADE_TARIFFS,2025-01-01,1,1,0.222,24,64,0.375
CN,TRADE_TARIFFS,2025-04-01,8,8,1.175,42,65,0.646
CN,TRADE_TARIFFS,2025-07-01,3,3,0.165,17,66,0.258
CN,TRADE_TARIFFS,2025-10-01,3,3,0.666,20,66,0.303
CN,TRADE_TARIFFS,2026-01-01,1,1,0.203,8,64,0.125
EA,FISCAL_POLITICAL,2024-04-01,1,1,0.051,4,65,0.062
EA,FISCAL_POLITICAL,2024-10-01,3,3,0.511,22,66,0.333
EA,FISCAL_POLITICAL,2025-10-01,2,2,0.237,14,66,0.212
EA,FISCAL_POLITICAL,2026-07-01,5,2,1.558,34,62,0.548
EA,GEOPOLITICS,2026-01-01,8,7,3.252,30,64,0.469
EA,GEOPOLITICS,2026-04-01,3,3,0.711,30,65,0.462
EA,MONETARY,2025-01-01,1,1,0.029,5,64,0.078
EA,MONETARY,2026-04-01,1,1,0.011,1,65,0.015
EA,TRADE_TARIFFS,2025-01-01,2,2,0.086,6,64,0.094
EA,TRADE_TARIFFS,2025-04-01,2,1,0.053,5,65,0.077
GLOBAL,GEOPOLITICS,2024-01-01,3,3,0.093,9,65,0.138
GLOBAL,GEOPOLITICS,2024-04-01,2,2,0.247,14,65,0.215
GLOBAL,GEOPOLITICS,2024-07-01,5,5,1.68,51,66,0.773
GLOBAL,GEOPOLITICS,2024-10-01,33,32,17.12,66,66,1.0
GLOBAL,GEOPOLITICS,2025-01-01,24,24,24.308,64,64,1.0
GLOBAL,GEOPOLITICS,2025-04-01,68,66,35.189,65,65,1.0
GLOBAL,GEOPOLITICS,2025-07-01,46,45,21.899,66,66,1.0
GLOBAL,GEOPOLITICS,2025-10-01,48,36,38.016,66,66,1.0
GLOBAL,GEOPOLITICS,2026-01-01,235,109,148.696,64,64,1.0
GLOBAL,GEOPOLITICS,2026-04-01,210,87,213.622,65,65,1.0
GLOBAL,GEOPOLITICS,2026-07-01,99,35,54.661,62,62,1.0
HU,FISCAL_POLITICAL,2026-04-01,1,1,0.12,10,65,0.154
JP,FISCAL_POLITICAL,2025-07-01,1,1,0.062,7,66,0.106
JP,FISCAL_POLITICAL,2026-01-01,1,1,0.155,5,64,0.078
JP,MONETARY,2025-10-01,1,1,0.531,16,66,0.242
JP,MONETARY,2026-01-01,3,3,0.461,23,64,0.359
JP,MONETARY,2026-04-01,2,2,0.208,13,65,0.2
JP,MONETARY,2026-07-01,1,1,0.012,1,62,0.016
JP,TRADE_TARIFFS,2025-04-01,1,1,0.009,3,65,0.046
KR,FISCAL_POLITICAL,2024-10-01,6,5,3.359,20,66,0.303
KR,FISCAL_POLITICAL,2025-01-01,7,5,11.705,64,64,1.0
KR,FISCAL_POLITICAL,2025-04-01,10,5,10.611,31,65,0.477
KR,FISCAL_POLITICAL,2025-07-01,1,1,0.035,3,66,0.045
KR,TRADE_TARIFFS,2025-04-01,1,1,0.215,22,65,0.338
MX,TRADE_TARIFFS,2024-10-01,1,1,0.027,4,66,0.061
MX,TRADE_TARIFFS,2025-01-01,5,5,0.382,18,64,0.281
MX,TRADE_TARIFFS,2025-04-01,2,2,0.092,10,65,0.154
NO,GEOPOLITICS,2026-01-01,2,2,0.145,6,64,0.094
TW,FISCAL_POLITICAL,2026-04-01,1,1,0.406,1,65,0.015
TW,TRADE_TARIFFS,2025-01-01,1,1,0.064,9,64,0.141
UK,FISCAL_POLITICAL,2024-10-01,1,1,0.043,2,66,0.03
UK,FISCAL_POLITICAL,2025-01-01,1,1,0.187,21,64,0.328
UK,FISCAL_POLITICAL,2025-04-01,1,1,0.032,1,65,0.015
UK,FISCAL_POLITICAL,2025-07-01,1,1,0.067,6,66,0.091
UK,FISCAL_POLITICAL,2025-10-01,1,1,0.135,10,66,0.152
UK,FISCAL_POLITICAL,2026-01-01,9,6,2.858,34,64,0.531
UK,FISCAL_POLITICAL,2026-04-01,10,3,6.798,58,65,0.892
UK,FISCAL_POLITICAL,2026-07-01,3,3,0.319,13,62,0.21
UK,GEOPOLITICS,2025-04-01,1,1,0.01,1,65,0.015
UK,GEOPOLITICS,2026-01-01,6,6,2.664,30,64,0.469
UK,GEOPOLITICS,2026-04-01,2,2,0.548,31,65,0.477
UK,MONETARY,2025-10-01,1,1,0.012,4,66,0.061
UK,MONETARY,2026-01-01,2,2,0.073,5,64,0.078
US,FISCAL_POLITICAL,2024-01-01,3,2,3.797,60,65,0.923
US,FISCAL_POLITICAL,2024-04-01,15,13,6.546,65,65,1.0
US,FISCAL_POLITICAL,2024-07-01,42,26,138.8,66,66,1.0
US,FISCAL_POLITICAL,2024-10-01,116,65,978.792,63,66,0.955
US,FISCAL_POLITICAL,2025-01-01,7,7,1.277,18,64,0.281
US,FISCAL_POLITICAL,2025-04-01,2,2,0.345,16,65,0.246
US,FISCAL_POLITICAL,2025-07-01,6,6,1.104,19,66,0.288
US,FISCAL_POLITICAL,2025-10-01,57,10,11.76,51,66,0.773
US,FISCAL_POLITICAL,2026-01-01,61,24,17.711,64,64,1.0
US,FISCAL_POLITICAL,2026-04-01,29,13,8.557,65,65,1.0
US,FISCAL_POLITICAL,2026-07-01,20,12,18.675,62,62,1.0
US,GEOPOLITICS,2024-01-01,1,1,0.024,4,65,0.062
US,GEOPOLITICS,2024-10-01,5,5,3.824,43,66,0.652
US,GEOPOLITICS,2025-01-01,5,5,15.264,64,64,1.0
US,GEOPOLITICS,2025-04-01,15,15,12.795,57,65,0.877
US,GEOPOLITICS,2025-07-01,10,9,0.978,41,66,0.621
US,GEOPOLITICS,2025-10-01,15,7,9.079,66,66,1.0
US,GEOPOLITICS,2026-01-01,134,41,88.926,64,64,1.0
US,GEOPOLITICS,2026-04-01,106,36,103.159,65,65,1.0
US,GEOPOLITICS,2026-07-01,48,13,15.464,62,62,1.0
US,INFLATION,2025-01-01,3,3,0.312,18,64,0.281
US,INFLATION,2025-04-01,23,9,4.956,54,65,0.831
US,INFLATION,2025-07-01,18,11,1.54,38,66,0.576
US,INFLATION,2025-10-01,9,7,0.335,21,66,0.318
US,INFLATION,2026-01-01,9,8,1.543,29,64,0.453
US,INFLATION,2026-04-01,2,2,0.091,11,65,0.169
US,INFLATION,2026-07-01,6,4,0.232,13,62,0.21
US,MONETARY,2024-01-01,12,9,1.796,51,65,0.785
US,MONETARY,2024-04-01,17,12,2.643,47,65,0.723
US,MONETARY,2024-07-01,21,15,20.665,66,66,1.0
US,MONETARY,2024-10-01,10,9,23.515,66,66,1.0
US,MONETARY,2025-01-01,12,11,25.807,64,64,1.0
US,MONETARY,2025-04-01,14,13,45.613,65,65,1.0
US,MONETARY,2025-07-01,15,14,77.535,66,66,1.0
US,MONETARY,2025-10-01,12,12,92.782,66,66,1.0
US,MONETARY,2026-01-01,26,19,125.548,64,64,1.0
US,MONETARY,2026-04-01,17,15,43.915,65,65,1.0
US,MONETARY,2026-07-01,20,17,101.614,62,62,1.0
US,TRADE_TARIFFS,2024-10-01,2,2,0.048,5,66,0.076
US,TRADE_TARIFFS,2025-01-01,17,15,1.329,50,64,0.781
US,TRADE_TARIFFS,2025-04-01,31,17,2.758,54,65,0.831
US,TRADE_TARIFFS,2025-07-01,4,4,0.2,18,66,0.273
US,TRADE_TARIFFS,2025-10-01,5,5,1.127,34,66,0.515
US,TRADE_TARIFFS,2026-01-01,7,7,2.973,46,64,0.719
