zone,theme,train_days,test_days,n_contracts,n_events,volume_usd_m,share_train,share_test,keep
US,MONETARY,522,191,202,119,575.67,0.998,1.0,True
GLOBAL,GEOPOLITICS,507,191,1227,621,598.29,0.969,1.0,True
US,FISCAL_POLITICAL,478,191,426,201,1211.95,0.914,1.0,True
CN,GEOPOLITICS,390,191,12,12,20.97,0.746,1.0,True
US,GEOPOLITICS,336,191,449,166,264.28,0.642,1.0,True
US,TRADE_TARIFFS,277,122,146,101,13.34,0.53,0.639,False
US,INFLATION,277,164,302,127,18.47,0.53,0.859,False
CN,TRADE_TARIFFS,192,61,35,33,3.68,0.367,0.319,False
KR,FISCAL_POLITICAL,180,46,25,15,26.74,0.344,0.241,False
UK,FISCAL_POLITICAL,164,143,38,21,12.41,0.314,0.749,False
EA,FISCAL_POLITICAL,162,123,31,19,4.06,0.31,0.644,False
CA,TRADE_TARIFFS,122,11,12,11,1.03,0.233,0.058,False
MX,TRADE_TARIFFS,100,0,9,9,0.85,0.191,0.0,False
EA,MONETARY,78,46,18,16,0.44,0.149,0.241,False
IN,TRADE_TARIFFS,67,5,5,5,0.25,0.128,0.026,False
KR,TRADE_TARIFFS,52,5,6,6,0.4,0.099,0.026,False
JP,MONETARY,44,155,16,16,1.96,0.084,0.812,False
JP,TRADE_TARIFFS,43,0,4,4,0.23,0.082,0.0,False
JP,FISCAL_POLITICAL,26,10,6,5,0.41,0.05,0.052,False
AU,TRADE_TARIFFS,19,0,1,1,0.15,0.036,0.0,False
EA,TRADE_TARIFFS,18,1,6,5,0.15,0.034,0.005,False
TH,FISCAL_POLITICAL,18,0,1,1,0.05,0.034,0.0,False
TW,TRADE_TARIFFS,13,0,2,2,0.1,0.025,0.0,False
UK,MONETARY,11,98,12,11,0.52,0.021,0.513,False
BR,TRADE_TARIFFS,10,0,2,2,0.06,0.019,0.0,False
AU,FISCAL_POLITICAL,10,0,1,1,0.0,0.019,0.0,False
UK,GEOPOLITICS,9,85,9,9,3.48,0.017,0.445,False
BR,INFLATION,6,3,2,2,0.06,0.011,0.016,False
UK,TRADE_TARIFFS,5,0,1,1,0.03,0.01,0.0,False
AU,MONETARY,3,17,5,5,0.07,0.006,0.089,False
CA,FISCAL_POLITICAL,3,0,1,1,0.0,0.006,0.0,False
CA,MONETARY,1,13,4,4,0.06,0.002,0.068,False
EA,GEOPOLITICS,1,87,13,11,4.26,0.002,0.455,False
ZA,INFLATION,0,5,1,1,0.01,0.0,0.026,False
CO,MONETARY,0,2,1,1,0.0,0.0,0.01,False
NZ,MONETARY,0,1,1,1,0.0,0.0,0.005,False
UK,INFLATION,0,7,1,1,0.01,0.0,0.037,False
JP,INFLATION,0,4,1,1,0.0,0.0,0.021,False
MX,MONETARY,0,31,7,7,0.06,0.0,0.162,False
NO,MONETARY,0,5,1,1,0.02,0.0,0.026,False
MX,INFLATION,0,5,1,1,0.0,0.0,0.026,False
CH,GEOPOLITICS,0,36,1,1,0.17,0.0,0.188,False
CN,INFLATION,0,5,2,2,0.01,0.0,0.026,False
MX,FISCAL_POLITICAL,0,3,2,2,0.0,0.0,0.016,False
IN,INFLATION,0,4,1,1,0.0,0.0,0.021,False
TW,FISCAL_POLITICAL,0,14,3,3,0.43,0.0,0.073,False
BR,MONETARY,0,36,8,8,0.09,0.0,0.188,False
HU,FISCAL_POLITICAL,0,51,2,1,0.33,0.0,0.267,False
NO,GEOPOLITICS,0,10,2,2,0.15,0.0,0.052,False
CH,MONETARY,0,3,1,1,0.01,0.0,0.016,False
SE,MONETARY,0,5,1,1,0.02,0.0,0.026,False
CO,FISCAL_POLITICAL,0,24,3,2,0.07,0.0,0.126,False
CA,GEOPOLITICS,0,1,1,1,0.03,0.0,0.005,False
