period,offset,n,coef,t,p
2024-2025,0,23,0.9574411859689456,1.3410649491266164,0.1942252219346009
2024-2025,1,23,0.4195517209284607,0.6190484642042461,0.542542388578223
2024-2025,2,24,0.8376426302917569,1.2026906366951118,0.2418806357152279
2024-2025,3,24,0.9252049341961244,1.2131980301554373,0.2379198920581856
2024-2025,4,24,1.4271606877882297,1.6701714710579858,0.1090535450681719
2024-2025,5,24,1.4300719372939108,1.5728544284288923,0.1300247591349903
2024-2025,6,24,1.2731391176184252,1.6847800452587314,0.1061662977490542
2024-2025,7,24,1.2580306617527977,1.7932706419829103,0.0866898062377361
2024-2025,8,24,0.7954263619724807,1.1480629290038369,0.2632736129845713
2024-2025,9,24,1.1764383782306056,1.7017660680061155,0.1028908980638215
2024-2025,10,24,0.8106543259510497,1.2448529322139277,0.2262838060191214
2024-2025,11,24,0.9824113270807816,1.4133910404386745,0.1715346390634292
2024-2025,12,24,0.7488316522216025,0.942892716815569,0.3559758571990306
2024-2025,13,24,0.4328104145135227,0.5658077280618581,0.5772505934863319
2024-2025,14,24,0.7456488531902252,1.037115874084402,0.3109474258718302
2024-2025,15,24,1.0121103606091728,1.0114760140558456,0.3227845505632275
2024-2025,16,24,0.8473886434446214,1.2036941082911807,0.2415002487370275
2024-2025,17,23,1.2634440488068823,1.6843990167541043,0.1069108404016402
2024-2025,18,22,1.448616684874195,1.8791817561199395,0.0748719540389079
2024-2025,19,22,1.4374360752381776,2.1738451558941674,0.0418981367666936
2026,0,8,1.7857121582144222,0.7206354636548735,0.498236279481775
2026,1,8,3.6480357936608314,2.841558123594672,0.029506553896032
2026,2,8,2.8980352862754257,1.160056070646067,0.290095784352476
2026,3,9,-1.3399790540366034,-0.3513124327765478,0.735690585072096
2026,4,9,3.0388217900881247,0.8698586034135917,0.4132089213268687
2026,5,9,-0.5503911228683174,-0.1053822526946246,0.9190287020024288
2026,6,9,-0.3924999621011434,-0.1186222707165592,0.9089069488621891
2026,7,9,9.01656567311092,1.5936891331932763,0.1550344107528931
2026,8,9,5.885152898649703,1.3058830869847906,0.2328673260068642
2026,9,9,1.121566274319281,0.2197683615914507,0.8323229092158568
2026,10,9,-0.4570149120441161,-0.10924843100217,0.9160713232008288
2026,11,9,-0.7913532396204912,-0.2493506159995363,0.810248178695993
2026,12,9,0.1902945078322811,0.0588834117725691,0.954690700881604
2026,13,9,0.670406982762151,0.176298803001993,0.8650512726919843
2026,14,8,2.053390665527189,0.8122230340372678,0.4476820652392658
2026,15,8,2.989673980846624,1.0675769912593684,0.3267708802978117
2026,16,8,2.7724385212445783,1.464475923600614,0.193405205910115
2026,17,8,3.6629650951388992,1.4684106740422445,0.1923742599977798
2026,18,8,2.788025374024061,1.771646363904169,0.1268346851071445
2026,19,8,1.7794752554020852,1.0423553584318626,0.3374137298976007
