factor,beta,t,n,corr,strategy
spx,0.0,,143,,A1_theory_dollar_neutral
msci_world,0.0,,143,,A1_theory_dollar_neutral
brent,0.0,,143,,A1_theory_dollar_neutral
dollar,0.0,,143,,A1_theory_dollar_neutral
g10_carry,0.0,,143,,A1_theory_dollar_neutral
em_carry,0.0,,143,,A1_theory_dollar_neutral
d_vix,0.0,,143,,A1_theory_dollar_neutral
spx,-0.0402141917627745,-0.7722454712137109,143,-0.0599581706159038,A1_theory_with_dollar
msci_world,-0.0573422112668309,-1.0279108755959503,143,-0.0786803038027179,A1_theory_with_dollar
brent,0.0043104694560414,0.2498005015147025,143,0.0177487790538751,A1_theory_with_dollar
dollar,0.0306991281575352,0.1401096967622926,143,0.0200379306124218,A1_theory_with_dollar
g10_carry,-0.022540051825042,-0.3643561562188204,143,-0.0280919502443749,A1_theory_with_dollar
em_carry,-0.0832246891946584,-0.867468706245015,143,-0.0911404240558379,A1_theory_with_dollar
d_vix,0.0003763522329108,1.4611854945135383,143,0.0987061161017056,A1_theory_with_dollar
spx,-0.0897620629340008,-1.1385536876305844,143,-0.185007580995303,A1+S_theory_dollar_neutral
msci_world,-0.116624611213975,-1.3963510448246306,143,-0.2212124018494073,A1+S_theory_dollar_neutral
brent,0.00310538805297,0.1506370713006423,143,0.0176761410926883,A1+S_theory_dollar_neutral
dollar,-0.0219971149739658,-0.1768160076765851,143,-0.0198481586120019,A1+S_theory_dollar_neutral
g10_carry,-0.1053598255254475,-0.99194955981245,143,-0.1815221779099317,A1+S_theory_dollar_neutral
em_carry,0.0218733768979631,0.4306312984089004,143,0.0331132928382736,A1+S_theory_dollar_neutral
d_vix,0.0007609312047637,1.7056159377568731,143,0.2758815334952139,A1+S_theory_dollar_neutral
spx,-0.0347300672044433,-0.6824930263337714,143,-0.0516428243259609,A1+S_theory_with_dollar
msci_world,-0.0409931094250499,-0.7471472890625129,143,-0.0560967610479513,A1+S_theory_with_dollar
brent,-0.0153724716570214,-0.828303818463159,143,-0.063128132939518,A1+S_theory_with_dollar
dollar,-0.1057151326734489,-0.5035986145609154,143,-0.0688175676667085,A1+S_theory_with_dollar
g10_carry,-0.0503956746468109,-0.7567536364932286,143,-0.0626405520685165,A1+S_theory_with_dollar
em_carry,-0.0780469375673586,-0.8742192795086107,143,-0.0852412996363813,A1+S_theory_with_dollar
d_vix,0.0001375295777543,0.554586695394293,143,0.0359733604242863,A1+S_theory_with_dollar
spx,-0.0262924008745983,-0.5104037871823495,143,-0.0605349843610307,A2_theory_dollar_neutral
msci_world,-0.030672682990754,-0.5879711803729613,143,-0.0649905957467845,A2_theory_dollar_neutral
brent,0.0038660419108292,0.3125949720404646,143,0.02458202347672,A2_theory_dollar_neutral
dollar,0.2344733204554795,1.99274897602512,143,0.2363346611026794,A2_theory_dollar_neutral
g10_carry,0.0531699378660385,1.0928313809645804,143,0.1023293683356569,A2_theory_dollar_neutral
em_carry,0.0403984181333843,0.7846011692749856,143,0.0683172510879342,A2_theory_dollar_neutral
d_vix,0.0002453616417496,0.7374775643004806,143,0.0993718546950529,A2_theory_dollar_neutral
spx,-0.2230293070079421,-1.9817937461420876,143,-0.2760719205205414,A2_theory_with_dollar
msci_world,-0.2434378083855244,-2.028886353979714,143,-0.2773134243345038,A2_theory_with_dollar
brent,0.0129834092985272,0.5025439754582378,143,0.044383743735245,A2_theory_with_dollar
dollar,0.2045834530663007,0.7688811949774838,143,0.1108635046569126,A2_theory_with_dollar
g10_carry,-0.1031673301457568,-0.888545789745842,143,-0.1067481714175186,A2_theory_with_dollar
em_carry,0.0365133858348913,0.3834700853029575,143,0.0331972601456674,A2_theory_with_dollar
d_vix,0.001541192094897,2.669926838394137,143,0.3355811915117271,A2_theory_with_dollar
spx,-0.1527600411396114,-1.852018522801248,143,-0.2921496922288219,A2+S_theory_dollar_neutral
msci_world,-0.1627956637676649,-1.8855690016812496,143,-0.2865240372317568,A2+S_theory_dollar_neutral
brent,-0.0005642275410235,-0.0349144306406923,143,-0.002980058774368,A2+S_theory_dollar_neutral
dollar,0.2713133842172971,1.97937463102686,143,0.2271562457850418,A2+S_theory_dollar_neutral
g10_carry,-0.0953364369655107,-1.4581508652494035,143,-0.1524096741474097,A2+S_theory_dollar_neutral
em_carry,0.0772740249289627,1.1166435743023488,143,0.1085473021887824,A2+S_theory_dollar_neutral
d_vix,0.0010767679715253,2.585638844264223,143,0.3622416078915362,A2+S_theory_dollar_neutral
spx,-0.0936450897413097,-1.217073697946965,143,-0.1220898440013885,A2+S_theory_with_dollar
msci_world,-0.0938480170034344,-1.153700742255079,143,-0.1126009855478749,A2+S_theory_with_dollar
brent,0.005323966512626,0.2437792611079323,143,0.0191692325392438,A2+S_theory_with_dollar
dollar,-0.0281011249074354,-0.0987981827147898,143,-0.0160389536168989,A2+S_theory_with_dollar
g10_carry,-0.0356814586116851,-0.5338163751541286,143,-0.0388861618381225,A2+S_theory_with_dollar
em_carry,-0.05077098000728,-0.6169224980348645,143,-0.0486183156601605,A2+S_theory_with_dollar
d_vix,0.0007104751759243,1.876015258173032,143,0.1629385977015971,A2+S_theory_with_dollar
spx,0.0,,143,,A3_theory_dollar_neutral
msci_world,0.0,,143,,A3_theory_dollar_neutral
brent,0.0,,143,,A3_theory_dollar_neutral
dollar,0.0,,143,,A3_theory_dollar_neutral
g10_carry,0.0,,143,,A3_theory_dollar_neutral
em_carry,0.0,,143,,A3_theory_dollar_neutral
d_vix,0.0,,143,,A3_theory_dollar_neutral
spx,-0.0402141917627745,-0.7722454712137109,143,-0.0599581706159038,A3_theory_with_dollar
msci_world,-0.0573422112668309,-1.0279108755959503,143,-0.0786803038027179,A3_theory_with_dollar
brent,0.0043104694560414,0.2498005015147025,143,0.0177487790538751,A3_theory_with_dollar
dollar,0.0306991281575352,0.1401096967622926,143,0.0200379306124218,A3_theory_with_dollar
g10_carry,-0.022540051825042,-0.3643561562188204,143,-0.0280919502443749,A3_theory_with_dollar
em_carry,-0.0832246891946584,-0.867468706245015,143,-0.0911404240558379,A3_theory_with_dollar
d_vix,0.0003763522329108,1.4611854945135383,143,0.0987061161017056,A3_theory_with_dollar
spx,-0.0897620629340008,-1.1385536876305844,143,-0.185007580995303,A3+S_theory_dollar_neutral
msci_world,-0.116624611213975,-1.3963510448246306,143,-0.2212124018494073,A3+S_theory_dollar_neutral
brent,0.00310538805297,0.1506370713006423,143,0.0176761410926883,A3+S_theory_dollar_neutral
dollar,-0.0219971149739658,-0.1768160076765851,143,-0.0198481586120019,A3+S_theory_dollar_neutral
g10_carry,-0.1053598255254475,-0.99194955981245,143,-0.1815221779099317,A3+S_theory_dollar_neutral
em_carry,0.0218733768979631,0.4306312984089004,143,0.0331132928382736,A3+S_theory_dollar_neutral
d_vix,0.0007609312047637,1.7056159377568731,143,0.2758815334952139,A3+S_theory_dollar_neutral
spx,-0.0347300672044433,-0.6824930263337714,143,-0.0516428243259609,A3+S_theory_with_dollar
msci_world,-0.0409931094250499,-0.7471472890625129,143,-0.0560967610479513,A3+S_theory_with_dollar
brent,-0.0153724716570214,-0.828303818463159,143,-0.063128132939518,A3+S_theory_with_dollar
dollar,-0.1057151326734489,-0.5035986145609154,143,-0.0688175676667085,A3+S_theory_with_dollar
g10_carry,-0.0503956746468109,-0.7567536364932286,143,-0.0626405520685165,A3+S_theory_with_dollar
em_carry,-0.0780469375673586,-0.8742192795086107,143,-0.0852412996363813,A3+S_theory_with_dollar
d_vix,0.0001375295777543,0.554586695394293,143,0.0359733604242863,A3+S_theory_with_dollar
spx,0.0,,143,,A1_theory_dollar_neutral_D12
msci_world,0.0,,143,,A1_theory_dollar_neutral_D12
brent,0.0,,143,,A1_theory_dollar_neutral_D12
dollar,0.0,,143,,A1_theory_dollar_neutral_D12
g10_carry,0.0,,143,,A1_theory_dollar_neutral_D12
em_carry,0.0,,143,,A1_theory_dollar_neutral_D12
d_vix,0.0,,143,,A1_theory_dollar_neutral_D12
spx,0.0724458965579394,1.2238660567197837,143,0.0888713597674408,A1_theory_with_dollar_D12
msci_world,0.1077261063661206,1.6944693980073386,143,0.121616236391755,A1_theory_with_dollar_D12
brent,-0.0339171308048925,-1.6702072526220886,143,-0.1149058188503423,A1_theory_with_dollar_D12
dollar,-0.7680407145597915,-3.656173337688722,143,-0.412467822649648,A1_theory_with_dollar_D12
g10_carry,-0.1050566321907272,-1.6240861948396057,143,-0.1077282138777227,A1_theory_with_dollar_D12
em_carry,-0.1101819276315771,-1.1602146342291333,143,-0.0992769059769829,A1_theory_with_dollar_D12
d_vix,-0.0005632666621204,-1.7483407994946392,143,-0.1215465450766187,A1_theory_with_dollar_D12
spx,-0.0335953885362051,-0.4330063853201523,143,-0.0457665215279238,A1_theory_with_dollar_weekly
msci_world,-0.0409796381004923,-0.4899103026545203,143,-0.0513758379602934,A1_theory_with_dollar_weekly
brent,0.032129783709225,1.7777970721352987,143,0.1208790174112105,A1_theory_with_dollar_weekly
dollar,0.1461752145059373,0.5273730180521916,143,0.0871765693693482,A1_theory_with_dollar_weekly
g10_carry,0.0023317556468998,0.0372459421160006,143,0.0026552732818481,A1_theory_with_dollar_weekly
em_carry,-0.1580469457341459,-2.1880390620381016,143,-0.1581408899532732,A1_theory_with_dollar_weekly
d_vix,1.128505932320927e-05,0.0339150277707888,143,0.0027042860070384,A1_theory_with_dollar_weekly
spx,-0.0427159389707285,-0.8293091720935436,143,-0.0642132143636852,A1_theory_with_dollar_cost0.5x
msci_world,-0.0601225844549216,-1.0897431429921272,143,-0.0831753537395357,A1_theory_with_dollar_cost0.5x
brent,0.00358741073494,0.2094628345130766,143,0.0148932828725746,A1_theory_with_dollar_cost0.5x
dollar,0.0303941911887731,0.1393821243758308,143,0.0200024337800124,A1_theory_with_dollar_cost0.5x
g10_carry,-0.0301145164371878,-0.4924390251197443,143,-0.0378414960695987,A1_theory_with_dollar_cost0.5x
em_carry,-0.0860370057937618,-0.9050206919772188,143,-0.0949969309233823,A1_theory_with_dollar_cost0.5x
d_vix,0.000383645857967,1.5182593844629704,143,0.1014484705688663,A1_theory_with_dollar_cost0.5x
spx,-0.2265994376986023,-1.9808691720740763,143,-0.2811502335198938,A2_theory_with_dollar_cost0.5x
msci_world,-0.2473646149975488,-2.0323874630197234,143,-0.2824488157312131,A2_theory_with_dollar_cost0.5x
brent,0.0112600830522262,0.427734166241303,143,0.038583009202716,A2_theory_with_dollar_cost0.5x
dollar,0.2071346258467369,0.7888912251961433,143,0.1125097403358182,A2_theory_with_dollar_cost0.5x
g10_carry,-0.1077262910983149,-0.918318612474777,143,-0.1117272938245079,A2_theory_with_dollar_cost0.5x
em_carry,0.0337670763568881,0.3557046357398099,143,0.0307725095067573,A2_theory_with_dollar_cost0.5x
d_vix,0.0015485244306598,2.6316438057004885,143,0.3379700528778062,A2_theory_with_dollar_cost0.5x
spx,-0.0356547865215287,-0.460829736651955,143,-0.0487099336973291,A1_theory_with_dollar_weekly_cost0.5x
msci_world,-0.0430245827265648,-0.5154236121488056,143,-0.0540927333866359,A1_theory_with_dollar_weekly_cost0.5x
brent,0.031535848780099,1.7392960334689012,143,0.1189814081035409,A1_theory_with_dollar_weekly_cost0.5x
dollar,0.144950713234333,0.5251911303635737,143,0.0866917663894723,A1_theory_with_dollar_weekly_cost0.5x
g10_carry,0.000880217938343,0.0140325751875928,143,0.0010051893164854,A1_theory_with_dollar_weekly_cost0.5x
em_carry,-0.1572525949150831,-2.192485140201475,143,-0.1577928617058377,A1_theory_with_dollar_weekly_cost0.5x
d_vix,1.7007292548122495e-05,0.0514388643659762,143,0.004087101446954,A1_theory_with_dollar_weekly_cost0.5x
spx,-0.0115675034801973,-0.1869912292776835,143,-0.0157488847527813,base_carry
msci_world,-0.0244509969372855,-0.3737292651973547,143,-0.0306358052417597,base_carry
brent,0.0739997860871412,4.54401182003551,143,0.2782374038528314,base_carry
dollar,0.2584024188095376,1.970749308654693,143,0.1540155383215635,base_carry
g10_carry,0.2434848438226358,3.532859117378836,143,0.27710224875154,base_carry
d_vix,-0.000206060369109,-0.6655704357177245,143,-0.0493497750034446,base_carry
spx,-0.0398371760560021,-0.8236338247032875,143,-0.0680841902774384,pm_timed
msci_world,-0.0379702563133804,-0.7585943130899732,143,-0.0597205533715625,pm_timed
brent,0.0450479043523201,3.3591225392531308,143,0.2126215138973143,pm_timed
dollar,0.1488084652534095,1.483961066605839,143,0.1113379362159216,pm_timed
g10_carry,0.1693529685087093,2.778223001034812,143,0.2419404569900224,pm_timed
em_carry,0.683978431823497,6.287312976384293,143,0.8585981984583148,pm_timed
d_vix,-0.0001593816380369,-0.6560134838195465,143,-0.0479155585682523,pm_timed
spx,0.0005575791124512,0.0104658511492771,143,0.0008201891152367,vix_timed
msci_world,-0.0175839109800032,-0.3054612458250743,143,-0.0238037589805851,vix_timed
brent,0.0683349574525537,4.740093993734593,143,0.2776037417580531,vix_timed
dollar,0.2436023662031563,2.012373193707658,143,0.1568724954402261,vix_timed
g10_carry,0.1800759161855004,3.339638616918754,143,0.2214221632738638,vix_timed
em_carry,0.8934019543330329,25.392261432325213,143,0.9652598393572192,vix_timed
d_vix,-8.091880151311505e-05,-0.2998543994404171,143,-0.0209381103571993,vix_timed
