shock_k,rerisk_days,shock_cut,n_days,cum_return,ann_mean,ann_vol,sharpe,sortino,max_drawdown,max_dd_duration_days,calmar,hit_rate,skew,excess_kurtosis,sharpe_t
1.5,5,0.0,714,0.2522079650824069,0.0831409124773323,0.086662397535223,0.9593654784768736,1.4170748328116625,-0.0846310356533911,431,0.982392710138138,0.4873949579831932,-0.0036729829747835,1.944779948513882,1.6148527312618808
1.5,5,0.25,714,0.3003757087729768,0.0965624249056586,0.0877545648478206,1.100369252278923,1.6275454975665171,-0.0868490351378791,380,1.111842230053089,0.5,-0.0295047212238239,1.777674773893935,1.8521974495687952
1.5,5,0.5,714,0.3500114752680152,0.1099478694960173,0.0895501433047732,1.2277799391322337,1.8198288287941489,-0.0890631238463466,354,1.2344937472180009,0.5042016806722689,-0.0553130386366023,1.536899743744062,2.0666615930813146
1.5,10,0.0,714,0.235944479519492,0.0780438558315786,0.0809139015328325,0.9645296340074596,1.4358190239914743,-0.080051319259263,452,0.9749227939494312,0.4831932773109244,0.0748023235622389,2.4878394569414626,1.6235453003091511
1.5,10,0.25,714,0.2885708791358514,0.0929351760364116,0.0829818529563903,1.1199457800159274,1.666384784777433,-0.080051319259263,417,1.1609449650095276,0.5,0.0282110916681361,2.1462285785824298,1.8851496559947716
1.5,10,0.5,714,0.3427409244663955,0.1077401854314661,0.0861238175476825,1.250991752331643,1.861904750010259,-0.0845315645902051,354,1.2745556757854,0.5014005602240896,-0.0193588475717081,1.721098388620705,2.1057328967539437
1.5,20,0.0,714,0.2057815863433341,0.0686496660895094,0.0721367743976209,0.9516597694139968,1.4331730881518971,-0.080051319259263,472,0.8575707024536733,0.4831932773109244,0.2334006837759537,3.8360917102849497,1.6018820901395294
1.5,20,0.25,714,0.2660097435280399,0.086118760470465,0.0756681170335801,1.1381115831420394,1.7079365967078792,-0.080051319259263,431,1.0757943937382382,0.5014005602240896,0.1387153552181395,2.977719348405388,1.915727259058352
1.5,20,0.5,714,0.3283293062791872,0.1034943425701944,0.0809057330559412,1.2791966485073998,1.9143831375697489,-0.0819708230799852,357,1.2625753735473288,0.5014005602240896,0.0435320425412752,2.081587132322217,2.153208811456117
2.0,5,0.0,714,0.3573184373595643,0.1119719642464118,0.0908618659754177,1.2323317713583526,1.83062369173392,-0.0846310356533911,416,1.3230603097544056,0.4971988795518207,-0.0553938018066903,1.6658041696810797,2.074323468422361
2.0,5,0.25,714,0.3809030603951802,0.1181081334217196,0.09144816819518,1.2915308830422778,1.918121457892627,-0.0868490351378791,380,1.3599245315070512,0.5042016806722689,-0.0700234278075426,1.573738313068838,2.1739704218887703
2.0,5,0.5,714,0.4047478626442109,0.1242365044002058,0.0923530073544166,1.3452350709428669,1.9990970986880348,-0.0890631238463466,354,1.3949264188682735,0.5042016806722689,-0.0838514626191468,1.4488231898245587,2.264368040374224
2.0,10,0.0,714,0.3442776786072421,0.1082668759013659,0.0875355617153396,1.2368330513882264,1.839960271848833,-0.080051319259263,417,1.3524683528415182,0.4943977591036415,-0.0492139419155087,2.076540148819883,2.081900251737472
2.0,10,0.25,714,0.3718030499312657,0.1155245991549854,0.0886803359818859,1.3027081807468874,1.937198184441424,-0.080051319259263,380,1.4431317337923537,0.5028011204481793,-0.0660960589761687,1.8808357407154863,2.192784617449645
2.0,10,0.5,714,0.3996596861903574,0.1227728050582657,0.0903540418187749,1.3587970453442892,2.021454400861438,-0.0845315645902051,346,1.452390070542852,0.5028011204481793,-0.0818089113072856,1.6352604122096164,2.287196244947742
2.0,20,0.0,714,0.3049408115811696,0.0973430303912391,0.0823726078216999,1.181740301362601,1.749249547301663,-0.080051319259263,422,1.2160078221318658,0.4943977591036415,-0.0606077474287808,2.8431451788894204,1.9891653349121805
2.0,20,0.25,714,0.3427079948669103,0.1075798545716802,0.0843320788596385,1.2756694252816303,1.8898397095447936,-0.080051319259263,399,1.3438860916615287,0.5028011204481793,-0.0793480695963819,2.438028795695721,2.1472716100582234
2.0,20,0.5,714,0.3811413825878724,0.117790195213499,0.0871968133409264,1.350854356947163,2.004830505299247,-0.0819708230799852,346,1.4369770948690124,0.5028011204481793,-0.09389752400972,1.9524483602643388,2.273826708165967
2.5,5,0.0,714,0.4049953651719604,0.1243116103176976,0.0925004285616715,1.3439030742956726,2.012571234959006,-0.0934795856212391,380,1.3298262876494105,0.5,-0.040829887282305,1.4684107203334378,2.2621259559215208
2.5,5,0.25,714,0.4148111322730836,0.1268047306608506,0.0928747659794272,1.3653302845354065,2.042383391638832,-0.0934795856212391,353,1.356496499402965,0.5042016806722689,-0.0497353200932412,1.4164763475412014,2.29819332519344
2.5,5,0.5,714,0.4246354832922381,0.1292978510040036,0.0934063448584379,1.3842512647289764,2.0681273827278925,-0.0934795856212391,344,1.3831667111565196,0.5056022408963585,-0.0615618448724829,1.3544256544027649,2.330042080677375
2.5,10,0.0,714,0.4007560005416652,0.1230614291040968,0.0904938931111643,1.359886561106681,2.0350151626726416,-0.0934795856212391,380,1.3164524455929612,0.4971988795518207,-0.0512022323335786,1.6644317319282642,2.289030173251525
2.5,10,0.25,714,0.4118105291095371,0.1259013444717371,0.0912008912474657,1.3804837074466147,2.0645599347744654,-0.0934795856212391,357,1.3468325050333934,0.5028011204481793,-0.0568907921056319,1.5645545676383028,2.3237003367809126
2.5,10,0.5,714,0.422810514555018,0.1287319454962885,0.092182998738727,1.396482510415523,2.086495233538499,-0.0934795856212391,346,1.377112924076119,0.5042016806722689,-0.0658899283384582,1.4462008099590309,2.350630335046308
2.5,20,0.0,714,0.347672566594652,0.1091107825201699,0.0870010206169634,1.2541322130064247,1.865302173459884,-0.0934795856212391,416,1.167215085465455,0.4971988795518207,-0.0436065490329804,2.0957171593889683,2.1110190797695583
2.5,20,0.25,714,0.3737086982490709,0.1159773623144593,0.088258607230632,1.3140629107299917,1.9559529813809784,-0.0934795856212391,380,1.240670479481764,0.5028011204481793,-0.0564778956955512,1.885310679899332,2.2118974760393333
2.5,20,0.5,714,0.3999668185062952,0.1228214390197558,0.0900358894105171,1.3641386765199108,2.031945677150345,-0.0934795856212391,354,1.313885146190144,0.5042016806722689,-0.0698901821682468,1.6358116229755515,2.2961875500205915
