test,sharpe,ann_mean,ann_vol,max_drawdown,seed,threshold,event
actual,1.3027081807468874,0.1155245991549854,0.0886803359818859,-0.080051319259263,,,
base_carry,1.2490096146316858,0.1299346694721408,0.1040301595360069,-0.1399922167198434,,,
placebo_a_shuffle,0.8562563103952517,0.0803589852010669,0.0938492180734678,-0.1342018116437071,0.0,,
placebo_a_shuffle,1.1688311237514966,0.1025774601436853,0.0877607192854783,-0.0793889543784484,1.0,,
placebo_a_shuffle,0.958496830202059,0.0897658177259582,0.0936527017069371,-0.1596892908735575,2.0,,
placebo_a_shuffle,1.0441794158147053,0.099540776176547,0.0953291883262052,-0.1324013086806604,3.0,,
placebo_a_shuffle,0.7907337743353134,0.0745080881264482,0.0942265153516166,-0.1617842485495624,4.0,,
placebo_a_shuffle,0.7492832700275059,0.0694743374898761,0.0927210579349059,-0.1354268000574356,5.0,,
placebo_a_shuffle,0.9906311750639754,0.0903292180951178,0.091183500346922,-0.135500867537655,6.0,,
placebo_a_shuffle,0.9993946835370184,0.093115785994729,0.0931721846519908,-0.139615951304903,7.0,,
placebo_a_shuffle,0.9279067573313404,0.0863883826948065,0.0931002840665365,-0.1461393787830825,8.0,,
placebo_a_shuffle,0.9503987373899484,0.0899342732902651,0.0946279385189935,-0.1340643214581033,9.0,,
placebo_a_shuffle,0.9321411589407358,0.0860205121866552,0.0922827099324816,-0.1491669477965536,10.0,,
placebo_a_shuffle,1.0514989740900056,0.0966024295184359,0.0918711590774857,-0.1314137362931493,11.0,,
placebo_a_shuffle,1.156668948934586,0.102623578679712,0.0887233799906526,-0.0912521984748403,12.0,,
placebo_a_shuffle,1.0772895234718185,0.1016214687862604,0.0943306943696634,-0.1420579694807421,13.0,,
placebo_a_shuffle,0.7843988617710821,0.0740383551655252,0.0943886570645387,-0.144924250379717,14.0,,
placebo_a_shuffle,1.246205867343976,0.1097107746265553,0.0880358354116728,-0.0879730661720004,15.0,,
placebo_a_shuffle,0.8074127596193006,0.0755022945499076,0.0935113963092525,-0.148958129819421,16.0,,
placebo_a_shuffle,0.882805248117761,0.0834312263924887,0.0945069442783371,-0.1621798157626739,17.0,,
placebo_a_shuffle,0.9937908274401892,0.0926519224371812,0.0932308086157672,-0.1353169173179621,18.0,,
placebo_a_shuffle,1.2710826918581757,0.1127173910214322,0.0886782518111803,-0.0912845762979656,19.0,,
placebo_a_shuffle,0.9822375042735796,0.0922267354047703,0.0938945367118488,-0.1446149619134431,20.0,,
placebo_a_shuffle,0.8386593841647105,0.0789689768306751,0.0941609648943793,-0.1433902680638961,21.0,,
placebo_a_shuffle,0.9018537396312136,0.0826126159237223,0.0916031195451984,-0.1341097815114379,22.0,,
placebo_a_shuffle,0.8364964755549312,0.0770929154707533,0.092161673986265,-0.1478817824095337,23.0,,
placebo_a_shuffle,0.9322195757845876,0.0849867343207304,0.0911660048001059,-0.144301563838649,24.0,,
placebo_a_shuffle,0.9049474460433566,0.0862055610026582,0.0952602953680561,-0.1454846126150476,25.0,,
placebo_a_shuffle,1.110692499065863,0.0999354249521797,0.0899757809080636,-0.080051319259263,26.0,,
placebo_a_shuffle,0.8539429520921372,0.0789179682212699,0.0924159723174985,-0.1577684144922908,27.0,,
placebo_a_shuffle,1.3249200013359133,0.1143486115766165,0.0863060497700382,-0.0852302613627469,28.0,,
placebo_a_shuffle,0.8622337954982885,0.080388993756648,0.0932334062714288,-0.140784360571333,29.0,,
placebo_a_shuffle,0.980389405339062,0.0911405024003707,0.0929635733556813,-0.1562971211092535,30.0,,
placebo_a_shuffle,0.9172906369737645,0.0856675018932753,0.0933918852326904,-0.159485154416095,31.0,,
placebo_a_shuffle,0.8524062459443026,0.0799054301904921,0.0937410191099342,-0.1346858118603758,32.0,,
placebo_a_shuffle,1.1830644058594737,0.1057626033770694,0.0893971645611592,-0.0922213273955686,33.0,,
placebo_a_shuffle,0.7989173611423261,0.072710370433651,0.0910111282719988,-0.1483116027357024,34.0,,
placebo_a_shuffle,0.8712653564763784,0.0825098835455763,0.0947012100644831,-0.151370320819314,35.0,,
placebo_a_shuffle,0.9844685274005116,0.090495088850969,0.0919227850685295,-0.1478187369530145,36.0,,
placebo_a_shuffle,1.0864522196247002,0.1001655716493979,0.0921951005668696,-0.135500867537655,37.0,,
placebo_a_shuffle,0.9738756620610042,0.0929363148852027,0.095429343298838,-0.1443938579613252,38.0,,
placebo_a_shuffle,1.0547546261158105,0.0980344971662834,0.0929453113918074,-0.1380890611916674,39.0,,
placebo_a_shuffle,1.397981412076032,0.125710459479282,0.0899228404565117,-0.096295799004633,40.0,,
placebo_a_shuffle,0.9491886533221262,0.0884281544557411,0.0931618326306849,-0.1423622830810229,41.0,,
placebo_a_shuffle,0.864164888001461,0.0802593972787459,0.0928750964001331,-0.1445244049209562,42.0,,
placebo_a_shuffle,1.1288485288997732,0.097559384468789,0.0864238044087942,-0.0903601326596136,43.0,,
placebo_a_shuffle,0.814102816277924,0.0760989784661376,0.093475881601862,-0.1424489092477098,44.0,,
placebo_a_shuffle,1.0511182505627326,0.0984423885445217,0.0936549132239108,-0.1341097815114379,45.0,,
placebo_a_shuffle,0.9109784924143588,0.0860719499476109,0.0944829660242528,-0.1460491387693454,46.0,,
placebo_a_shuffle,0.9206695668148848,0.0864165222560414,0.0938626901234553,-0.136492278085562,47.0,,
placebo_a_shuffle,1.1300376035073776,0.1079324913438195,0.0955123006604575,-0.1368857954205331,48.0,,
placebo_a_shuffle,0.9520311210874256,0.0887710362408093,0.0932438386461711,-0.1469375473256751,49.0,,
placebo_a_shuffle,0.97762047570452,0.0911431356860129,0.0932295690925774,-0.1389573036938903,50.0,,
placebo_a_shuffle,1.0377277591448422,0.097269116988316,0.0937327889045508,-0.1324013086806604,51.0,,
placebo_a_shuffle,1.3086801852308687,0.1171943109312595,0.0895515285199988,-0.0799848078668888,52.0,,
placebo_a_shuffle,0.9751164204169492,0.0924816357243054,0.09484163509908,-0.1503662345258594,53.0,,
placebo_a_shuffle,0.8591587183465205,0.080005459447194,0.0931206978859124,-0.1450107826629036,54.0,,
placebo_a_shuffle,1.0651294029434175,0.0980982876450931,0.092099877605486,-0.1379942455909707,55.0,,
placebo_a_shuffle,0.9767080981724612,0.0891498059840759,0.0912757927889468,-0.1518848027356046,56.0,,
placebo_a_shuffle,0.8235366043105186,0.0781034244985385,0.0948390442995891,-0.1358958545637142,57.0,,
placebo_a_shuffle,1.4860792888277696,0.1321508584098223,0.0889258462878275,-0.0803002380665171,58.0,,
placebo_a_shuffle,1.3161686670347423,0.1145818788209685,0.0870571391728351,-0.0948669859640247,59.0,,
placebo_a_shuffle,1.1308519016329062,0.106152854685109,0.0938698113624149,-0.1354798652968685,60.0,,
placebo_a_shuffle,1.2357122150550224,0.1073624009018347,0.0868830133697871,-0.0857178969646994,61.0,,
placebo_a_shuffle,0.8808425864244664,0.0821298658358423,0.0932401170216185,-0.1509402888369688,62.0,,
placebo_a_shuffle,0.8405510106624609,0.0801754395379425,0.0953843830069921,-0.148225172069195,63.0,,
placebo_a_shuffle,0.6560194533409218,0.0608879577878601,0.0928142564641565,-0.1497296489381897,64.0,,
placebo_a_shuffle,0.9349977050527668,0.087466913541035,0.0935477307252843,-0.1473057855479792,65.0,,
placebo_a_shuffle,1.0823813878113802,0.0972666407294815,0.0898635562517928,-0.095839414806328,66.0,,
placebo_a_shuffle,1.2054324624020365,0.10333905184479,0.0857277824083721,-0.0853344121516082,67.0,,
placebo_a_shuffle,0.7628508106209193,0.0716525550507319,0.0939273499524901,-0.1379795901595039,68.0,,
placebo_a_shuffle,0.9356673857751155,0.0885907731292018,0.0946819077762472,-0.1382444358687687,69.0,,
placebo_a_shuffle,0.963948898804192,0.0882332287546069,0.091533097723399,-0.1368857954205331,70.0,,
placebo_a_shuffle,0.9979816371934586,0.0945251658208935,0.0947163377541884,-0.1411194271936071,71.0,,
placebo_a_shuffle,0.8925014852345643,0.0841306761181447,0.0942639060102334,-0.1369775305074007,72.0,,
placebo_a_shuffle,0.876275865960386,0.0820565481129879,0.0936423691448527,-0.1368717073076218,73.0,,
placebo_a_shuffle,0.8514852080405156,0.0784961822439697,0.0921873703767672,-0.1540027307966374,74.0,,
placebo_a_shuffle,0.7547530109294,0.070706302507978,0.0936813785226382,-0.1538118211266876,75.0,,
placebo_a_shuffle,0.9709306728527282,0.0907654598460377,0.0934829461915713,-0.1422508715317101,76.0,,
placebo_a_shuffle,1.1956139446286187,0.1046129675191647,0.0874972795266782,-0.088558311198542,77.0,,
placebo_a_shuffle,0.739812323235233,0.0705943136571201,0.095421921803638,-0.1478220700563531,78.0,,
placebo_a_shuffle,1.1899183154463056,0.101629441121116,0.0854087543673093,-0.0797429718171127,79.0,,
placebo_a_shuffle,0.7702138693660725,0.0714605259205913,0.0927801079191253,-0.152801638556249,80.0,,
placebo_a_shuffle,0.9309252867539272,0.0875263615552587,0.0940208229389246,-0.1487218385861868,81.0,,
placebo_a_shuffle,1.171222910731884,0.100391139674447,0.0857148018148942,-0.0957632620322802,82.0,,
placebo_a_shuffle,1.0195175370780127,0.0961088456233357,0.0942689479366764,-0.1497143588533777,83.0,,
placebo_a_shuffle,1.1455167961302857,0.1000228904756762,0.0873168257449977,-0.096294580502747,84.0,,
placebo_a_shuffle,1.0479486198346133,0.0990911641167282,0.0945572733636185,-0.1368857954205331,85.0,,
placebo_a_shuffle,1.3792385548974884,0.1165179473667784,0.0844799088258076,-0.0953174044694413,86.0,,
placebo_a_shuffle,0.9795429428610524,0.0925116673834339,0.0944437077084396,-0.1368857954205331,87.0,,
placebo_a_shuffle,0.9720723047306734,0.0928821715098214,0.0955506818348824,-0.1326246306508727,88.0,,
placebo_a_shuffle,0.7858058366819968,0.0716560399645006,0.0911879711495433,-0.1559730316259252,89.0,,
placebo_a_shuffle,0.7316747750101749,0.068049613265551,0.0930052744603703,-0.1551679951829843,90.0,,
placebo_a_shuffle,0.9384702061282888,0.0867240100088056,0.0924099768351627,-0.1368857954205331,91.0,,
placebo_a_shuffle,1.5259263189720134,0.1366546858345605,0.0895552322124059,-0.080051319259263,92.0,,
placebo_a_shuffle,0.845783500122899,0.0807589192641749,0.0954841507932468,-0.1332326813841288,93.0,,
placebo_a_shuffle,1.153761054532882,0.0991457663985363,0.0859326686483425,-0.0846194689000967,94.0,,
placebo_a_shuffle,1.065140868955624,0.0994824118252322,0.0933983614043232,-0.1426063699027611,95.0,,
placebo_a_shuffle,1.0420958047596325,0.0979985318396918,0.0940398487280121,-0.147664623377875,96.0,,
placebo_a_shuffle,1.099301283697331,0.0957912666700167,0.0871383196677779,-0.1061652085189674,97.0,,
placebo_a_shuffle,0.9036905429986604,0.0849745314875343,0.0940305640530093,-0.1473374351009755,98.0,,
placebo_a_shuffle,1.0421533032800434,0.0974429590409631,0.0935015594483786,-0.1429683091668758,99.0,,
placebo_b_random_contracts,1.104907463415583,0.1028083286377643,0.0930470035200545,-0.1281971258421751,,,
placebo_c_reversed,1.101433755973204,0.0969384951081899,0.0880111895812899,-0.1399922167198434,,,
equal_weights,1.360763578685226,0.1186032374109135,0.0871593267696864,-0.072408348372421,,,
volume_threshold,1.209834148315432,0.1079285777882426,0.0892093994358829,-0.0806398230301922,,10k,
volume_threshold,0.8895438456220868,0.0823307421162576,0.0925538887390998,-0.1334369018714915,,250k,
leave_one_event_out,1.264668954593844,0.1118108695396616,0.0884111760105397,-0.080051319259263,,,us-x-iran-permanent-peace-deal-by
leave_one_event_out,1.2835700120873368,0.1140893526905583,0.0888844017982522,-0.080051319259263,,,us-strikes-iran-by
leave_one_event_out,1.2379029243365904,0.1094022964466246,0.0883771209323661,-0.080051319259263,,,us-x-iran-ceasefire-by
leave_one_event_out,1.3027081807468874,0.1155245991549854,0.0886803359818859,-0.080051319259263,,,will-the-us-invade-iran-before-2027
leave_one_event_out,1.3269198585521835,0.1163365067243416,0.0876741017737707,-0.080051319259263,,,russia-x-ukraine-ceasefire-in-2025
leave_one_event_out,1.356029407140828,0.120652377422761,0.0889747499481999,-0.080051319259263,,,trump-wins-ends-ukraine-war-in-90-days
leave_one_event_out,1.267510038853939,0.1126547180257556,0.0888787580156888,-0.080051319259263,,,will-china-invade-taiwan-before-2027
leave_one_event_out,1.3027081807468874,0.1155245991549854,0.0886803359818859,-0.080051319259263,,,kharg-island-no-longer-under-iranian-control-by-march-31
leave_one_event_out,1.264668954593844,0.1118108695396616,0.0884111760105397,-0.080051319259263,,,strait-of-hormuz-traffic-returns-to-normal-by-end-of-june
leave_one_event_out,1.264668954593844,0.1118108695396616,0.0884111760105397,-0.080051319259263,,,KXHORMUZNORM-26MAR17
