Unnamed: 0,A1_net,A1_gross,A2_net,A2_gross
2024-01-01,0.0,0.0,0.0,0.0
2024-01-02,0.0,0.0,0.0,0.0
2024-01-03,0.0,0.0,0.0,0.0
2024-01-04,0.0,0.0,0.0,0.0
2024-01-05,0.0,0.0,0.0,0.0
2024-01-08,0.0,0.0,0.0,0.0
2024-01-09,0.0,0.0,0.0,0.0
2024-01-10,0.0,0.0,0.0,0.0
2024-01-11,0.0,0.0,0.0,0.0
2024-01-12,0.0,0.0,0.0,0.0
2024-01-15,0.0,0.0,0.0,0.0
2024-01-16,0.0,0.0,0.0,0.0
2024-01-17,0.0,0.0,0.0,0.0
2024-01-18,0.0,0.0,0.0,0.0
2024-01-19,0.0,0.0,0.0,0.0
2024-01-22,0.0,0.0,0.0,0.0
2024-01-23,0.0,0.0,0.0,0.0
2024-01-24,0.0,0.0,0.0,0.0
2024-01-25,0.0,0.0,0.0,0.0
2024-01-26,0.0,0.0,0.0,0.0
2024-01-29,-0.0936398338904576,0.0,-0.0936398338904576,0.0
2024-01-30,-0.2121239337088631,-0.112340221996543,-0.1614454475701521,0.1123402219965541
2024-01-31,0.3686880834993022,0.469052582990348,0.2003446158352462,0.6521325208446394
2024-02-01,-0.8265653362965142,-0.7230400086202571,1.142741940174563,1.7815898738402949
2024-02-02,2.0784274718501417,2.208621858876736,4.02924311798083,4.707242116259169
2024-02-05,3.385140567247391,3.521278228382241,5.360928741018234,6.0519880466664455
2024-02-06,2.354675534817874,2.4924187115575647,4.310770543658182,4.997976745344679
2024-02-07,2.194214938913719,2.3317421767907742,4.147243393450339,4.833372267539882
2024-02-08,2.5002352487706103,2.6381743116024703,4.459112041915958,5.1472955271278265
2024-02-09,2.07463591221726,2.214634753249922,4.025379098044235,4.7134020035123125
2024-02-12,2.034953629275216,2.176306322339916,3.984938449007069,4.674136585172461
2024-02-13,4.275080815902199,4.43159870020724,6.26787659259358,6.984562464687438
2024-02-14,3.8466839314625463,4.002558787985011,5.83129263703992,6.545034124029248
2024-02-15,2.8309616856733166,2.9860469878246976,4.796158974967324,5.503672395070791
2024-02-16,2.829464736899068,2.984547781415703,4.79463341808104,5.502136538646996
2024-02-19,2.762002675139019,2.9169839762307026,4.725882092282929,5.432921049981387
2024-02-20,2.5205267137238696,2.675143830995585,4.479791296025981,5.185168813623786
2024-02-21,2.324183337798691,2.478504338304788,4.279695611809475,4.983722217472408
2024-02-22,2.154183995147108,2.308512122685902,4.1064474203492685,4.809574325103183
2024-02-23,2.222258588521986,2.378409631605294,4.175822983822819,4.881180567870569
2024-02-26,2.1292409042720672,2.286030142855311,4.081027643330581,4.786542744571509
2024-02-27,2.2176765691851896,2.375770019312573,4.171153397747052,4.878476426885192
2024-02-28,2.810870689231293,3.0848840218825613,4.891088887737238,5.604925626617541
2024-02-29,2.2342595574847968,2.624308690772126,5.33983782790699,6.057389636664712
2024-03-01,1.61980241671984,2.007507243155082,4.737827756172885,5.451278804717097
2024-03-04,1.7525487033237086,2.1407599898659813,4.8783881370964455,5.592796652043219
2024-03-05,1.717874870132441,2.1059538673751987,4.838398450124881,5.55297609263099
2024-03-06,0.6118237177482388,0.9969329589863074,3.7222301579550976,4.429803627356788
2024-03-07,-0.8884073480880827,-0.3889885041700625,2.165242223041464,2.984937653022368
2024-03-08,-0.7013735604558202,-0.2010122617200238,2.358038562057563,3.179280841774923
2024-03-11,-1.0160511826431406,-0.5172755302487508,2.033665654381167,2.852305415039736
2024-03-12,-1.4332965466902214,-0.8207972078937309,1.6035648705704952,2.538503149816096
2024-03-13,-1.634611365514127,-1.023363008936784,1.3960474987079865,2.3290762392990105
2024-03-14,-0.4318003217157029,0.1875332725298273,2.635917410493182,3.580986808004916
2024-03-15,-0.0201707677759621,0.6017232424654573,3.0602293598744668,4.009205813010341
2024-03-18,0.3123905908190005,0.9375075611878224,3.403037005738918,4.356363487741244
2024-03-19,0.8271678021661177,1.45571109596756,3.9336746141253274,4.892119102702552
2024-03-20,-0.1444959824971059,0.477990087155411,2.932073658441769,3.881281690025684
2024-03-21,1.1767488260908676,1.9027199382516848,4.294026304883492,5.354268588604572
2024-03-22,0.1393398701497794,0.8578672865776404,3.224654554998408,4.274025716121033
2024-03-25,0.4457608588102957,1.166486930448052,3.540516440486141,4.593098620865344
2024-03-26,0.1930779128070048,0.9119909145303362,3.280048278353731,4.32998256633832
2024-03-27,0.2339960975016319,0.9533964654869552,3.3222271611544008,4.372790565370965
2024-03-28,-0.144513582089778,0.5721701427067627,2.932055516601828,3.9786517197388793
2024-03-29,-0.0361426467637704,0.6817418238118433,3.043765383846164,4.0919347050001775
2024-04-01,-1.051188702944228,-0.3395370894713978,1.9974455394922372,3.0360640373760184
2024-04-02,-0.6792926648461428,0.0372171876219518,2.380799774828968,3.4255793645905586
2024-04-03,0.3609598033091243,1.0859545882242694,3.3673505298816853,4.509838566395219
2024-04-04,0.456847410992145,1.1825348757665166,3.173432628226136,4.4059062532238125
2024-04-05,0.1842565217472058,0.90797482467313,2.792784625933886,4.114259881361848
2024-04-08,0.4529697664553689,1.1789378305295806,2.5141923225372453,3.832086073323304
2024-04-09,0.7079215523596138,1.4357321389085298,2.1578284204992304,3.560267837744613
2024-04-10,-1.7965765602070085,-1.0042025737693638,-0.5006216109803896,0.9514459418866528
2024-04-11,-1.896754571176551,-1.105188891080222,-0.6021216348143787,0.8484646536105034
2024-04-12,-0.7644918764728281,0.1110191610414368,0.620273136721261,2.0886987304089333
2024-04-15,-1.1558640919284269,-0.2838059585297037,0.938688519190256,2.4897449757318224
2024-04-16,-1.6487913168566903,-0.7810820625464787,0.4320431953071413,1.975314376328341
2024-04-17,-1.072995231660645,-0.2002059829262603,0.9521118329467004,2.579120308587401
2024-04-18,-1.3825975380507003,-0.5125397736570503,1.275733992528738,2.9079581688317147
2024-04-19,-1.3632065496086088,-0.4921429088386331,1.183577110840739,2.889609470273236
2024-04-22,-1.1821342740469198,-0.3086605576794521,1.296755477821776,3.0823947263372453
2024-04-23,-0.5475338966927978,0.3322793435345916,0.6268133776214269,2.401052570052098
2024-04-24,-0.9168837092193738,-0.0403379481010435,1.0012619516061472,2.7821033737330136
2024-04-25,-0.5305429601638156,0.3505600001199926,0.5965014744038433,2.3702062112070488
2024-04-26,-1.3429033168873783,-0.4669668439319485,1.3970610821438134,3.186912290546906
2024-04-29,-0.6681167208414718,0.2946520031070987,0.6204413141018827,2.398062435076609
2024-04-30,1.011987666309766,1.99344704033162,2.2809826958637203,4.089720005979736
2024-05-01,-0.0051612219302388,0.9671749948476638,1.255738592112854,3.047120828400951
2024-05-02,-0.6391695720353252,0.3270016337472148,0.6034912716740948,2.3836395336654714
2024-05-03,-1.2307858148506323,-0.2700226115066484,0.0176616338815716,1.7874438181319396
2024-05-06,-1.3138213501161622,-0.3538658628961855,-0.0669613566546933,1.701673775056256
2024-05-07,-0.737315484563883,0.2282478798342646,0.5250621008134226,2.304174983425278
2024-05-08,-0.582811543269901,0.3842547358045678,0.6808704979422098,2.462740909082361
2024-05-09,-1.2189066809956683,-0.1718357259322789,0.1128848017969419,1.8847028871982865
2024-05-10,-1.3232143115618489,-0.2772490082652901,0.2139719651667482,1.9875791116326536
2024-05-13,-1.331000607607702,-0.1946912535686684,0.1349411790640964,1.9076967694263924
2024-05-14,-1.705337552689734,-0.5733392038790752,-0.2316585949441951,1.5346068353286668
2024-05-15,-2.993840237462808,-1.8763654083240544,-1.4999044738503886,0.2439083545103804
2024-05-16,-2.6172832521491385,-1.4954706267935824,-1.128053149976893,0.6223428101600481
2024-05-17,-2.6529715628787365,-1.5315700535701635,-1.1675816917757098,0.5821144682452317
2024-05-20,-2.4240431551468045,-1.300004475848804,-0.9350900885232716,0.8187220252748872
2024-05-21,-2.32789713520738,-1.2027508895706365,-0.8340144646825087,0.921587058238016
2024-05-22,-1.814407864709,-0.6833464139325063,-0.3279047223085363,1.4366567986363157
2024-05-23,-1.691739318443941,-0.5588264338719062,-0.2015601116060472,1.5656082887023135
2024-05-24,-2.267152600086386,-1.140290745787942,-0.7739104405988129,0.9834758817722776
2024-05-27,-2.727705394750424,-1.6061537241824686,-1.2279673891674725,0.5220839520384102
2024-05-28,-2.679122782981125,-1.5570109538437515,-1.1810118261411209,0.5698714777558012
2024-05-29,-1.8050739302745256,-0.6722368749864316,-0.3019969269961065,1.464460838238968
2024-05-30,-2.588389029032978,-1.463246021977982,-1.073917552912984,0.6800350532161881
2024-05-31,-3.004427769731677,-1.8833527938597827,-1.4871946389948931,0.2601840142335332
2024-06-03,-3.914264902917308,-2.8022295248005813,-2.415063645477167,-0.6841431419174926
2024-06-04,-3.580051934201467,-2.4638932821935744,-2.081280303629618,-0.3444392917237415
2024-06-05,-3.41063319893039,-2.2925133533004405,-1.9150855899252472,-0.1750631624202192
2024-06-06,-3.8546060854792503,-2.6479266082280573,-2.3666479218567127,-0.5383391363177337
2024-06-07,-5.538079451410161,-4.348198703185979,-4.076174932544696,-2.2754555694124323
2024-06-10,-5.511645286822898,-4.238090339666211,-4.049331669513978,-2.1629611938012827
2024-06-11,-5.4063614545379775,-4.13138744631425,-3.9424184514481375,-2.053946083778535
2024-06-12,-6.376451039880537,-5.029996296518147,-4.9275212647695525,-2.972027492773333
2024-06-13,-7.047263311543195,-5.625983569498216,-5.608715111203921,-3.5809296143097025
2024-06-14,-6.709421180066588,-5.28297571407863,-5.350106916295849,-3.2304888912649155
2024-06-17,-6.86413292768745,-5.440053058244398,-5.193853674119997,-3.070736467232704
2024-06-18,-7.193672283313002,-5.774631185476286,-4.851168332266731,-2.720376927302281
2024-06-19,-7.249751007937499,-5.830788625512628,-4.886524839607597,-2.6631140038501977
2024-06-20,-6.713648562320795,-5.285133151805721,-4.320793809864698,-2.084158218103649
2024-06-21,-6.4625297045659895,-5.0291275673225,-4.058795727090825,-1.8160355628104248
2024-06-24,-6.889658769620832,-5.462587906288952,-4.500816977445032,-2.2683896796277248
2024-06-25,-6.666718787703029,-5.236230998299751,-4.273531793826257,-2.035430423380113
2024-06-26,-5.935381643657589,-4.493684895982342,-3.516865768006927,-1.2608256171111054
2024-06-27,-5.990336719161526,-4.549482249433156,-3.574935750814223,-1.32025343529365
2024-06-28,-6.127762275767578,-4.688724733557493,-3.720943415057232,-1.469675158952255
2024-07-01,-5.843090341203738,-4.39910215332382,-3.4212382805917763,-1.1608530920419802
2024-07-02,-6.118732382677983,-4.67726889033907,-3.701118920737045,-1.4467808889577327
2024-07-03,-6.830000257426394,-5.399457651657769,-4.422334967058528,-2.1848804623163964
2024-07-04,-7.140126958909921,-5.714346073232357,-4.7334515478366646,-2.50289062135658
2024-07-05,-7.547227942043011,-6.127697730432535,-5.150184042172734,-2.9287980418330584
2024-07-08,-7.343480671531743,-5.8118304201262845,-4.940962853467312,-2.5941517884856324
2024-07-09,-7.445966480874078,-5.916010361913715,-4.910579440939911,-2.5630182723294648
2024-07-10,-7.590864918876594,-5.947417639936048,-5.154203338362928,-2.8083561348374864
2024-07-11,-8.418309788119927,-6.675127940526382,-4.913998156504295,-2.5404909159798983
2024-07-12,-7.910236392651049,-6.157383787527504,-4.427624628067505,-2.041131518156547
2024-07-15,-8.590822793158448,-6.850924588159413,-5.198829340761401,-2.82215710510465
2024-07-16,-8.732423488948161,-6.874912637502872,-5.297047245864295,-2.8981031205702945
2024-07-17,-9.51570909201176,-7.67188945319095,-5.257914799147012,-2.776402075375184
2024-07-18,-8.703062509696657,-6.842683380683045,-4.759412631774895,-2.217105631946581
2024-07-19,-8.2621065645072,-6.279009144394876,-4.870791484850534,-2.279353026468034
2024-07-22,-8.54780568772756,-6.570884223623919,-5.220463195107595,-2.637836150751205
2024-07-23,-9.017814082347108,-7.0510527865217725,-5.647321630928726,-3.075246183557445
2024-07-24,-9.09568773946232,-7.130609837954616,-5.70711845994164,-3.1342387666010385
2024-07-25,-9.487275902690785,-7.529271511445268,-6.146612636306214,-3.583548547616766
2024-07-26,-9.454191713370363,-7.4927094604719695,-6.104078043207628,-3.539852367375085
2024-07-29,-9.760111261745674,-7.80525610485877,-6.428318287894608,-3.8729473646779256
2024-07-30,-9.54649065307861,-7.586616543698421,-6.220400437235152,-3.659351436845215
2024-07-31,-8.791991546318101,-6.8150572892230254,-5.450554788385187,-2.8679027104706267
2024-08-01,-9.55962897748569,-7.596948150048288,-6.251334294582356,-3.688243002906944
2024-08-02,-8.36255944122618,-6.37100314753678,-4.987332797914146,-2.3863780919929467
2024-08-05,-8.01151816997554,-6.012021913515186,-4.6277397095566775,-2.0147974081407005
2024-08-06,-7.857447858342881,-5.854602671611997,-4.460929274735371,-1.8434168180128552
2024-08-07,-7.810557268717522,-5.805168561884699,-4.403457256479538,-1.7831673956520189
2024-08-08,-7.43755554271538,-5.42045161813498,-4.022071198601274,-1.386955299292647
2024-08-09,-7.416470486172367,-5.398907079881521,-3.998008412107201,-1.361859516478392
2024-08-12,-7.385742126030426,-5.366749277229809,-3.9612327390091018,-1.3232196474101343
2024-08-13,-6.320433519731217,-4.278216919995714,-2.845651752842904,-0.1769956476966316
2024-08-14,-6.762126105268451,-4.726121099008762,-3.308473700041592,-0.6504562830564886
2024-08-15,-7.222811602296919,-5.196866434803182,-3.786950122851429,-1.1420858612059104
2024-08-16,-5.916929907330348,-3.861513211785217,-2.4239507648907037,0.259222843726925
2024-08-19,-4.713288053633336,-2.6269762781418127,-1.1668610910736676,1.5564591941978456
2024-08-20,-3.922328671264685,-1.8182227864233849,-0.3385223253632663,2.4081183138208617
2024-08-21,-3.580664392386501,-1.4690760424741156,0.0179919504583958,2.7744580168915345
2024-08-22,-4.181654759169639,-2.081846819527222,-0.6091108031748171,2.1304950889400764
2024-08-23,-2.42021231536238,-0.2786977289679582,1.2091781696537574,4.004014857227367
2024-08-26,-2.7150086692710795,-0.5784881378206763,0.7869093905307878,3.70327187035675
2024-08-27,-1.919370709368884,0.2355266952020374,-0.1451809674541393,2.871584457813348
2024-08-28,-2.5954948350283003,-0.4550148689217992,-0.8158807298318194,2.180621839086028
2024-08-29,-2.8657266080007626,-0.7311850293977296,-1.0959869903312105,1.8920531439213573
2024-08-30,-3.402282774504584,-1.2795321056048192,-1.6424115679647855,1.329698684618985
2024-09-02,-3.313082338172524,-1.188371475063943,-1.5473303111241954,1.427653049501254
2024-09-03,-3.997205067725373,-1.8875279137300027,-2.261644433542842,0.693515325241334
2024-09-04,-3.386306963282071,-1.262603454475586,-1.603546245450349,1.3715113852747596
2024-09-05,-3.0807485297504766,-0.9503284210807704,-1.2675169907763515,1.7177006239737835
2024-09-06,-3.8333660064374775,-1.7176397678282274,-2.0572743581276365,0.9164315139549072
2024-09-09,-4.47990700357781,-2.378405072248335,-2.730779539078254,0.2433325629244143
2024-09-10,-4.6421653284466124,-2.544233181990563,-2.937095738682949,0.0573518548780294
2024-09-11,-4.716858169122851,-2.6194417603359166,-3.028742134036888,-0.0368394343996825
2024-09-12,-3.915679211625911,-1.8004498122579982,-2.272095396019358,0.752028605213062
2024-09-13,-3.8160433265302496,-1.698620512548421,-2.178433641280997,0.8512337941555037
2024-09-16,-3.0505234169814988,-0.9162482153760364,-1.3690085564321277,1.6865951809447832
2024-09-17,-3.485074103549912,-1.3603652326444338,-1.809631079523566,1.2329657981824171
2024-09-18,-3.311095457796698,-1.1825565681811925,-1.6427195945681097,1.4056402485974395
2024-09-19,-2.602081360956321,-0.4574448629801275,-0.9154810810522164,2.155417863152609
2024-09-20,-2.710693662814345,-0.5679986104278778,-1.026591109402364,2.04086423258818
2024-09-23,-2.560588440055589,-0.4138622447757423,-0.8821918069285561,2.189738862493029
2024-09-24,-1.1753706913455009,1.0037411778199168,0.5066777774402231,3.622932308148874
2024-09-25,-2.518387490957308,-0.3666725590925623,-0.8410083903211629,2.2357234341436216
2024-09-26,-1.677083451660888,0.4936012237254594,-0.0016590367924451,3.101116344851817
2024-09-27,-1.6391718549019552,0.5324856202761463,0.0294903677753755,3.1332322615108765
2024-09-30,-2.037441001660123,0.1254232965388846,-0.3729989627083152,2.718931058913876
2024-10-01,-2.673271563763091,-0.5230126107322652,-1.052221856307256,2.018628441603232
2024-10-02,-3.1249232499910407,-0.8855600076983161,-1.5103072178871302,1.647670297857018
2024-10-03,-2.2516472695731204,0.0084055561283102,-0.6179386906148832,2.569179958456358
2024-10-04,-1.4914270006141206,0.7862029802927273,0.1530430826191864,3.3648866202185435
2024-10-07,-1.2466071787805344,1.036683314192932,0.4037190448493266,3.6236015989831616
2024-10-08,-1.0785589858003708,1.2086169720713746,0.5763604646852771,3.8017795178765024
2024-10-09,-0.1850057841611074,2.123169714068651,1.4857150043091183,4.7406665403075365
2024-10-10,-0.2706710765990938,2.0359036055252133,1.3970913416614603,4.6499960479324365
2024-10-11,-0.2965118512956888,2.011577286558608,1.3725214209837633,4.624637903356521
2024-10-14,0.3368658893904142,2.65971178475497,2.011357095978905,5.283967968735337
2024-10-15,0.3166053401012281,2.638982194168382,1.9907540401599144,5.26502056768936
2024-10-16,0.9256331390744332,3.2621092747014524,2.6112191795877093,5.905404848382934
2024-10-17,1.197196993690297,3.5402746526387308,2.887069518736518,6.190432714116967
2024-10-18,0.9064498650544596,3.242795686345845,2.593160400959049,5.887087147551573
2024-10-21,1.697207892541153,4.053231505522503,3.397283196288803,6.718346553063714
2024-10-22,1.5652989787902527,3.9195507033935817,3.260758876607928,6.578671957025373
2024-10-23,2.2441889911815505,4.614177173005585,3.95329324813225,7.293458429685851
2024-10-24,1.874513194021099,4.235932406996912,3.434347633379664,6.90816281415414
2024-10-25,2.4920724466573896,4.86780648910925,2.633880629770391,6.232813938641568
2024-10-28,2.53374287555106,4.91114432602664,2.677886484271008,6.278362891138456
2024-10-29,2.6125869651391964,4.993477561320425,2.758529128946341,6.361833330088507
2024-10-30,2.5636095713788443,4.9433637590581725,2.7140471866007543,6.315791595372522
2024-10-31,2.549632937307722,4.933139303745238,2.5623387092191585,6.309595358120768
2024-11-01,3.1318413667552614,5.67419479303044,1.8213046196688956,5.541486564989451
2024-11-04,3.960052741107378,6.522822810752449,2.647363458021079,6.399612773435526
2024-11-05,5.027045794110263,7.617290273492516,3.6951620769413385,7.486809594470589
2024-11-06,2.134933904382974,4.791193056556398,0.8404518491129886,4.664955368992585
2024-11-07,0.494435047679076,3.114593611910688,-0.7865579187155691,2.9903700930206334
2024-11-08,1.528034914755394,4.17552263329215,0.1687554136005076,3.9860026930631065
2024-11-11,2.0008270852327703,4.660643531158071,0.5666661451650512,4.404500879123052
2024-11-12,2.621903511932877,5.297915407847342,1.171546479506258,5.057769167234127
2024-11-13,3.4205217524685194,6.117358753344315,1.9002858842126933,5.837900795063211
2024-11-14,4.034836201763459,6.747692324463039,2.266123339676751,6.254520211583303
2024-11-15,3.935377737641432,6.646939032188759,2.1262165749371453,6.130942719145027
2024-11-18,3.1168674806302032,5.807074730189066,1.3422774595855946,5.318688835355112
2024-11-19,2.8258627562143923,5.5093264975092815,1.038130946195559,5.009470053685017
2024-11-20,3.4063118052449326,6.104923622471215,1.651066053719319,5.648269598373901
2024-11-21,3.730665727456195,6.437742263249091,1.9494251023241649,5.959793307606387
2024-11-22,4.167761301769746,6.886682883042039,2.407336625297241,6.43717782050095
2024-11-25,3.732246821223506,6.442367588053299,1.9726737121265487,5.990641389808893
2024-11-26,4.074741282613625,6.793810099647479,2.2916419834049906,6.333534650998773
2024-11-27,3.1033977132727486,5.797411554386311,1.2342040910887642,5.300637777301143
2024-11-28,3.1335217125831427,5.82832267102642,1.0553626097796975,5.172977271516266
2024-11-29,2.584225706279053,5.400525984021387,0.6486914478639694,4.74973583469811
2024-12-02,1.5866500761070323,4.513782756565687,1.4111356906737038,5.60338058016423
2024-12-03,1.468539393163537,4.525925124039998,1.5309595701097578,5.732978940928812
2024-12-04,1.4030673207570787,4.458480288635824,1.6459179100118515,5.856551695567358
2024-12-05,2.1634160785437784,5.241739393377842,1.3731630431894404,5.586461610729909
2024-12-06,1.1581516260559257,4.208177850406258,2.3138737281496624,6.702264249514811
2024-12-09,1.2622450819934403,4.315731215526775,2.3157099638955625,6.71493149056861
2024-12-10,0.7133788864580382,3.751169734631432,1.8133117829195025,6.190931926056331
2024-12-11,0.5615969650675012,3.597504535355678,1.6035358671971034,5.975435836483878
2024-12-12,-0.1102334119002512,2.90539191358532,0.9701495156658524,5.315825611841363
2024-12-13,-0.2057362283072294,2.807005911826632,0.9814318912820807,5.337658411142754
2024-12-16,-0.0274152854218501,2.9918351971109702,1.0120412559113443,5.48894764491914
2024-12-17,-0.5531431383501539,2.5794850895873638,1.4291243062495962,5.934040414891117
2024-12-18,1.6106230636173446,4.818918145968509,3.7540052177953855,8.373652493182426
2024-12-19,1.6101068595701928,4.818385643085121,3.7583175369556354,8.385019738442324
2024-12-20,0.8985533691133529,4.084365273719048,3.016979082208082,7.615231062362215
2024-12-23,1.2816865224740903,4.479595628875743,3.386129547468464,8.00687938476996
2024-12-24,1.3769760339771508,4.578566001121631,3.4741458356706056,8.101221169694583
2024-12-25,1.3769760339771508,4.578566001121631,3.464858420404493,8.101221169694583
2024-12-26,1.5780423037968117,4.785982152121115,3.8082118486713057,8.477324445876032
2024-12-27,1.4682288774707342,4.673342413716841,3.645989444200004,8.327768236211197
2024-12-30,1.3735507565535432,4.577179605275328,3.270054036468561,7.937574215901799
2024-12-31,1.998477702340451,5.221855627393546,3.8250679576159454,8.51767322779493
2025-01-01,1.9973228193312709,5.221855627393546,3.812652197388733,8.51767322779493
2025-01-02,2.678409330972875,5.926252041183089,4.2728940555936346,9.029137292036872
2025-01-03,2.404525498453558,5.644121325298968,4.040399000673345,8.78751532156894
2025-01-06,1.409175803857754,4.618391553282431,3.0841269622445155,7.795279900315877
2025-01-07,2.0250159886474384,5.254142385076155,3.7422600985249854,8.483491051029791
2025-01-08,2.505822308208261,5.751100337350934,4.254683503398526,9.02001347050132
2025-01-09,2.7528312618256834,6.007327729692347,4.521998053181653,9.299546579603968
2025-01-10,3.552092888856029,6.83190441724344,5.392191707200578,10.210048370899782
2025-01-13,3.2841052529150483,6.558392855225459,5.1006625932088046,9.912738101035146
2025-01-14,2.731471460228607,5.988239600356726,4.630865343657287,9.42918518561311
2025-01-15,2.45073461730998,5.700055239196988,4.205686310362666,8.988584183792515
2025-01-16,2.541530787966173,5.793731095106813,4.32402726374308,9.13577110901187
2025-01-17,3.3877845847889443,6.666824620542933,5.261740920197422,10.119592211406992
2025-01-20,1.3088089186861884,4.5273121243586845,3.128512485615187,7.9313797634453564
2025-01-21,1.2013410742863329,4.416430108916836,3.0483179287957185,7.863250720010417
2025-01-22,1.5432124792934545,4.769162506414992,3.4007835014626453,8.237101508994705
2025-01-23,1.428554630005685,4.650862065141115,3.3430229256616206,8.181994068851516
2025-01-24,0.6406543063368852,3.8392094833624713,2.61489496596361,7.420451625750046
2025-01-27,0.5188326438568369,3.8426108141615063,2.477951739685213,7.425005015656372
2025-01-28,-0.2521439605704945,3.178949409420606,2.463524423899588,7.518928583364404
2025-01-29,-0.1858146189643639,3.380433977493213,2.629376474417966,7.760825841196883
2025-01-30,-0.7981458838385747,2.8808700386231845,2.601048649212645,7.830386167634251
2025-01-31,-0.4462182596060238,3.2458493073501016,2.9809589893074806,8.23375398240569
2025-02-03,-0.8216989894499149,2.857591022110073,2.61673853534361,7.900524989117996
2025-02-04,-1.627045414738193,2.022368071128011,1.8585256145621896,7.140302531781484
2025-02-05,-2.188776287296945,1.4397982573136403,1.3842757333342393,6.664475450534879
2025-02-06,-2.053819057571682,1.5801468185733247,1.6498819453907745,6.959907419942635
2025-02-07,-1.641521781641497,2.0087611666689265,2.008277809572956,7.344009951400654
2025-02-10,-1.4445855431986176,2.2135565205440466,2.195415509772336,7.548233002103166
2025-02-11,-1.8006373003796372,1.8460856950504037,1.8471992921663016,7.182408403557883
2025-02-12,-1.445722423783502,2.214526808039996,2.288853203804875,7.6522535175785
2025-02-13,-2.91555539538958,0.6939158270437673,0.6440830937317843,5.931047304577808
2025-02-14,-3.396867128908554,0.194709559974826,0.1266291538378317,5.386410838132005
2025-02-17,-3.513088959080546,0.0741667559008618,-0.0111837908182921,5.24135840076263
2025-02-18,-3.114724029655025,0.4878622716815162,0.397615045352917,5.671969955746969
2025-02-19,-2.960192731681577,0.6481396681372376,0.5574901642517505,5.840244060199717
2025-02-20,-4.069159614273543,-0.5020630870870568,-0.6088090942811375,4.613451335180918
2025-02-21,-3.5921606795025984,-0.0073274032492576,-0.1180432524047647,5.130697784795135
2025-02-24,-3.5075059104939466,0.0804751723597174,-0.0359287324915191,5.221330956396608
2025-02-25,-3.852358841170178,-0.1559199461860672,-0.2844968345869114,4.963976309528784
2025-02-26,-4.30805942134741,-0.6291401381679385,0.1003439947391937,5.501259170025463
2025-02-27,-5.528378619942032,-1.8957870747644436,-1.260047927861152,4.206956820950403
2025-02-28,-5.989925638627625,-2.3746485348941304,-0.8814464759273277,4.7402758745880735
2025-03-03,-4.964741158752995,-1.30580298071713,0.1971921796774189,5.886957616846922
2025-03-04,-3.8861639139181503,-0.1851411419521387,1.3252629132838978,7.080404809957375
2025-03-05,-2.721681074490123,1.0289024197996932,2.5801972698909825,8.413430314141944
2025-03-06,-2.354137906878784,1.4106162818998902,2.942787536793978,8.797763760285271
2025-03-07,-2.3434951256157577,1.4216693975537489,2.9536401420650726,8.812128586851497
2025-03-10,-2.635312681447255,1.2437181825756705,2.6049753369787654,8.583937390028895
2025-03-11,-3.085699039654688,0.7753883313798005,2.215607519907814,8.173968440223401
2025-03-12,-3.215320696091828,0.6406025192327025,1.9522032510060017,8.045221993199103
2025-03-13,-2.7308374342701947,1.1443877022894844,1.297307805506831,7.503435256915125
2025-03-14,-3.0404497401203545,0.8239595847602921,0.8190609760764467,7.153895568906021
2025-03-17,-3.9053977837595233,-0.0754617343470265,1.566668865241505,8.110146001113039
2025-03-18,-3.973157946934746,-0.1453697716205515,1.4783341726777532,8.02298312264822
2025-03-19,-3.806463605999566,0.0279692804545872,1.6676754173934103,8.225833895125213
2025-03-20,-3.261985559539604,0.5941511191396964,2.258250540957607,8.855181118605127
2025-03-21,-2.869967583987276,1.0017955772384513,2.678687634335919,9.302741640192046
2025-03-24,-2.854307765100117,1.0216515639168922,2.6991849576829097,9.328107889765302
2025-03-25,-3.1546441394047164,0.7093322437394578,2.371939169755488,8.98159017728406
2025-03-26,-2.821658083473744,1.0578652343920192,2.699564163173496,9.332981773274753
2025-03-27,-3.1105920189465563,0.759311604988544,2.350829927356335,8.961722614007694
2025-03-28,-3.134152868527273,0.7348097008686771,2.321266371203068,8.933140821117313
2025-03-31,-2.699439306054685,1.3717158969258847,2.783101115905895,9.621766008731017
2025-04-01,-2.2816875274651927,1.8069468381720852,3.1699177606188567,10.081291311478658
2025-04-02,-1.4680564599555912,2.6546210636057,3.8682694096126458,10.835890912371893
2025-04-03,0.8071447049163405,5.0389071393348805,6.029666858161065,13.295830487148708
2025-04-04,-2.246479709287208,1.8867918957765408,9.074613775563378,16.69270858325047
2025-04-07,-2.995091530639904,1.1069829361857852,8.137653957389613,15.75267977847541
2025-04-08,-2.5481385971614423,1.5728362969232856,7.707833038319745,15.462473119100828
2025-04-09,-1.948366868304574,2.201600654044733,7.053735840699216,14.770241794216489
2025-04-10,-0.0048334112318748,4.355780169888024,4.790547644903564,12.356034552519793
2025-04-11,-1.1949481377958149,3.2341561982844214,3.614480840776935,11.122424839802305
2025-04-14,-0.9909267122447885,3.5792779091354587,3.1409617380222965,10.752155487200987
2025-04-15,-0.5955997711688421,3.992852925393464,2.371579140083524,10.011082333242303
2025-04-16,-1.383026658425046,3.1690788440909223,2.641797954211777,10.303227492296616
2025-04-17,-1.5377610359694094,3.007202012387,2.669754700074667,10.52003534364636
2025-04-18,-1.5953336169515997,2.947945401080609,2.6871719288146245,10.618040483791004
2025-04-21,-2.3055070310739945,2.204983745402811,1.8991609312208,9.804809313959396
2025-04-22,-1.8908366169271276,2.6387992210720634,2.2764352932016063,10.243882943115889
2025-04-23,-1.0124937777653775,3.5623116312982983,3.205471771210111,11.248922498838576
2025-04-24,-1.6665117817610042,2.878067539016471,2.501141822687347,10.494997585058208
2025-04-25,-1.3044293477525448,3.2573743480552864,2.874601036086521,10.897582123619175
2025-04-28,-2.0447880400716767,2.484301520474297,2.072970770239446,10.07673723007212
2025-04-29,-1.7125838317445077,2.831865632392105,2.3196555395089247,10.360512594852668
2025-04-30,-1.66885874156133,3.066490641925279,2.3717862220483,10.672239457950017
2025-05-01,-2.2815923483092027,2.4248306202977687,1.8476435210077249,10.144552692115006
2025-05-02,-1.9483550557463647,2.7741176591203454,2.4136075428498494,10.986176681079218
2025-05-05,-1.7145777489519065,3.019154409377678,2.1302600209954115,10.90136650643787
2025-05-06,-1.317279179082187,3.627611147515841,2.213904204522432,11.26526924075215
2025-05-07,-0.7309940146858263,4.433092050400411,2.70353814969313,11.897501763939776
2025-05-08,-1.68369003208092,3.616119409815033,3.5834762368025297,12.891038975124223
2025-05-09,-1.8798591233770925,3.409375686470528,3.419876812304934,12.713484000518172
2025-05-12,-0.8038298636946051,4.54390578993189,4.531728671690849,13.938129088627814
2025-05-13,-1.6980199242928151,3.603192637568764,3.5566616581767407,12.88110770888451
2025-05-14,-1.3873183297438365,3.930649695179067,3.8963505711312902,13.256576155087885
2025-05-15,-1.5576961813938528,3.75108373555062,3.7168205676521904,13.062198458646158
2025-05-16,-1.446644132494479,3.870164197199588,3.8377309010253047,13.195368210524272
2025-05-19,-2.001049305093605,3.285849682460329,3.2256189170394967,12.53893017617962
2025-05-20,-2.275153539930308,2.997546959975028,2.8917619834233577,12.1833607397688
2025-05-21,-2.7204968223468184,2.528175379404196,2.4008317927883605,11.653869254417891
2025-05-22,-2.4525307424166365,2.810752188627097,2.71612265449519,11.999821553507427
2025-05-23,-3.5380728081730872,1.6666384851940386,1.595662151969246,10.778444567627863
2025-05-26,-3.6045657528219976,1.5971280748764638,1.4697473830863617,10.669172488534072
2025-05-27,-2.872389530615138,2.3688140162477778,2.2582331949199563,11.529143805749742
2025-05-28,-2.6349871898448174,2.6190270705162,2.474429868874384,11.79821785326858
2025-05-29,-3.0484899611381344,2.1843112909933016,1.894614503713421,11.302880782336633
2025-05-30,-3.0326270492327945,2.202228828537267,1.919320581767936,11.34405088258783
2025-06-02,-3.8022642117729655,1.391042230331574,2.6746266432994936,12.272968408724116
2025-06-03,-3.2773982489764486,1.9442434731998803,2.080196175911686,11.650158760961403
2025-06-04,-3.757187602159162,1.438552334301324,2.3477962112441686,11.977836079331292
2025-06-05,-3.8292926021773366,1.3625546921327558,2.172169735375107,11.831146125496003
2025-06-06,-3.409896823991565,1.8045918638897709,1.7413112433897204,11.364599803620967
2025-06-09,-3.6284113271371488,1.5742806924798014,1.974431686070921,11.622145947713848
2025-06-10,-3.5742912430839047,1.6316501908012926,2.02538399747787,11.70646292657336
2025-06-11,-3.754855982282024,1.4416680276140958,2.005584147548345,11.720798990998604
2025-06-12,-4.598101388506926,0.5536408287988515,2.945002452837131,12.770011957650752
2025-06-13,-4.451266117484753,0.841862991641662,2.646466576449935,12.445828526600188
2025-06-16,-4.466522236517767,0.9604747714922146,2.766993464323453,12.580316172542606
2025-06-17,-3.660686717765949,1.95077319198016,1.8142180141093256,11.538314790247206
2025-06-18,-3.917223860649166,1.8179746747812864,1.680801110726482,11.393714100268417
2025-06-19,-3.837049169606877,1.9029350078410223,1.4477473418818445,11.282048977837311
2025-06-20,-3.534037313428784,2.224033697305972,1.5522470280840972,11.542838935890789
2025-06-23,-4.000391697010308,1.8719133144228683,1.8842325268763505,11.910054737566034
2025-06-24,-3.5099498478356583,2.392355537345248,2.413606366088916,12.491521112230885
2025-06-25,-3.271514507300466,2.645375989943699,2.516992054656076,12.770842875074528
2025-06-26,-2.6698184740567843,3.2838778257717527,1.7164509962450891,12.0507746569106
2025-06-27,-2.8163050687258,3.1284306324170785,1.559214048589741,11.880505429549238
2025-06-30,-2.192610535181694,3.790276618864774,2.256629527669385,12.651538029469569
2025-07-01,-2.199904172989098,3.786321285025807,2.241747203332345,12.638885855915994
2025-07-02,-2.3056497370564366,3.6749894193967902,2.1284023074122915,12.51401472310465
2025-07-03,-2.722987582752689,3.384368576453478,1.6823256952379628,12.18713578986983
2025-07-04,-2.684815863339851,3.4249368362191834,1.674692654030463,12.231020561531402
2025-07-07,-1.834439595995363,4.328702394671136,2.184711994896893,12.86283228323899
2025-07-08,-2.017308947808616,4.134351930985991,2.2131195752143284,12.965838818364684
2025-07-09,-1.9872457490761164,4.167955001214252,2.213884550954925,13.008488476541768
2025-07-10,-2.181989587776933,3.961796947651908,1.8974873479763232,12.844404365160075
2025-07-11,-1.6343618378294789,4.544800636559754,1.4292570912823654,12.510584529864175
2025-07-14,-1.1880655827395836,5.021324019054152,1.891615589070739,13.02629889987925
2025-07-15,-0.416974443797502,5.840870896955486,2.663892600250461,13.886762284257935
2025-07-16,-0.7959007489017789,5.43813268013591,2.2627760577988987,13.441797037359128
2025-07-17,-0.1802137238688828,6.09250977468061,2.896000342490757,14.144243260240264
2025-07-18,-0.6707536460548225,5.573413848197983,2.4030625386948445,13.602829005729888
2025-07-21,-1.3683993261644267,4.832381318847934,1.495282391330277,12.753114473188054
2025-07-22,-2.179729040272316,3.970044852810717,2.345025162747838,13.740561887220217
2025-07-23,-2.4611971365315237,3.6708813940961695,2.336010776359143,13.907636595674354
2025-07-24,-1.9655832810863805,4.1976535475031,2.8682273236569467,14.500033432329328
2025-07-25,-1.5084421869944298,4.684725656549604,3.3594262630583405,15.046774602529789
2025-07-28,-0.4680521556817307,5.791160113202065,4.478744840516979,16.295250993487763
2025-07-29,-0.1636533546336305,6.116893834703729,4.758906446077482,16.658771000106466
2025-07-30,1.1428125953703685,7.645783855999544,5.990561395139693,18.06013781933622
2025-07-31,0.8054550825979057,7.423395685587608,6.17276599025347,18.293844210346236
2025-08-01,-0.6663583935800244,5.986935482026112,4.7258559355539465,16.71200150680012
2025-08-04,-0.7941390381921876,5.85059618430841,4.803033234346921,16.8257245109646
2025-08-05,-0.7799364858447344,5.865750013111892,4.773395330179775,16.806042716299707
2025-08-06,-0.212077718619541,6.471643540737371,3.989553868198392,16.07785175742913
2025-08-07,0.0280318650516475,6.7278354868054,4.212373155980664,16.328704507088034
2025-08-08,-0.1932506258678024,6.492349754963733,3.8291606593752414,16.04861770135613
2025-08-11,-0.4690545238919097,6.198736472264921,4.121831941085707,16.387031588976875
2025-08-12,-0.0037830074845812,6.695177523062079,3.6089430354611984,15.813726104932655
2025-08-13,0.3517643066552223,7.07532524621155,3.2056638767613777,15.36411248635745
2025-08-14,-0.4825897997773665,6.318773836994662,3.9424347585326425,16.18880565958609
2025-08-15,-0.7231126139697008,6.061812862695759,3.695851770448355,15.91349552536634
2025-08-18,-0.5095396854785883,6.289982102995184,3.9091867594923215,16.15521881881852
2025-08-19,0.0005705127055666,6.834954994508036,4.464486313237814,16.776917465209106
2025-08-20,0.1407142356983914,6.986064526720792,4.611644016891225,16.942547598596747
2025-08-21,0.55836329493264,7.432262954021729,5.069909524428451,17.45483030318089
2025-08-22,-0.9400985226152624,5.9616900014638485,3.589880661322975,15.80130205110988
2025-08-25,-1.6663328503521255,5.184856837323837,4.294595316214633,16.614495067439794
2025-08-26,-1.386235518946166,5.484469356194066,3.996203419472133,16.283829491721512
2025-08-27,-1.1263766358269756,5.762433355819985,3.7510560409118376,16.013580613591195
2025-08-28,-0.6895192399533623,6.229727864153145,3.3725372577326107,15.615650576037442
2025-08-29,-0.6071640710888615,6.317820954728548,3.2847654891510425,15.517925053036308
2025-09-01,-0.3748946213048998,6.566621252138738,3.017231218659222,15.219190252313863
2025-09-02,-1.2451504320789564,5.636797706476271,4.000835018024773,16.321386709733797
2025-09-03,-1.0471446067236712,5.84989177388231,3.764626526536907,16.057654594464886
2025-09-04,-1.4564931930934557,5.412011498544866,4.215824544244984,16.564404197957906
2025-09-05,-0.739228809994974,6.1816543611048935,3.306992835663536,15.684157061580928
2025-09-08,-0.1440718720157163,6.818308172288368,3.8182635166448486,16.39371046613478
2025-09-09,-0.5381268898937641,6.396777962458611,4.092680212844835,16.707944361496985
2025-09-10,-0.4882497460059976,6.450132752969684,3.942971091091052,16.548623797338568
2025-09-11,0.1601782752930436,7.143940678437377,3.218861759696967,15.74303350507682
2025-09-12,-0.0703309649541572,6.897934387600335,3.468690255280493,16.039883742142138
2025-09-15,0.3869471093972843,7.506807165605434,2.8583941140870595,15.35818278319474
2025-09-16,-0.4319556762818921,6.630867886468472,2.0916051385336365,14.500159998216922
2025-09-17,0.1873109254870275,7.294061942836949,2.6882019174432115,15.17111111762748
2025-09-18,1.0208100923410734,8.187389090513708,3.5626202817526487,16.153795392828417
2025-09-19,1.4986770971816998,8.69915675045383,4.099779606488307,16.75795737932624
2025-09-22,1.2390848245071195,8.421148583789307,3.820273051073864,16.450699364370315
2025-09-23,1.2045898379780209,8.384206467349298,3.787166544642151,16.41885543397543
2025-09-24,2.135161956708642,9.380794871202603,4.760292513338493,17.51132069046617
2025-09-25,3.156020744661281,10.47407502603157,5.870371661506724,18.7657252500266
2025-09-26,2.764353378850237,10.054622146369208,5.46886610348849,18.31604263879489
2025-09-29,2.469238147000108,9.739521856779376,5.136462231451744,17.94663878696756
2025-09-30,2.258143910750432,9.51416693925864,4.905785851779609,17.68991339745729
2025-10-01,2.017619119810665,9.256575014541134,4.66968270550141,17.42530622308953
2025-10-02,2.436522226885573,9.707715131932847,5.074069861335806,17.881330611534054
2025-10-03,2.140353377314219,9.390929830214922,4.784681992223039,17.557453295564287
2025-10-06,2.2905747062631487,9.55390250782644,5.030768513755879,17.846298307669063
2025-10-07,2.978096045649936,10.29166483089914,5.7746523805692895,18.682575534221147
2025-10-08,3.2804864143940016,10.615707799113297,6.06445334764596,19.023539568069857
2025-10-09,4.389004895715609,11.802955852223729,7.315860637024318,20.43016982412149
2025-10-10,4.202995022657308,11.604253761556937,7.118128227874854,20.213653618317817
2025-10-13,4.480577933587604,11.90217330278336,7.379642629749328,20.519013829898736
2025-10-14,4.617274284473116,12.049432896490831,7.545126385078116,20.70583909787833
2025-10-15,4.001251421979823,11.389646901627737,6.89701752141767,19.99423054450009
2025-10-16,3.7840581674545737,11.157023932190356,6.650881353612359,19.721058042770625
2025-10-17,3.729890259386992,11.099007859589772,6.625891505109149,19.693005662282424
2025-10-20,3.726401530353463,11.09728516833608,6.63583588024621,19.718978263639485
2025-10-21,4.060899108524274,11.458464478749695,7.028971140427598,20.16050308507313
2025-10-22,3.874457228138728,11.258768667159291,6.877721530257053,20.009261975107684
2025-10-23,3.750267561865184,11.125750505433206,6.771635277971133,19.890446733802204
2025-10-24,3.897055327939558,11.284354196464674,6.760802281992939,20.057953991080968
2025-10-27,3.56651094054663,10.930307408822992,6.958858930202738,20.45813234866045
2025-10-28,3.256828145189239,10.600886612396131,6.627411003262718,20.08990119968479
2025-10-29,3.908269500457995,11.299551043832334,7.391613108145112,20.95248323143455
2025-10-30,4.660682161349583,12.105484890671736,8.198426798898971,21.861177277249144
2025-10-31,5.152287922533305,12.632510984320744,8.701296134482494,22.43079781184836
2025-11-03,5.618074231842818,13.131431955382268,9.179558291175804,22.98131539739208
2025-11-04,6.839344206355635,14.440221379810914,10.459467668145251,24.42681832349807
2025-11-05,6.696037431429236,14.286719323338826,10.321388493878423,24.27437365677168
2025-11-06,6.433873537321122,14.006554382036796,10.118627970937675,24.04959750098961
2025-11-07,5.879950006894341,13.416915473792823,9.556544670056844,23.4330575390443
2025-11-10,5.408372437865405,13.082433466222444,9.01426628916666,23.00875967338152
2025-11-11,5.759543838766712,13.459171249561908,9.216599933807078,23.257169988557138
2025-11-12,5.90667574921282,13.61701482582609,9.343639851325758,23.414631021350708
2025-11-13,6.0317051287758,13.920677149234129,9.448045523468984,23.69646380044994
2025-11-14,6.145272654459899,14.042694327137518,9.570282152322209,23.86583514958396
2025-11-17,6.84382401588346,14.793219314170813,10.155739952394782,24.55611136355045
2025-11-18,6.64924690681723,14.584165277025573,10.019216952775434,24.451300753325533
2025-11-19,7.942921178486895,16.138740668165386,11.151341541579573,25.87754627917076
2025-11-20,7.269125868473902,15.577849932484613,10.394554047387585,25.14278174592983
2025-11-21,7.027889648236596,15.48350006277801,9.951951322178232,24.76330593203413
2025-11-24,7.014877621784676,15.46946003673886,9.983385171205384,24.83523167268842
2025-11-25,7.51927479220762,16.01370650234375,10.5300540497667,25.457128911037017
2025-11-26,8.54841284754495,17.125309603028427,11.550520140878495,26.63230542243791
2025-11-27,8.829225704337528,17.42831074260782,11.818693172873164,26.937668704985462
2025-11-28,9.262089775874236,17.89694382350746,12.201209327909645,27.373316957141803
2025-12-01,9.124214345644855,17.752925124295537,12.196657539056456,27.378096336385216
2025-12-02,9.403696561848228,18.054506663054013,12.23188296598725,27.420365362581165
2025-12-03,10.608458469661477,19.35583519636983,13.380436783162718,28.730095789297927
2025-12-04,10.072583575666494,18.777581087972877,12.961672482667977,28.25588672803296
2025-12-05,10.836773272135169,19.606789755627908,13.519950252927028,28.90265513557031
2025-12-08,10.416809811572936,19.154730736073923,13.02229343784196,28.34377395994194
2025-12-09,10.383059435350672,19.11990974219741,12.806009015675812,28.11421952337072
2025-12-10,11.690412534228912,20.709626610952792,14.306246396028266,29.828689951489217
2025-12-11,11.280517203075636,20.266631449144068,14.789297458427365,30.395882159209584
2025-12-12,11.583227993431432,20.59378671382499,14.438916381947188,30.014714569713654
2025-12-15,11.650039029126424,20.66599286822308,14.586277101021247,30.22657200220957
2025-12-16,11.443323591024402,20.624127443057528,14.64551211896643,30.297128037120768
2025-12-17,10.732071098404417,20.03896676206489,14.035814761312505,29.60613672178298
2025-12-18,10.389465914181573,19.85413189879841,14.203913707600746,29.803063508634043
2025-12-19,9.956769971198852,19.384999435866774,13.687609735116158,29.22050857454093
2025-12-22,10.968111628258814,20.670213211972825,14.903371999053604,30.60296025571343
2025-12-23,9.688533203628747,19.27875940550623,16.214858046495806,32.094892982882506
2025-12-24,9.718916232779716,19.311798866589932,16.184010563804428,32.059830384232015
2025-12-25,9.718916232779716,19.311798866589932,16.182827224825736,32.059830384232015
2025-12-26,9.769077902861987,19.366346243625365,16.118045836227736,31.98714632740174
2025-12-29,9.90292860400328,19.695951082495174,15.822334338653832,31.651021856653827
2025-12-30,9.29514220309824,19.22124171266224,15.385999379669624,31.15919217422265
2025-12-31,9.774773186744511,19.744432407889256,14.877815637555392,30.59068044014801
2026-01-01,9.774773186744511,19.744432407889256,14.87669126486142,30.59068044014801
2026-01-02,9.846513600246263,19.82268822975155,14.789654019382969,30.52126299785933
2026-01-05,9.430104703278008,19.37022166347173,14.809198971234297,30.787392719516472
2026-01-06,10.028639878014475,20.0235396950492,15.46367453455737,31.53439452311513
2026-01-07,10.596063527638355,20.644702008507743,16.091764058977255,32.25359019869178
2026-01-08,11.008156660008115,21.09733941230012,16.551908853284235,32.78239243735717
2026-01-09,11.703676600236523,21.856072975706866,17.265141039686817,33.60792142313838
2026-01-12,10.787953831556909,20.85712304028904,16.296212711948655,32.504424773027395
2026-01-13,11.74560460187486,21.90181168174472,17.317049330751153,33.67591711571312
2026-01-14,11.351046438583955,21.4713933660504,16.896385365340727,33.19811791157614
2026-01-15,12.013141738497524,22.193664428549774,17.401668983688513,34.02022887623455
2026-01-16,12.09811847371791,22.28636443237608,17.29871667191705,33.902703354609585
2026-01-19,10.7890410539889,21.093423620594407,18.449395246956858,35.21626394812414
2026-01-20,12.10285028199609,22.53413186663378,19.8907860879485,36.86628995310877
2026-01-21,11.990887835262566,22.413376656018347,19.75742897524741,36.71584163815995
2026-01-22,13.860857047059838,24.46727170876237,21.78457621243872,39.05514779436097
2026-01-23,15.972889236720578,26.7820992156268,24.34956764908014,41.99715665195392
2026-01-26,16.37614656127142,27.413151766013957,24.758188072016708,42.67939808401455
2026-01-27,13.131994329778584,23.882829529376306,21.25509099947367,38.74410816261531
2026-01-28,13.57451663548963,24.367404345599788,20.568560847808005,38.11071664072576
2026-01-29,13.03630861678089,23.778050886147085,20.722905740074204,38.29710687351437
2026-01-30,14.911606220151995,25.835571449393434,19.86035323319504,37.332895692959326
2026-02-02,15.69876319245136,26.697558768932737,19.86849298146818,37.44173004720104
2026-02-03,14.88543213332294,25.80764421481509,19.24430304716416,36.79322305234756
2026-02-04,15.533411277112098,26.517227040650184,19.050994593866257,36.67542638023955
2026-02-05,16.4681136032387,27.67777090587007,19.94865945066064,37.82852443959879
2026-02-06,17.357997617189724,28.653303210386373,20.389187429905675,38.347449605339264
2026-02-09,18.891273107515573,30.334690094287264,22.156138262855897,40.46738357565596
2026-02-10,18.923357122481256,30.369862231301493,22.543725272599737,41.00796940422633
2026-02-11,18.836644173434248,30.4083987464264,22.780880026220096,41.4600012314793
2026-02-12,19.0765626735502,30.67167938387105,23.012598535679896,41.72697195710485
2026-02-13,19.022416941516205,30.612261194619595,22.90404785069717,41.60629042350503
2026-02-16,19.18192038400932,30.92664864549004,23.123003853183487,41.89945185607262
2026-02-17,19.08582349283123,30.82108192977797,23.30783258303406,42.119829326780575
2026-02-18,17.829844388563345,29.59278652078774,24.555406793422296,43.57846237034664
2026-02-19,17.953491433972204,29.72877723895211,24.722210721378545,43.80101835315928
2026-02-20,17.80923809863215,29.57012310689717,24.62998731204744,43.69651819523848
2026-02-23,17.93759456417505,29.711293386158587,24.636496154000696,43.727696778679295
2026-02-24,18.06038739281226,29.846344611172416,24.867702935484527,43.99538693387033
2026-02-25,17.49327283784201,29.22424308837965,24.374754527660247,43.43088818278302
2026-02-26,17.86603912353286,29.634549639762263,24.670967300415825,43.77342596500347
2026-02-27,17.42207347306135,29.15063531805793,24.190275565475197,43.221391674775255
2026-03-02,18.843873743810803,30.71897503714913,25.777415141484283,45.06239476222855
2026-03-03,19.737772304647883,31.703649838468408,26.711071356068604,46.14266394132424
2026-03-04,19.01690652019345,30.913153171830345,25.86215089885546,45.25041455812187
2026-03-05,19.710254312720487,31.67689116300634,26.69263177072294,46.218798796886375
2026-03-06,18.87012250074904,30.75403628726185,26.1370972217269,45.61940939259659
2026-03-09,18.48901517489388,30.507696654606264,26.096123731545795,45.65137318261632
2026-03-10,18.29532873953701,30.294364047238776,26.2107990940589,45.821586378335
2026-03-11,17.930033738791806,29.89201612429984,26.866246948054773,46.61242565620072
2026-03-12,16.789950796181795,28.63629129094189,28.161658416488745,48.11920786941464
2026-03-13,15.287288890696482,26.98554574788241,29.70817891318731,49.90858546149306
2026-03-16,16.530276749068594,28.35555924395141,28.319950081884254,48.30940102040668
2026-03-17,16.97226751798373,28.84386402041812,27.86283233007567,47.80772270889988
2026-03-18,15.593918761751093,27.47051749301994,29.245627863921356,49.41107255240307
2026-03-19,14.111654791162964,25.838035993908548,27.42987252855333,47.36605623262919
2026-03-20,14.717827118100502,26.507527796785023,28.176034989077525,48.26510902685155
2026-03-23,14.592967323674078,26.375735029054525,28.69524870121014,48.90552783636548
2026-03-24,14.729789805102534,26.65403602194225,29.000220116606837,49.29444494796731
2026-03-25,14.032560948514172,25.88434186606616,29.60464213333971,50.04184992714082
2026-03-26,13.33571968735765,25.11507558969608,30.44163655262881,51.01625759511552
2026-03-27,12.80266645596071,24.526620374309992,31.049493915960724,51.74304949904951
2026-03-30,12.26146015793943,24.065498942745165,31.236140188081897,51.9994522653743
2026-03-31,11.641777772413333,23.38065835508345,30.8789213951544,51.605180556427264
2026-04-01,11.11832134056112,22.802161662619568,30.59517594640195,51.32633341358501
2026-04-02,11.706312437358624,23.5932424247963,30.498112787621643,51.32972311891537
2026-04-03,11.190152263586972,23.16672883312194,30.23485113244657,51.11125276445316
2026-04-06,10.750954136383184,22.68022354883121,30.21491096580562,51.19841951999584
2026-04-07,10.29052004066633,22.17019491537593,30.025052163106537,50.98315604943693
2026-04-08,9.086311813331772,20.836678292286702,28.33329984257549,49.10854472444317
2026-04-09,8.6290690973428,20.330183113789914,27.83120899553588,48.54232079848908
2026-04-10,8.723053172257679,20.43429079912922,28.021645923557248,48.79130759815023
2026-04-13,7.939101779631663,19.72801346806754,27.17561132471207,47.87456496153963
2026-04-14,8.43195344980141,20.27469349811184,26.60432253239049,47.30925009541449
2026-04-15,8.627901160013106,20.49204225959365,26.708107939969405,47.48298349873104
2026-04-16,8.399801985739908,20.42120626810357,26.719905554215902,47.54488174826017
2026-04-17,8.252316364062429,20.257364672969125,26.470422438206075,47.334017251274105
2026-04-20,7.817841106451584,19.77470664540164,26.59624908344731,47.544271099003545
2026-04-21,8.316618349172522,20.328797668883716,27.10713407494818,48.17928560263071
2026-04-22,8.47314230695222,20.50267994044144,27.34724656786951,48.46617236020323
2026-04-23,9.006231265598386,21.09488780680657,27.718215557215853,48.91188380870239
2026-04-24,8.47592186609818,20.50576774926689,27.024447528628,48.1582210841256
2026-04-27,8.194672248428825,20.19503683470316,26.82725290348864,47.9612489672665
2026-04-28,8.748757269397167,20.810911079348248,27.40315132850075,48.646189978322816
2026-04-29,9.151623340083905,21.4615089916226,28.157390477782627,49.53035300432769
2026-04-30,11.019342528197162,23.733779293646528,25.657108732250087,46.6323727360342
2026-05-01,11.200837965269985,23.93606040828984,25.864207765102897,46.87804634121457
2026-05-04,11.72016929289863,24.514867906242355,26.46972393401135,47.58718865801072
2026-05-05,11.61221851430414,24.394554116689918,26.353756002476068,47.45185681369748
2026-05-06,11.05412907398251,23.77254975184393,25.651875186892717,46.67045372926406
2026-05-07,11.507766495547925,24.278139780762142,26.098936547907027,47.19401338646987
2026-05-08,10.849165456360188,23.545121097745604,25.292809920442405,46.27751776775468
2026-05-11,10.941730268547657,23.64952678511547,25.38564821074733,46.38663883046592
2026-05-12,11.470342008208531,24.23892266129877,25.991269021457363,47.10201921020642
2026-05-13,11.69181950744913,24.48576971858458,26.28941824049724,47.453958594168185
2026-05-14,12.379785381081176,25.253476835577597,27.10714660520881,48.41526036713473
2026-05-15,13.349698119871787,26.33449814513684,28.18456287459965,49.68765694117086
2026-05-18,12.743144997080648,25.659224196390998,27.62686692717409,49.04067240075192
2026-05-19,13.33840011998715,26.323409713145686,28.31107123840666,49.841879161536
2026-05-20,12.947852723797103,25.888497099793284,27.87834739221553,49.35891445191143
2026-05-21,13.068611850298906,26.02377103044877,28.00719355473113,49.51347759417106
2026-05-22,13.439393771902864,26.43828002802404,28.45527753260373,50.0407868335832
2026-05-25,12.652088040690735,25.707567569268356,27.597654287706707,49.116878322958215
2026-05-26,12.168430949656871,25.16785847457732,28.05382314784697,49.68586052675599
2026-05-27,11.990499769141016,24.96930648777973,28.04951743970572,49.83520690433034
2026-05-28,12.63444876153752,25.68788403818969,28.69113059818136,50.588352887504826
2026-05-29,12.85878419226336,25.9386338586002,28.885895496041904,50.823297009499214
2026-06-01,12.09948817343831,25.093234606716685,28.129556366477047,49.943884301433485
2026-06-02,12.052739689445,25.043579862768414,28.068283903214382,49.876675207181954
2026-06-03,11.053078373888535,23.928022760872047,27.077372312980664,48.729201128436486
2026-06-04,11.13833003983582,24.02315808312172,27.17911746471624,48.86085984640589
2026-06-05,9.665277526139304,22.54891213877739,25.66503576144543,47.09649478044346
2026-06-08,9.586187071856212,22.62546219710457,25.631502016347184,47.07516938706853
2026-06-09,9.532128231371107,22.564971085245933,25.52939289618441,46.97387678334171
2026-06-10,9.364639506270578,22.377553465589276,25.303687204761395,46.72586815644313
2026-06-11,9.86258396479116,22.934746584595555,25.90592168973165,47.43518535684184
2026-06-12,9.529651677568651,22.56219985501337,25.47812167866628,46.95503732667845
2026-06-15,9.717140804603662,22.77239210529805,25.66451553155777,47.176520938738186
2026-06-16,9.897587939718155,22.97521846812023,25.856442341842587,47.40298210901032
2026-06-17,8.061829880291004,20.925753031703632,23.921612011957173,45.14815700698651
2026-06-18,6.991048837640013,19.8635485218726,22.857339360835315,43.98443218845913
2026-06-19,7.017738776402016,19.89344962859696,22.326884109362098,43.46710429479079
2026-06-22,7.297323321529214,20.206672052854845,22.48367065133006,43.68329263668544
2026-06-23,8.215733795447955,21.235579981130304,22.768691021292756,44.07252423453662
2026-06-24,8.687529137582395,21.76413881384296,22.916339151576224,44.27819103088835
2026-06-25,8.435983055811658,21.48288839718706,22.782415007725465,44.12613619359671
2026-06-26,8.359192203755516,21.520837141718463,22.571114116700763,43.94257872497227
2026-06-29,8.53337509993124,21.716176834905188,22.26095348911379,43.578871339435565
2026-06-30,8.620548586663833,21.81393868481256,22.156833519556795,43.4640998154471
2026-07-01,8.27340643363419,21.424631564803608,21.633951433601805,42.85997970633577
2026-07-02,9.33685632831327,22.61783371555484,22.84911117088104,44.30733470936872
2026-07-03,9.323469821996122,22.6037859998665,22.779905728072823,44.235557965428015
2026-07-06,9.313730061998516,22.593411940644398,22.585329976529867,44.0150985843768
2026-07-07,8.778882708954505,22.128767753470196,22.005131261942257,43.44514049468031
2026-07-08,8.580768854760134,21.906340382595403,21.68594748917112,43.13656723835737
2026-07-09,8.07317217579917,21.47714144370312,21.11703416805679,42.63742016070437
2026-07-10,8.123792556412536,21.53404010793128,21.19928508983844,42.78122124435839
2026-07-13,7.282372336293075,20.733417521072276,20.860782059145567,42.53734117327765
2026-07-14,5.861276811747107,19.28169045987353,19.39371175768121,40.97935310593628
2026-07-15,6.723812563533471,20.254975688981425,20.225748599198788,41.96252415083348
2026-07-16,6.291691058733018,19.76806691195914,19.74504585606816,41.396173869381656
2026-07-17,6.365346551018858,19.85106094320141,19.86800880143056,41.54136977187313
2026-07-20,5.888877204055287,19.314760416493076,19.3107784108522,40.89033891391105
2026-07-21,5.375187764894918,18.737188620412336,18.75108831783976,40.23422420542475
2026-07-22,5.374597960662242,18.87776513168753,18.771767366756407,40.43269012354451
2026-07-23,6.062840852391527,19.654202512422223,19.541584517932154,41.34803913502596
2026-07-24,6.003857062689821,19.58766027895762,19.46608337622637,41.26110302154191
2026-07-27,6.203943187211247,19.96420490413431,19.706673635524965,41.72842233621863
2026-07-28,6.167208048893458,20.075250575821517,19.676689613524868,41.87063906570248
2026-07-29,5.078884195692757,18.84552390897727,18.35311007883631,40.31442808764956
2026-07-30,2.8585199098607017,16.484088294913988,16.029324112396658,37.72981767181698
2026-07-31,2.8748968669142005,16.644500110747963,16.05673381174,37.92088734040722
2026-08-03,3.369067296522865,17.204814283463833,16.414617268548447,38.37607288676384
2026-08-04,3.0193043978511858,16.957209509136817,16.031983183264597,38.037009920501006
2026-08-05,3.456881609555573,17.45398834029732,16.425696967194803,38.51438982755426
2026-08-06,2.9904360949527087,16.92443549488769,15.812311285448,37.7930283468952
2026-08-07,3.841371852286968,17.890497848259933,16.736382082639256,38.90376916995506
2026-08-10,3.605826796743039,17.62360218720158,16.361412626364856,38.46819948024884
2026-08-11,3.635200673295991,17.66020207831833,16.362919900596683,38.48705981899758
2026-08-12,3.247152830644984,17.21963953503436,15.95990414241031,38.02543822224893
2026-08-13,3.2212344154974426,17.191917039796255,15.925583235581907,37.98458653096641
2026-08-14,4.07010929724474,18.15568457544161,16.80272166347421,39.02863202916489
2026-08-17,4.290643080253198,18.40606694055427,17.00643660245611,39.27111104752336
2026-08-18,3.9626070608991695,18.03385144473846,16.671860137124405,38.8766775734936
2026-08-19,5.848918241681367,20.182563664634117,18.817452526581118,41.4502821883965
2026-08-20,5.7179735448848135,20.034392403573563,18.40062713609165,40.956460956318175
2026-08-21,6.067089007014936,20.57617330414745,18.758041418778948,41.45253777127216
2026-08-24,6.548919475509862,21.271272458857982,18.635251928113128,41.35098338891447
2026-08-25,6.638581615584105,21.521125357876294,18.495208406993303,41.25913306196707
2026-08-26,7.316200214634416,22.29331281078957,19.161357419969093,42.09209915985988
2026-08-27,7.073351164888631,22.01657160352573,18.771690348877755,41.68129287835591
2026-08-28,8.177776407378111,23.27643295173236,19.45563463833746,42.55069129808198
2026-08-31,7.710258706111017,22.74366257626299,18.94947085271852,41.94786864033824
2026-09-01,8.288140789170795,23.40244087817698,19.599613589853647,42.72481659062974
2026-09-02,8.109921887531058,23.200944570429805,19.470283577931543,42.57760402317719
2026-09-03,6.87182966369384,21.9319191668651,18.574241469665644,41.598365088603416
2026-09-04,6.401821170844979,21.537343378281548,18.258654075320145,41.32440678177049
2026-09-07,6.023340882558803,21.105024755788328,17.96519553928475,40.97556240684872
2026-09-08,5.878969493518182,20.94011672234728,17.808331983221095,40.79121542225064
2026-09-09,5.886054696352039,20.948209786171248,17.835340850659186,40.84736703208047
2026-09-10,6.825810823507972,22.02248725565137,19.035370684460556,42.30658306418942
2026-09-11,6.969988686411677,22.18717537084649,19.18801882305976,42.49222604674205
2026-09-14,7.763336127668818,23.09403130050274,20.042362190728213,43.54004161662181
2026-09-15,8.108298001955184,23.48806835685908,20.48521120443654,44.084477940630464
2026-09-16,9.714140551139415,25.326482504551077,22.268051553343216,46.2257813473092
2026-09-17,9.51065946087315,25.09404601850509,22.013347760851065,45.922197412321374
2026-09-18,9.377336153958147,24.941750781012484,21.88056552984092,45.76693341941345
2026-09-21,9.79737404015657,25.421560134040757,22.333709356479424,46.33393669497674
2026-09-22,9.965197851216455,25.61326530362955,22.379116192067382,46.39772587129861
2026-09-23,11.377798433630604,27.22791468677217,23.855648093992563,48.18769222305765
2026-09-24,11.81123565925879,27.72441375532804,24.4358482951756,48.885388792731945
