strategy,period,n_days,cum_return,ann_mean,ann_vol,sharpe,sortino,max_drawdown,max_dd_duration_days,calmar,hit_rate,skew,excess_kurtosis,sharpe_t,sharpe_ci90_low,sharpe_ci90_high,turnover_ann,avg_holding_days,avg_gross,cost_drag_ann
base_carry,in-sample,523,0.2121054571069909,0.0979886313326419,0.10286831671596,0.9525637675515594,1.3594263679261351,-0.1399922167198434,450,0.6999577092827935,0.5525812619502868,-0.3083165232534714,1.5671098987364158,1.3722859989361615,-0.0350588755304275,2.0765804409715543,8.003911185121925,67.78216057821959,2.1528666396973897,0.0043821529275976
base_carry,out-of-sample,191,0.1739603722440637,0.2174099466813447,0.1072286495985996,2.027535994300017,3.148880187030791,-0.0507021365717157,63,4.287983926946132,0.5392670157068062,-0.076612361792093,0.7634323697932266,1.7651636932981778,0.5530879825143404,3.7490528061901736,2.840453470045022,183.13263449637088,2.0642052664035844,0.0015225721730365
base_carry,full,714,0.4229637736243818,0.1299346694721408,0.1040301595360069,1.2490096146316858,1.822850077368432,-0.1399922167198434,450,0.9281563826664022,0.5490196078431373,-0.2367161811010325,1.3252284523707516,2.102396461839071,0.3274424337162381,2.314171458006978,6.6226500876713805,81.01674804887917,2.1291491014633324,0.0036171950506772
pm_timed,in-sample,523,0.1827983773747235,0.0845052453270512,0.0849323957413304,0.99497070098458,1.4491664107487887,-0.080051319259263,380,1.0556383843389676,0.4894837476099426,-0.1021543655299274,2.121521897638193,1.433378434939195,-0.0963598959461177,2.101869256683475,22.17902289646112,19.28822856754657,1.6975954882213924,0.0140435294128311
pm_timed,out-of-sample,191,0.1597944976692027,0.2004624109456114,0.0982547121194116,2.040232031843766,3.1762478638751923,-0.050702136571716,63,3.953727091205824,0.5392670157068062,-0.0427498813573256,1.3522332931184913,1.776216806329946,0.4329183864911321,3.632422100485801,19.976281720357004,23.430196361999563,1.857334140042012,0.0114162073888476
pm_timed,full,714,0.3718030499312657,0.1155245991549854,0.0886803359818859,1.3027081807468874,1.937198184441424,-0.080051319259263,380,1.4431317337923537,0.5028011204481793,-0.0660960589761687,1.8808357407154863,2.192784617449645,0.4182017752393583,2.2657256348743906,21.58977420649489,20.31342816502564,1.740326696201418,0.0133407023728019
vix_timed,in-sample,523,0.1699422536702397,0.0799858848322582,0.0932918846230534,0.8573723765517419,1.218115693886899,-0.1164797364126887,426,0.686693559718126,0.5468451242829828,-0.3532561300519659,2.2230367072407504,1.2351510190659172,-0.158062747395916,2.0861212599695373,25.14998063690297,19.147223333107437,1.910921809833765,0.0155680792156009
vix_timed,out-of-sample,191,0.1384547787773862,0.17568066107373,0.0955254404449186,1.8390981528635828,2.82527740906367,-0.0507021365717157,63,3.4649557780516447,0.5392670157068062,-0.0716345313802515,1.9676968581710232,1.6011105583194785,0.3020346318738168,3.549264843146823,22.35777737721461,19.59174920285898,1.7382062186815197,0.0128275318010261
vix_timed,full,714,0.3319263495844702,0.1055849076083382,0.0938652392299522,1.1248563203432,1.6306413912442743,-0.1164797364126887,426,0.9064658872016158,0.5448179271708683,-0.2719146180372211,2.139079131900101,1.893415327042324,0.1476770942666596,2.1915523512144373,24.403046711692223,19.25617070843735,1.864719179707604,0.0148349635906936
pm_timed_level_misspecified,in-sample,523,0.1439450177368997,0.0667453549269824,0.0623312706531943,1.0708165296091534,1.58600542282175,-0.0540772099021839,49,1.2342603297713213,0.4053537284894837,0.0113641513348833,4.541894580234812,1.542643737950607,0.0904723431916545,2.120746880807519,16.769533076558496,16.52222942399959,1.0994844159692427,0.0100571018403163
pm_timed_level_misspecified,out-of-sample,191,0.1597944976692027,0.2004624109456114,0.0982547121194116,2.040232031843766,3.1762478638751923,-0.050702136571716,63,3.953727091205824,0.5392670157068062,-0.0427498813573256,1.3522332931184913,1.776216806329946,0.4329183864911321,3.632422100485801,19.976281720357004,23.430196361999563,1.857334140042012,0.0114162073888476
pm_timed_level_misspecified,full,714,0.3267411372073565,0.1025156038059154,0.0736948371412755,1.391082574880918,2.1089845392495,-0.0540772099021839,120,1.8957265730119588,0.4411764705882353,0.0495102789299616,3.4445820912466028,2.341540889113212,0.5982420965560642,2.280079836831008,17.627360794997593,18.616403437943323,1.3022145242296053,0.0104206720920943
pm_timed_prob_index_D12,in-sample,523,0.1241504677587028,0.0596341992385794,0.0805784028902988,0.7400767091371456,1.0717386851119757,-0.0934795856212389,452,0.6379382069600268,0.4665391969407266,-0.0138616481897538,2.542895838906852,1.0661720933372407,-0.3474663465613382,1.7904569015809757,23.474927379931216,16.21508116162482,1.510507352098545,0.0150192015030619
pm_timed_prob_index_D12,out-of-sample,191,0.1426673628076773,0.1805858472480181,0.0958336537995566,1.884367756923128,2.9092470407309707,-0.0507021365717155,63,3.5617009352769364,0.5445026178010471,-0.0498624275319082,1.5636190034105013,1.6405220714667357,0.2377994429414558,3.4818834246817523,27.371918745120603,16.356551604636675,1.7766277836209805,0.0156418129038165
pm_timed_prob_index_D12,full,714,0.2845300503928518,0.0919896120814405,0.084925358982211,1.0831819044851982,1.6016775969623591,-0.0934795856212389,452,0.9840609740629844,0.4873949579831932,-0.0080396211576456,2.230350092140526,1.8232668322487835,0.2186558367403618,2.053631955626569,24.51739985997488,16.25733164685026,1.5816964311192527,0.0151857544127876
base_carry__coarse12,in-sample,523,0.0408327833606201,0.0248737562174063,0.1057692892798239,0.2351699286888477,0.3254667789505036,-0.1928667310109675,632,0.1289686203889246,0.5181644359464627,-0.2658997668494643,1.6647008749379073,0.338791387520472,-0.7994109862218238,1.4224963867453893,10.257554935865796,57.31434821312739,2.3329566484503803,0.0088745041088732
base_carry__coarse12,out-of-sample,191,0.1044469358320518,0.1371547228494734,0.1102355161886843,1.244197220564676,1.8133254020686125,-0.0689221500382233,142,1.9899948387188904,0.5445026178010471,-0.2422647809459883,1.0388467842340816,1.0831924894144664,-0.3698621851975991,3.706161015708318,17.510742322838013,46.51820911720182,3.232414179250853,0.0120023681324155
base_carry__coarse12,full,714,0.1495445782961815,0.0549097010727631,0.1069502167036611,0.5134136495011277,0.7204584899073575,-0.1928667310109675,795,0.2847028141397837,0.5252100840336135,-0.2550730332714859,1.4622429188910455,0.8642039480931893,-0.4682511101399211,1.603790874206385,12.197833354509624,53.16838458028136,2.573567836661711,0.0097112296389805
pm_timed__coarse12,in-sample,523,0.060007870833276,0.0322160589114818,0.0909780055197183,0.354108212500871,0.4934020603442032,-0.1249663776636915,537,0.2577978134101111,0.4627151051625239,-0.2807202992570375,3.635546679809582,0.5101367054641348,-0.650620103340282,1.4391520746427018,25.147372228213968,18.727813557314665,1.86887023232692,0.0206036683277693
pm_timed__coarse12,out-of-sample,191,0.1329534120242255,0.1698299078120974,0.1011150700119502,1.679570689038005,2.594977417577874,-0.0529911024639999,77,3.204875911526337,0.5392670157068062,0.026138935796111,0.9243669253445744,1.4622266677150777,0.0171380433940174,3.9521941558125775,43.31814290376492,17.072269972658788,2.9346786919336827,0.0306246019023197
pm_timed__coarse12,full,714,0.2009395340330941,0.0690287271748117,0.0938031974396878,0.7358888509018552,1.056545006692449,-0.1249663776636915,692,0.5523783954159355,0.4831932773109244,-0.1667428028597396,2.7125856616708437,1.2386855139614803,-0.1969479924185107,1.7929804919887644,30.00818063021709,18.088511740706856,2.1539814589164044,0.0232843382335664
base_carry__previous,in-sample,523,0.3567537272019974,0.1524857820750018,0.1043362865247595,1.461483700005139,2.125257050655042,-0.1046067857840964,183,1.457704497198924,0.5812619502868069,-0.3153320165955947,2.0030863496727265,2.1054481468947053,0.3445025678034319,2.720672658330712,17.98578587167657,53.82083063718562,3.8413092669690103,0.0183511111533831
base_carry__previous,out-of-sample,191,0.4001500361766148,0.4508946115729466,0.1137811624626253,3.962823035149212,6.82712254400114,-0.0607540924187273,43,7.421633566102937,0.6178010471204188,-0.046246623928404,1.7020743854798983,3.4500158637262714,1.6814299434667708,6.360688629426118,28.591158900498183,47.675644326590735,5.409134613592026,0.0209015916701027
base_carry__previous,full,714,0.8996587802246327,0.2323122336633876,0.1071872343857733,2.1673498247681424,3.3060570674874787,-0.1046067857840964,183,2.220814184491524,0.5910364145658263,-0.208700185170052,1.919277570350664,3.648193376400673,0.996070673974516,3.394307057114204,20.82279742420448,51.5636677805158,4.260713526359762,0.0190333825521134
pm_timed__previous,in-sample,523,0.1446716501115259,0.0689065058207889,0.0871267606685026,0.7908764803383705,1.1112407495012917,-0.1291071515390636,489,0.5337156385170506,0.497131931166348,-0.4349832923646572,2.317164767402122,1.1393554508648809,-0.3483040210483675,2.0950000747157898,39.545592614636526,19.424280396641382,3.048193172214486,0.0445201027062853
pm_timed__previous,out-of-sample,191,0.3252698711745259,0.376873021708576,0.100740276010413,3.7410362233831935,6.381887353738363,-0.05332392068813,59,7.067616500158588,0.6020942408376964,-0.1002818139273117,0.7180059444729014,3.256929265568546,1.6838998227071618,6.303923653568698,70.24934248247712,17.49287811236339,4.876441212379538,0.0653950045569306
pm_timed__previous,full,714,0.516998850280433,0.1512897054490345,0.0913006366836877,1.6570498404428395,2.470758523050728,-0.1291071515390636,489,1.171815067140252,0.5252100840336135,-0.2733063204761691,1.771285461644836,2.7892305077774253,0.423091633066001,2.9312313164877843,47.75906071653787,18.66431401145584,3.5372623258160623,0.050104285134119
base_carry__primary_cap20,in-sample,523,0.1936449389283541,0.0904289066741788,0.1012710857685046,0.8929390456115982,1.2696770545966731,-0.1480994175585497,443,0.6105959642847929,0.5602294455066922,-0.3358215569842288,1.677835991097426,1.2863892076704349,-0.1036296343741129,1.990566615324436,7.531698578847121,71.43460273257911,2.135015459847122,0.0041072826072482
base_carry__primary_cap20,out-of-sample,191,0.1661321555700525,0.2084940617238536,0.1064510669745094,1.9585906243079656,3.0139576858693338,-0.0493125617153066,63,4.228011169396154,0.5497382198952879,-0.1206961176090328,0.9088185118506736,1.7051401650978837,0.566353526889201,3.788159092715928,1.7963898138850225,282.3423969086583,2.012686531089666,0.0010778143367438
base_carry__primary_cap20,full,714,0.3919477456178057,0.1220121624367669,0.1026597976043442,1.1885096725692723,1.7262490343706451,-0.1480994175585497,443,0.8238530876634309,0.5574229691876751,-0.2671195560246868,1.4408546165657787,2.000559884567411,0.2927022837751162,2.2631186846862392,5.997463320993114,88.33359348192381,2.102291614759343,0.0032968786301245
pm_timed__primary_cap20,in-sample,523,0.1599319424441148,0.0749374190023989,0.0830402076016971,0.9024233099444644,1.3098744301099352,-0.0872777317759287,478,0.8586086906427458,0.4933078393881453,-0.0908541988469851,1.8704045314034583,1.3000524642392373,-0.2156429345754917,1.9872852578582472,21.848023572559494,19.396705579308403,1.6816653997092317,0.0135258562379773
pm_timed__primary_cap20,out-of-sample,191,0.155074293444609,0.1950035192941443,0.0974843893434502,2.000356370978756,3.09862823611975,-0.0493125617153065,63,3.95443904171816,0.5445026178010471,-0.0791266754691258,1.5351827424477866,1.7415012358034223,0.4672767917715232,3.662943729142013,18.501033005505786,24.68866900125407,1.8125630160881316,0.0107906360012743
pm_timed__primary_cap20,full,714,0.3398075688624682,0.1070559416294625,0.0871325627730224,1.2286559493072626,1.820832621186446,-0.0872777317759287,478,1.2266123265475208,0.5070028011204482,-0.0694077520717971,1.8082493819106664,2.068136137929441,0.341650742975714,2.2507899903158446,20.952680157563336,20.64670088931146,1.7166814287405618,0.0127941656704559
base_carry__previous_cap20,in-sample,523,0.3005757317218529,0.1321691129142628,0.1050023498330291,1.25872528685723,1.819115286553894,-0.1046067857840966,213,1.2634850781769884,0.5678776290630975,-0.3182078335164084,1.7579188404512478,1.8133495588447155,0.1725520918459503,2.4690803820285354,18.198836569224945,51.86136197445981,3.745303376311949,0.0183369166157728
base_carry__previous_cap20,out-of-sample,191,0.3557398938193572,0.4082185114289074,0.1130467620651086,3.6110588571638713,6.03178056348998,-0.0589686340760428,46,6.922638074039339,0.612565445026178,-0.1511562569501439,1.163474283922401,3.143771556681569,1.5168627761008964,6.1286594034093085,33.03341119391566,41.115381032078766,5.389608285822137,0.0236001437728417
base_carry__previous_cap20,full,714,0.7632424044286199,0.2060142601359675,0.1074094598625475,1.9180271495602448,2.887045936626986,-0.1046067857840966,213,1.9694158327469404,0.5798319327731093,-0.2494881996486108,1.5648431707451351,3.228520778149372,0.8389356941604975,3.121982351572889,22.167189164905515,47.57761295983123,4.185166454346187,0.0197448667376218
pm_timed__previous_cap20,in-sample,523,0.1210304608101562,0.058915268267227,0.0878947596572368,0.6702932973135011,0.9413127236448644,-0.1354630160566493,490,0.4349177360895995,0.4837476099426386,-0.3965690688393118,2.187108988898752,0.9656404520280932,-0.4572641412784333,1.925196564963985,39.643631234407806,18.85867222783377,2.96677082290004,0.0435289997972806
pm_timed__previous_cap20,out-of-sample,191,0.3037603311885797,0.3555041081160952,0.103232770339752,3.4437137252646277,5.801381069468545,-0.0514298782346099,59,6.912404235031944,0.6073298429319371,-0.028731528138011,0.6765783350705221,2.998081639506648,1.5242193175083885,5.99853473462306,72.30117862606461,16.96183366142359,4.866510180080089,0.0606823228783124
pm_timed__previous_cap20,full,714,0.461555044858337,0.1382548598794592,0.0925437065295834,1.493941242079636,2.2212866139836813,-0.1354630160566493,490,1.020609638734475,0.5168067226890757,-0.2180563949927265,1.6831982132997485,2.514677825334344,0.3382129432098992,2.704877610848768,48.37975385598547,18.10036141412068,3.4749644044426016,0.0481176338427667
base_carry_gross,in-sample,523,0.2231973182687452,0.1023707842602397,0.1027838770131642,0.995980957666428,1.4231578821457702,-0.1391987764303089,449,0.7354287651478925,0.5525812619502868,-0.3124129910239241,1.578571499865388,1.4348338347214007,-0.0002704797222699,2.117314770111009,,,,
base_carry_gross,out-of-sample,191,0.1753140465025207,0.2189325188543812,0.107236963025822,2.0415770148364203,3.1733912270694398,-0.0504598062303532,63,4.338750685148012,0.5392670157068062,-0.0754036391710441,0.761395315574525,1.77738774245804,0.5699758546892589,3.763028776476559,,,,
base_carry_gross,full,714,0.4376409898054707,0.1335518645228182,0.1039687952396658,1.2845379636741805,1.8768610516474729,-0.1391987764303089,449,0.9594327475262118,0.5490196078431373,-0.239159009185625,1.332352094324876,2.1621995846068254,0.3462556360452863,2.3479216097191147,,,,
pm_timed_gross,in-sample,523,0.2177794656601954,0.0985487747398824,0.0848739056015065,1.161119828779661,1.6990265239555702,-0.0798439268429833,336,1.234267634828169,0.4933078393881453,-0.1202235024848141,2.132795892816597,1.6727368165777274,0.0584990151248479,2.274056589644265,,,,
pm_timed_gross,out-of-sample,191,0.1698762946610792,0.2118786183344591,0.0981325487435668,2.1591064437562477,3.385628479472613,-0.050459806230353,63,4.198958223644701,0.5392670157068062,-0.0337332709232619,1.3870851093395435,1.879708333267068,0.5110853818277035,3.7667373732401934,,,,
pm_timed_gross,full,714,0.4246513290008993,0.1288653015277873,0.0886006113192841,1.4544516071497977,2.174480060114335,-0.0798439268429833,336,1.6139649767127149,0.5056022408963585,-0.0748841653806784,1.9030391644854605,2.44820686483634,0.5339662896616084,2.445699795001199,,,,
vix_timed_gross,in-sample,523,0.2083629363226764,0.0955539640478592,0.0932271049040173,1.0249590411097442,1.4649244586590708,-0.1116318772334366,406,0.8559738169415855,0.5544933078393881,-0.3599380871305648,2.220652423548773,1.47658035032474,-0.0014732595517491,2.2620528724519646,,,,
vix_timed_gross,out-of-sample,191,0.1495710389496294,0.1885081928747562,0.0955076963919383,1.973748713414346,3.049371951517156,-0.0504598062303527,63,3.7358088934032447,0.5392670157068062,-0.0777322901590648,1.970804763515373,1.7183367291172558,0.4376829361757832,3.751891356588191,,,,
vix_timed_gross,full,714,0.3890990361366864,0.1204198711990319,0.0938111473119637,1.283641386439741,1.871802973760842,-0.1116318772334366,406,1.0787229793441395,0.5504201680672269,-0.2783567914550917,2.138017081183291,2.160690420239018,0.3021685514200808,2.3521929631361664,,,,
b2_oil_tilt,in-sample,523,0.229966254547844,0.1043863210529625,0.0963298791910072,1.083633883169111,1.5659174180558413,-0.1072412831948348,281,0.9733781426627892,0.491395793499044,-0.2015408550824113,1.2931944581353751,1.561108722062857,0.0249723887371386,2.1324196730316194,23.513631935344986,21.477588953445892,2.00403222821412,0.0162812913453718
b2_oil_tilt,out-of-sample,191,0.1896234911630254,0.2358563699804745,0.1158052099482258,2.0366645860399646,3.2413744231422297,-0.0507021365717158,63,4.651803374141177,0.5392670157068062,0.1276752689897514,1.263188002934302,1.773111004100845,0.5073018726640721,3.4618850785888857,19.276549793732244,28.748458146877542,2.199091606989335,0.0129278975070741
b2_oil_tilt,full,714,0.4631967497479168,0.1395554797996779,0.101886328553736,1.369717427064562,2.041854529405802,-0.1072412831948348,281,1.3013223605888324,0.5042016806722689,-0.0560982705831699,1.4067582346821483,2.305577986466524,0.5349234515736132,2.318301696164501,22.38018279102001,23.15286802141496,2.056211977998526,0.0153842350104771
b2_oil_tilt_gross,in-sample,523,0.2722182699003901,0.1206676123983343,0.0963349027059776,1.25258456705585,1.8238604114725907,-0.1022656815297685,277,1.1799423872534327,0.4952198852772466,-0.2012009170184761,1.2845006999588129,1.8045030919793168,0.1760420975057213,2.2993677671383987,,,,
b2_oil_tilt_gross,out-of-sample,191,0.2013491196614258,0.2487842674875487,0.1155953562006289,2.152199497147232,3.4555557539170034,-0.0504598062303531,63,4.930345280198423,0.5392670157068062,0.1460558489995254,1.2779090463877631,1.8736951766967,0.5786722797701774,3.5609830205509265,,,,
b2_oil_tilt_gross,full,714,0.5283782985620176,0.154939714810155,0.1018229560784263,1.521657991257069,2.286235770690604,-0.1022656815297685,277,1.5150704761602118,0.5070028011204482,-0.0498780412147018,1.4065089588420792,2.5613320661998142,0.6745189071510888,2.466249470618481,,,,
b2_brent_tilt,in-sample,523,0.2278898446177479,0.1035762918156734,0.0963841565054685,1.0746194765920567,1.5561922885689785,-0.0977419340372409,330,1.0596914501017505,0.497131931166348,-0.1547455441159059,1.7773318948264474,1.548122353742124,0.0290530082513809,2.111536343127713,19.35434379283244,25.483013770073857,1.9571706721567168,0.0120823455787706
b2_brent_tilt,out-of-sample,191,0.2102415343985728,0.2587837736416274,0.1178131335888059,2.196561331989016,3.503600003676657,-0.0552436829411048,64,4.684404801857911,0.5235602094240838,0.0513749211178763,1.2708227299594697,1.9123163900566336,0.5158002881071393,3.871305383704037,20.39334518259834,27.812175959399426,2.250727399282522,0.0140640601335302
b2_brent_tilt,full,714,0.4860432896226088,0.1450953800912438,0.1025611184393225,1.4147211175069776,2.1154678351349294,-0.0977419340372409,330,1.4844742077229671,0.5042016806722689,-0.0490000113215807,1.7032204623766134,2.381330485444473,0.5447909385330238,2.4137362038368018,19.632283940514917,26.13023466626122,2.035699152382247,0.0126124680997217
pm_timed_min3events,in-sample,523,0.1074657870521451,0.0535108913468086,0.0930181181184128,0.5752738544837994,0.8087358245446503,-0.1312050440954009,557,0.4078417237366287,0.4818355640535373,-0.3353332372843398,3.177141952609117,0.828753184777655,-0.4892714575114277,1.8416963443443373,23.52257081176769,18.21582184903985,1.7003292037245434,0.0154184100062142
pm_timed_min3events,out-of-sample,191,0.1280296482024214,0.163188214582951,0.0918077252126432,1.7774998150207697,2.730469320758876,-0.0507021365717162,63,3.2185668221718307,0.5392670157068062,-0.017133366141317,2.244302540199712,1.5474833231762684,0.0984956795345478,3.3225548320029152,16.644165434529075,25.316186301141872,1.6720904482839845,0.0093756481569856
pm_timed_min3events,full,714,0.2492542421646495,0.0828503433609588,0.0926821829418867,0.8939187741500146,1.284179590765529,-0.1312050440954009,557,0.6314569987165833,0.4971988795518207,-0.2535810853567914,2.9265012101473,1.504689512337108,-0.1449232261159324,2.008802107852133,21.68254920525148,19.673855272419825,1.6927751388938057,0.0138019288952861
