regressor,coef,se,t,p,horizon,model,n_obs,passes_gate
MONETARY,1.6196472927918049e-06,0.0004659763609484,0.0034758142870062,0.9972272546273128,0,A1+GEO_weekend_gap_london,1278,False
FISCAL_POLITICAL,0.0001248874241679,0.0002131037645674,0.586040441009686,0.5579528004761409,0,A1+GEO_weekend_gap_london,1278,False
SPILL_GLOBAL_GEOPOLITICS,-0.0001759128346049,0.0002823420886205,-0.6230485701383249,0.5333648229345644,0,A1+GEO_weekend_gap_london,1278,False
MONETARY,0.0004636777870437,0.0003656062616733,1.26824356049487,0.2049452641310079,0,A1+GEO_weekend_gap_ny,1272,False
FISCAL_POLITICAL,-0.0001382312296222,0.000216632653666,-0.6380904599697127,0.5235307435525924,0,A1+GEO_weekend_gap_ny,1272,False
SPILL_GLOBAL_GEOPOLITICS,0.0001254711867096,0.0001705707355275,0.7355962106958895,0.4621133725685862,0,A1+GEO_weekend_gap_ny,1272,False
MONETARY,1.1934209991965942e-05,0.0004706608213445,0.0253562851436693,0.9797747721624992,0,A1_weekend_gap_london,1278,False
FISCAL_POLITICAL,0.0001140259936783,0.0002179614673865,0.5231474858631396,0.6009630980656095,0,A1_weekend_gap_london,1278,False
MONETARY,0.0004563005450285,0.0003625832556664,1.2584710901497276,0.2084543845598883,0,A1_weekend_gap_ny,1272,False
FISCAL_POLITICAL,-0.0001304786486469,0.0002189182872877,-0.5960152998798142,0.5512719703561009,0,A1_weekend_gap_ny,1272,False
MONETARY,1.1713797124699568e-05,0.0004717152026587,0.0248323502373408,0.9801926068502322,0,A1+S_weekend_gap_london,1278,False
FISCAL_POLITICAL,0.0001230416440465,0.0002138783236736,0.5752880513234457,0.5651988914412698,0,A1+S_weekend_gap_london,1278,False
SPILL_GLOBAL_GEOPOLITICS,-0.0001754751799142,0.0002830593590111,-0.6199236108188451,0.5354198161187269,0,A1+S_weekend_gap_london,1278,False
SPILL_GLOBAL_GEO_OIL,-1.0503192802149963e-05,0.0001826965516441,-0.057489825109611,0.9541640975822718,0,A1+S_weekend_gap_london,1278,False
SPILL_CN_TRADE_TARIFFS,0.0004415511415305,0.0003197039300934,1.3811251597736771,0.1674845946583383,0,A1+S_weekend_gap_london,1278,False
MONETARY,0.0004784556382842,0.0003728234861877,1.2833301978279357,0.1996127709044211,0,A1+S_weekend_gap_ny,1272,False
FISCAL_POLITICAL,-0.0001426192049558,0.0002170311787115,-0.6571369413488273,0.5112130700854678,0,A1+S_weekend_gap_ny,1272,False
SPILL_GLOBAL_GEOPOLITICS,0.0001263518047836,0.000171407219327,0.7371440087513147,0.4611722346107161,0,A1+S_weekend_gap_ny,1272,False
SPILL_GLOBAL_GEO_OIL,4.285493963000043e-05,0.0001534712333457,0.2792376049617837,0.7801083854054172,0,A1+S_weekend_gap_ny,1272,False
SPILL_CN_TRADE_TARIFFS,0.0004748624450946,0.0001372246544541,3.460474701020244,0.0005572806774529,0,A1+S_weekend_gap_ny,1272,True
MONETARY,-3.1066627804166605e-06,0.0004499780203098,-0.0069040322864609,0.9944925107117616,0,A2_weekend_gap_london,1278,False
INFLATION,-0.0002398003761267,0.0001595435096242,-1.503040623159953,0.1330779634057184,0,A2_weekend_gap_london,1278,False
FISCAL_POLITICAL,7.983161822422371e-05,0.0001976218335859,0.4039615298351362,0.6863092348548827,0,A2_weekend_gap_london,1278,False
MONETARY,0.0004148974275044,0.0003464531836246,1.197556977724212,0.2313147698834996,0,A2_weekend_gap_ny,1272,False
INFLATION,-0.0001445520881684,8.226909657346443e-05,-1.7570642463466943,0.0791497149138729,0,A2_weekend_gap_ny,1272,False
FISCAL_POLITICAL,-0.0001379491951261,0.0001926231633435,-0.7161609888014838,0.4740246536135764,0,A2_weekend_gap_ny,1272,False
MONETARY,7.04079807276169e-05,0.0004567871760788,0.1541373847926483,0.8775260759200312,0,A2+S_weekend_gap_london,1278,False
INFLATION,-0.000173458348867,0.0001591401691819,-1.089972128085065,0.275933662556215,0,A2+S_weekend_gap_london,1278,False
FISCAL_POLITICAL,7.20457764949214e-05,0.0002006430648123,0.3590743421025604,0.7195995889986162,0,A2+S_weekend_gap_london,1278,False
TRADE_TARIFFS,-0.0005021931801698,0.0005089634279473,-0.986697968054958,0.3239800080836292,0,A2+S_weekend_gap_london,1278,False
GEOPOLITICS,0.0006007075544393,0.0004921999335021,1.2204543591974033,0.2225208545903767,0,A2+S_weekend_gap_london,1278,False
SPILL_GLOBAL_GEOPOLITICS,-0.0001358438670824,0.0002888978599172,-0.4702141688462333,0.6382833231266769,0,A2+S_weekend_gap_london,1278,False
SPILL_GLOBAL_GEO_OIL,1.977190592471576e-05,0.0001947359274692,0.1015318856754925,0.9191443885675684,0,A2+S_weekend_gap_london,1278,False
SPILL_CN_TRADE_TARIFFS,0.0001935898404534,0.0003473234976879,0.5573761687364892,0.5773693654667484,0,A2+S_weekend_gap_london,1278,False
MONETARY,0.0004979411568521,0.0003574331053472,1.393103071324141,0.1638353227572413,0,A2+S_weekend_gap_ny,1272,False
INFLATION,-8.791916707219672e-05,9.830752954146902e-05,-0.894327906339156,0.3713179493025755,0,A2+S_weekend_gap_ny,1272,False
FISCAL_POLITICAL,-0.0001616642755174,0.0001977743446787,-0.8174178292945279,0.4138448414349847,0,A2+S_weekend_gap_ny,1272,False
TRADE_TARIFFS,-0.0004428682909497,0.0004341966561977,-1.0199716755718813,0.307938471047823,0,A2+S_weekend_gap_ny,1272,False
GEOPOLITICS,0.0005499534992257,0.0003398945066023,1.618012320126022,0.1059112225607998,0,A2+S_weekend_gap_ny,1272,False
SPILL_GLOBAL_GEOPOLITICS,0.0001543372129867,0.0001788171202562,0.8631008751601469,0.3882469139341791,0,A2+S_weekend_gap_ny,1272,False
SPILL_GLOBAL_GEO_OIL,6.577638513811374e-05,0.0001642562498068,0.4004498167677509,0.6888933947415095,0,A2+S_weekend_gap_ny,1272,False
SPILL_CN_TRADE_TARIFFS,0.0002617747845786,0.0002426078059784,1.0790039649504368,0.2807932903854615,0,A2+S_weekend_gap_ny,1272,False
